Prd_Nr,Swissmedic_Nr,Swissmedic_Nm,Abgabekategorie
1422633,51681,,D
1482248,13749,,D
1542659,55548,,D
1545400,53532,,D
1557474,68271,,B
1558021,68559,,D
1605224,67141,,A
1605225,67141,,A
1605226,67141,,A
1617600,0,,
1617601,0,,
1623359,54878,,D
1623579,49826,,D
1632595,67680,,A
1640043,69904,,D
19728,26293,1001 Blattgrün Dragées,E
43229,53662,"3TC 150 mg, Filmtabletten",A
118547,53662,"3TC 300 mg, Filmtabletten",A
69712,53663,"3TC, Lösung oral",A
1220170,57051,"A. Vogel Atrosan, Filmtabletten",D
1019358,39541,"A. Vogel Entspannungs-Tropfen, Tropfen zum Einnehmen",D
1221795,55877,"A. Vogel Husten Sirup, Sirup",E
121231,54831,"A. Vogel Prostamed, Prostata-Kapseln",D
1073694,53272,"A. Vogel Stirnhöhlen-Tabletten, Tabletten",D
1220171,56199,"A.Vogel AtroGel, Gel",D
1129642,58336,"A.Vogel Halsschmerz Spray, Spray zur Anwendung in der Mundhöhle",D
1552613,69008,"A.Vogel Halsschmerztabletten, Lutschtabletten",D
1510855,68895,"A.Vogel Po-Ho Öl neo, Flüssigkeit zur Anwendung auf der Haut",D
1379264,56157,"A.Vogel Stirnhöhlen-Spray, Nasenspray",D
1393263,67064,"Abacavir-Lamivudin-Mepha 600 mg/300 mg, Filmtabletten",A
1346789,65069,"Abasaglar KwikPen 100 U/ml, solution injectable",B
1407807,57831,"Abilify 1 mg/ml, Sirup",B
1042362,57348,"Abilify 10 mg, Schmelztabletten",B
1003841,56209,"Abilify 10 mg, Tabletten",B
1042361,57348,"Abilify 15 mg, Schmelztabletten",B
1003843,56209,"Abilify 15 mg, Tabletten",B
1007736,56209,"Abilify 30 mg, Tabletten",B
1027436,56209,"Abilify 5 mg, Tabletten",B
1084294,57813,"Abilify 7,5 mg / ml, Injektionslösung i.m.",B
1632902,69793,"Abilify Asimtufii 720 mg, Depot-Injektionssuspension in einer Fertigspritze",B
1632903,69793,"Abilify Asimtufii 960 mg, Depot-Injektionssuspension in einer Fertigspritze",B
1311053,63177,"Abilify Maintena 300 mg, Depot-Injektionssuspension",B
1317551,65774,"Abilify Maintena 400 mg, Depot-Injektionssuspension in einer Fertigspritze",B
1488370,67950,"Abirateron Accord 500 mg, Filmtabletten",B
1558628,68981,"Abirateron Devatis 500 mg, Filmtabletten",B
1445361,67818,"Abirateron Sandoz 1000 mg, Filmtabletten",B
1442957,67818,"Abirateron Sandoz 500 mg, Filmtabletten",B
1484797,68141,"Abirateron Spirig HC 500 mg, Filmtabletten",B
1510894,68890,"Abirateron Viatris 1000 mg, Filmtabletten",B
1510893,68890,"Abirateron Viatris 500 mg, Filmtabletten",B
1507705,68334,"Abirateron Zentiva 500 mg, Filmtabletten",B
1521612,68315,"abnobaVISCUM Fraxini 0,02 mg, anthroposophisches Arzneimittel",A
1521611,68315,"abnobaVISCUM Fraxini 0,2 mg, anthroposophisches Arzneimittel",A
1521610,68315,"abnobaVISCUM Fraxini 2 mg, anthroposophisches Arzneimittel",A
1521609,68315,"abnobaVISCUM Fraxini 20 mg, anthroposophisches Arzneimittel",A
1521614,68315,"abnobaVISCUM Fraxini D10, anthroposophisches Arzneimittel",A
1521615,68315,"abnobaVISCUM Fraxini D20, anthroposophisches Arzneimittel",A
1521616,68315,"abnobaVISCUM Fraxini D30, anthroposophisches Arzneimittel",A
1521613,68315,"abnobaVISCUM Fraxini D6, anthroposophisches Arzneimittel",A
1272660,63182,"Abraxane 100 mg, Pulver zur Herstellung einer Infusionsdispersion",A
1455317,67831,"Abrilada 40 mg / 0.8 ml, Injektionslösung im Fertigpen",B
1455318,67832,"Abrilada 40 mg / 0.8 ml, Injektionslösung in einer Fertigspritze",B
1617123,69691,"Abrysvo, Pulver und Lösungsmittel zur Herstellung einer Injektionslösung",B
1177777,60657,"Acalypha indica / Arnica montana comp., Tropfen zum Einnehmen",D
1330870,65823,"Acarizax, Lyophilisat zum Einnehmen",A
1189593,53985,"ACC Sandoz 600, Brausetabletten mit Brombeeraroma",D
1495973,66715,"Accofil 300mcg/0.5ml, Fertigspritzen",A
1495974,66715,"Accofil 480mcg/0.5ml, Fertigspritzen",A
1001139,54637,"Accupaque 300 mg I/ml, Injektionslösung",B
1025276,54637,"Accupaque 350 mg I/ml, Injektionslösung",B
1544665,68957,"Aceduo Leman, Gel",B
59,49493,"Acetalgin 125 mg, Suppositorien",D
60,49493,"Acetalgin 250 mg, Suppositorien",D
61,49493,"Acetalgin 500 mg, Suppositorien",D
62,34186,"Acetalgin, Tabletten",B/D
67,45209,"Acetocaustin, Lösung",B
1435647,52132,"Acetylcystein Zentiva 200 mg, Brausetabletten",D
1435648,52132,"Acetylcystein Zentiva 600 mg, Brausetabletten",D
1381848,66960,"Acetylfelan 600, Brausetabletten",D
1143142,60325,"Aciclovir Labatec, poudre pour solution pour perfusion",A
1207144,61876,"Acicutan  25 mg, Kapseln",A
1207143,61876,"Acicutan 10 mg, Kapseln",A
1613493,47256,"Acide acetylsalicylique Panpharma Inj 0,5 g, Poudre et solvant pour solution injectable",B
1613494,47256,"Acide acetylsalicylique Panpharma Inj 0,5 g, Poudre pour solution injectable",B
1164703,61354,"Acido-X, magensaftresistente Tabletten",D
1182546,60658,"Acidum arsenicosum / Lytta vesicatoria comp., Tropfen",D
29795,55746,"Acidum Folicum Hänseler 5 mg, Tabletten",B
61216,36752,"Acidum folicum Streuli 5 mg, Tabletten",B
1173163,60507,"Acidum phosphoricum / Kreosotum comp., Tropfen zum Einnehmen",D
1177778,60510,Acidum silicicum / Causticum hahnemanni comp. Tropfen zum Einnehmen,D
115,48799,"Acimethin, Filmtabletten",B
1540176,68800,"AciVision 30 mg/g, Augensalbe",A
1054836,57363,"Aclasta, Infusionslösung",B
1266432,62513,"Acnatac, Gel",A
1456314,47033,"Acne Crème plus Widmer, Crème",D
22985,30097,"Acne Lotion Widmer, Lösung",D
1324809,60416,"Aconitum/China comp. 1g, Suppositoria",D
1401648,66931,"Actemra 162 mg/0.9 ml, Injektionslösung in einem Fertigpen zur subkutanen Anwendung",A
1274096,63166,"Actemra 162 mg/0.9 ml, Injektionslösung zur subkutanen Anwendung",A
1110448,58868,"Actemra 200 mg/10 ml, Konzentrat zur Herstellung einer Infusionslösung",A
1110449,58868,"Actemra 400 mg/20 ml, Konzentrat zur Herstellung einer Infusionslösung",A
1110447,58868,"Actemra 80 mg/4 ml, Konzentrat zur Herstellung einer Infusionslösung",A
1179152,61467,"Actikerall, Lösung",A
1005494,48313,"Actilyse 10mg, Pulver und Lösungsmittel zur Herstellung einer Injektions-/Infusionslösung",B
1005495,48313,"Actilyse 20mg, Pulver und Lösungsmittel zur Herstellung einer Injektions-/Infusionslösung",B
118090,48313,"Actilyse 50mg, Pulver und Lösungsmittel zur Herstellung einer Injektions-/Infusionslösung",B
1307905,58665,"Actilyse Cathflo 2mg, Pulver zur Herstellung einer Injektionslösung",B
1017738,57002,"Actiq 1200 Mikrogramm, Buccaltabletten",A
1017739,57002,"Actiq 1600 Mikrogramm, Buccaltabletten",A
1017734,57002,"Actiq 200 Mikrogramm, Buccaltabletten",A
1017735,57002,"Actiq 400 Mikrogramm, Buccaltabletten",A
1017736,57002,"Actiq 600 Mikrogramm, Buccaltabletten",A
1017737,57002,"Actiq 800 Mikrogramm, Buccaltabletten",A
71059,54708,"Activelle, Filmtabletten",B
1307115,55495,"Activital forte, Brausepulver",D
111809,55214,"Actonel 35 mg Wochentabletten, Filmtabletten",B
1612256,69144,"Actonel 35 mg, magensaftresistente Tabletten",B
90806,55378,"Actos 15 mg, Tabletten",B
90807,55378,"Actos 30 mg, Tabletten",B
90808,55378,"Actos 45 mg, Tabletten",B
50143,53181,"Acular, Augentropfen",B
1436656,55691,"Acyclovir Zentiva, Crème",B
56894,53668,"Acyclovir-Mepha 200, Tabletten",A
56895,53668,"Acyclovir-Mepha 400, Tabletten",A
56896,53668,"Acyclovir-Mepha 800, Tabletten",A
1512802,68317,"Adacel 0.5 ml, suspension injectable en seringue préremplie",B
1543671,68317,"Adacel 0.5 ml, suspension injectable en seringue préremplie",B
1512801,68110,"Adacel-Polio 0.5 ml, suspension injectable en seringue préremplie",B
1543672,68110,"Adacel-Polio 0.5 ml, suspension injectable en seringue préremplie",B
1014717,56907,"Adartrel 0,25 mg, Filmtabletten",B
1014716,56907,"Adartrel 0,5 mg, Filmtabletten",B
1014718,56907,"Adartrel 2,0 mg, Filmtabletten",B
1233278,62132,"Adcetris, Pulver für ein Konzentrat zur Herstellung einer Infusionslösung",A
1196313,62169,"Adcirca, comprimés pelliculés",B
1291987,65153,Addaven. Infusionskonzentrat,B
1255070,62903,"Adempas 0.5 mg, Filmtabletten",B
1255071,62903,"Adempas 1 mg, Filmtabletten",B
1255072,62903,"Adempas 1.5 mg, Filmtabletten",B
1255073,62903,"Adempas 2 mg, Filmtabletten",B
1255074,62903,"Adempas 2.5 mg, Filmtabletten",B
1327720,65851,"Adenuric 80 mg, Filmtabletten",B
1454752,67523,"Adler Allergie D6/D12, Tabletten",D
1366699,65111,"Adler Calmin, Tabletten",D
1509090,68333,"Adler Euclim, Tabletten",D
1367470,65112,"Adler Ferruplex, Tabletten",D
1547416,68893,"Adler Gelenkscomplex, Tabletten",D
1541896,68745,"Adler Juvebene, Tabletten",D
1367471,65114,"Adler Vita, Tabletten",D
1154531,60613,"Adonis vernalis / Crataegus comp., Tropfen zum Einnehmen",D
1257684,60299,"Adonis/Scilla comp., Solutio ad injectionem",B
1523897,66396,"Adrenalin Aguettant 0,1 mg/ml, solution injectable en seringue préremplie",B
1523876,66396,"Adrenalin Aguettant 1 mg/ml, solution injectable en seringue préremplie",B
29587,56514,"Adrenalin Amino 0,5mg/ml, Injektionslösung",B
29588,56514,"Adrenalin Amino 1mg/ml, Injektionslösung",B
1005575,56472,"Adrenalin Bichsel 0,1 mg/ml, Injektionslösung (i.v.)",B
1130724,56472,"Adrenalin Bichsel 0,5 mg/ml, Injektionslösung (s.c.)",B
1146446,56551,"Adrenalin Sintetica 1.0 mg/ml, soluzione iniettabile / concentrato per soluzione iniettabile/per infusione",B
257,50357,"Adriblastin RD 10 mg, Pulver und Lösungsmittel zur Herstellung einer Injektionslösung",A
258,50357,"Adriblastin RD 50 mg, Pulver zur Herstellung einer Injektionslösung",A
26615,50358,"Adriblastin Solution 10 mg/5 ml, Injektionslösung",A
26617,50358,"Adriblastin Solution 20 mg/10 ml, Injektionslösung",A
26616,50358,"Adriblastin Solution 50 mg/25 ml, Injektionslösung",A
1498478,68229,"Adtralza 150mg/ml, Injektionslösung in einer Fertigspritze",B
1207145,58809,"Advagraf 0.5 mg, Retardkapseln",A
1207146,58809,"Advagraf 1 mg, Retardkapseln",A
1237724,58809,"Advagraf 3 mg, Retardkapseln",A
1207147,58809,"Advagraf 5 mg, Retardkapseln",A
31065,51177,"Advantan, Crème",B
31067,51178,"Advantan, Salbe",B
1014467,56909,"Advantix 100 ad us. vet., Spot-on Lösung für Hunde",B
1014468,56909,"Advantix 250 ad us. vet., Spot-on Lösung für Hunde",B
1014466,56909,"Advantix 40 ad us. vet., Spot-on Lösung für Hunde",B
1014469,56909,"Advantix 400 ad us. vet., Spot-on Lösung für Hunde",B
1305511,56352,"Advate 1000 U.I. (2 ml), Lyophilisat und Lösungsmittel zur intravenösen Injektion",B
1305512,56352,"Advate 1500 U.I. (2 ml), Lyophilisat und Lösungsmittel zur intravenösen Injektion",B
1305513,56352,"Advate 2000 U.I. (5 ml), Lyophilisat und Lösungsmittel zur intravenösen Injektion",B
1305514,56352,"Advate 250 U.I. (2 ml), Lyophilisat und Lösungsmittel zur intravenösen Injektion",B
1305515,56352,"Advate 3000 U.I. (5 ml), Lyophilisat und Lösungsmittel zur intravenösen Injektion",B
1305516,56352,"Advate 500 U.I. (2 ml), Lyophilisat und Lösungsmittel zur intravenösen Injektion",B
1559949,57139,"Advocate 100 für Hunde ad us. vet., Spot-on",B
1559950,57139,"Advocate 250 für Hunde ad us. vet., Spot-on",B
1559948,57139,"Advocate 40 für Hunde ad us. vet., Spot-on",B
1559944,57040,"Advocate 40 für Katzen und Frettchen ad us. vet., Spot-on",B
1559951,57139,"Advocate 400 für Hunde ad us. vet., Spot-on",B
1559945,57040,"Advocate 80 für Katzen ad us. vet., Spot-on",B
1379461,65953,"Adynovi 1000 IE (2 ml), Pulver und Lösungsmittel zur Herstellung einer Injektionslösung",B
1456165,65953,"Adynovi 1500 IE (2 ml), Pulver und Lösungsmittel zur Herstellung einer Injektionslösung",B
1330982,65953,"Adynovi 2000 IE (5 ml), Pulver und Lösungsmittel zur Herstellung einer Injektionslösung",B
1379459,65953,"Adynovi 250 IE (2 ml), Pulver und Lösungsmittel zur Herstellung einer Injektionslösung",B
1456167,65953,"Adynovi 3000 IE (5 ml), Pulver und Lösungsmittel zur Herstellung einer Injektionslösung",B
1379460,65953,"Adynovi 500 IE (2 ml), Pulver und Lösungsmittel zur Herstellung einer Injektionslösung",B
97112,55689,"Aerius, Filmtabletten",D
1165516,55958,"Aerius, Lösung zum Einnehmen",B
1533954,55932,"Aesculaforce forte Venen, Filmtabletten",D
1538988,57364,"Aesculamed forte Venen, Filmtabletten",D
1210321,62227,"Aesculus/Quercus comp., Suppositorien",D
80113,33273,"Aethoxysklerol 0.25 %, Injektionslösung",B
364,33273,"Aethoxysklerol 0.5 %, Injektionslösung",B
1384456,33273,"Aethoxysklerol 1 %, Injektionslösung",B
1384458,33273,"Aethoxysklerol 3 %, Injektionslösung",B
376,43993,"Aethylchlorid Sintetica, spray cutaneo",B
1550018,69402,"Afelor Liquid Caps forte 400 mg, Weichkapseln",D
1552615,69416,"Afelor Lysinat forte 400 mg, Filmtabletten",D
1627478,69487,"Afenadin 120, Filmtabletten",D
1137874,59174,"Afinitor 10mg, Tabletten",A
1239478,59174,"Afinitor 2.5mg, Tabletten",A
1137872,59174,"Afinitor 5mg, Tabletten",A
1376320,66030,"Afstyla 1000 IE, Lyophilisat und Lösungsmittel zur Herstellung einer Injektionslösung",B
1376322,66030,"Afstyla 2000 IE, Lyophilisat und Lösungsmittel zur Herstellung einer Injektionslösung",B
1376319,66030,"Afstyla 500 IE, Lyophilisat und Lösungsmittel zur Herstellung einer Injektionslösung",B
1115441,59888,Agaricus comp./Phosphorus Ampullen (s.c.),B
83936,62940,"Agaricus plus, Tropfen",D
111058,55738,"Aggrastat, Infusionslösung",A
1620070,69083,"Agilus 120 mg, Pulver zur Herstellung einer Injektionslösung",B
382,26821,"Agiolax mit Senna, Granulat",B
1256981,26821,"Agiolax mit Senna, Granulat",D
1468378,42933,"Agiolax mite, Granulat",D
1453328,67423,"Agomelatin Spirig HC 25 mg, Filmtabletten",B
1454219,67666,"Agomelatin Zentiva 25 mg, Filmtabletten",B
1443245,67502,"Agomelatin-Mepha 25 mg, Filmtabletten",B
1426462,67631,"Agomelatin-Servier 25 mg, comprimé pelliculé",B
54877,51969,"Agopton 15 mg, magensaftresistente Hartkapseln",B
54892,51969,"Agopton 30 mg, magensaftresistente Hartkapseln",B
1123164,60199,"Agropyron comp., Solutio ad injectionem",B
1420630,66748,"Aimovig 140 mg/ml, Injektionslösung im Fertigpen",B
1390889,66748,"Aimovig 70 mg/ml, Injektionslösung im Fertigpen",B
1451044,67843,"AJOVY 225 mg, Injektionslösung im Fertigpen",B
1430984,67284,"AJOVY 225 mg, Injektionslösung in einer Fertigspritze",B
1561696,68977,"Akeega 100 mg/500 mg, Filmtabletten",A
1561695,68977,"Akeega 50 mg/500 mg, Filmtabletten",A
86357,54937,"Akineton retard, compresse",B
630,24036,"Akineton, compresse",B
629,24035,"Akineton, soluzione iniettabile",B
1459067,67632,"Aklief, Crème",B
672,48142,"Akne-mycin 2000, Salbe",B
671,46084,"Akne-mycin, Lösung",B
1193118,33005,"Aknichthol, Suspension",D
31828,51303,"Aknilox 2%, Gel",B
31829,51303,"Aknilox 4%, Gel",B
34914,50847,"Akutur, Tropfen zum Einnehmen",D
1300944,65499,"Akynzeo 300mg/0.5mg, capsule",B
1502229,68290,"Akynzeo IV 235 mg / 0.25 mg, Konzentrat zur Herstellung einer Infusionslösung",B
1232624,62687,"Alacare 2 mg/cm2, wirkstoffhaltiges Pflaster",B
31439,51860,"Albicansan D3, Salbe",D
31438,51861,"Albicansan D3, Zäpfchen",D
31440,51859,"Albicansan D4, Kapseln",D
31441,51858,"Albicansan D5, Injektionslösung",B
31442,51255,"Albicansan D5, Tropfen zum Einnehmen",D
1378099,65562,"Albumin Biotest 20%, Infusionslösung",B
1378100,65562,"Albumin Biotest 20%, Infusionslösung",B
1378098,65562,"Albumin Biotest 5%, Infusionslösung",B
1079573,52476,"Albumin CSL 20%, Infusionslösung",B
1233648,52476,"Albumin CSL 20%, Infusionslösung",B
1233649,52476,"Albumin CSL 5%, Infusionslösung",B
1233650,52476,"Albumin CSL 5%, Infusionslösung",B
1219797,62660,"Albunorm 20 %, Lösung zur intravenösen Infusion",B
1233164,62660,"Albunorm 20 %, Lösung zur intravenösen Infusion",B
1219796,62660,"Albunorm 5 %, Lösung zur intravenösen Infusion",B
1233165,62660,"Albunorm 5 %, Lösung zur intravenösen Infusion",B
1233166,62660,"Albunorm 5 %, Lösung zur intravenösen Infusion",B
720,33124,"Alca-C, Brausetabletten",D
45573,37516,"Alcaine, Augentropfen",B
921,27257,"Aldactone 100 mg, Filmtabletten",B
919,27257,"Aldactone 25 mg, Filmtabletten",B
920,27257,"Aldactone 50 mg, Filmtabletten",B
80675,55070,"Aldara 5 %, Crème",A
931,28080,"Aldomet 250, Filmtabletten",B
1344610,65970,"Alecensa 150 mg, Hartkapseln",A
1351504,57957,"Alendronat Sandoz 70, Filmtabletten",B
1221411,58036,"Alendronat Spirig HC 70 mg, Tabletten",B
1063248,57768,"Alendron-Mepha 70 mg, Filmtablette",B
95497,53810,"Aleve, Filmtabletten",D
1112781,59415,"Alfuzosin axapharm, Retardtabletten",B
1036700,57442,"Alfuzosin Sandoz 10 mg, Retardtabletten",B
1187467,57846,"Alfuzosine Uno Zentiva 10 mg, Retardtabletten",B
1462168,68138,"Alfuzosin-Mepha retard, Retardtabletten",B
1630972,69537,"Alges-X forte Liquid Caps 400 mg, Weichkapseln",D
1072734,58313,"Alges-X forte, Filmtabletten",D
1408554,66943,"Alges-X L forte, Filmtabletten",D
1408553,66943,"Alges-X L, Filmtabletten",D
1424660,67737,"Algifor Dolo Duo 500mg/150mg, Filmtabletten",D
1424661,67737,"Algifor Dolo Duo 500mg/150mg, Filmtabletten",D
1476703,65916,"Algifor Dolo forte 200 mg / 5 ml, Suspension",D
1500790,65916,"Algifor Dolo forte 200 mg / 5 ml, Suspension",D
1500789,65916,"Algifor Dolo forte 400 mg / 10 ml, Suspension",D
1287064,58834,"Algifor Dolo Junior, Suspension",D
1283312,65608,"Algifor Dolo Junior, Suspension, Sachets",D
1483392,68264,"Algifor Dolo Rhinogrippal 200 mg / 30 mg, gélules",D
1483819,68264,"Algifor Dolo Rhinogrippal 200 mg / 30 mg, gélules",D
1483719,56046,"Algifor Junior, Suspension",B
1299116,65372,"Algifor Liquid caps 400, Capsule de gélatine molle",D
1058987,55766,"Algifor-L 200, comprimés filmés",D
1057681,55766,"Algifor-L forte 400, comprimés filmés",D
1412644,54997,"Algifor-L forte 400, granulé",D
1555621,68844,"Alhemo 150 mg/1.5 ml, Injektionslösung im Fertigpen",A
1555620,68844,"Alhemo 60 mg/1.5 ml, Injektionslösung im Fertigpen",A
1091555,57039,"Alimta 100 mg, Lyophilisat pour solution de perfusion",A
1013264,57039,"Alimta 500 mg, Lyophilisat pour solution de perfusion",A
1523547,68818,"Alitrecutan 10 mg, Weichkapseln",A
1523548,68818,"Alitrecutan 30 mg, Weichkapseln",A
1543055,68836,"Alitretinoin Leman 10 mg, capsules molles",A
1543056,68836,"Alitretinoin Leman 30 mg, capsules molles",A
1006,8671,"Alka-Seltzer, Brausetabletten",D
107211,30897,"Alkeran 2 mg, Filmtabletten",A
1013,52193,"Alkeran, Pulver und Lösungsmittel zur Herstellung einer Injektions-/Infusionslösung",A
1488268,68226,"Alkindi 0.5 mg, Granulat zum Einnehmen",B
1488269,68226,"Alkindi 1 mg, Granulat zum Einnehmen",B
1488270,68226,"Alkindi 2 mg, Granulat zum Einnehmen",B
1488271,68226,"Alkindi 5 mg, Granulat zum Einnehmen",B
110834,55670,"Allergo-COMOD, Augentropfen",D
37516,51257,"Allergodil Nasenspray, Lösung",B
1366647,65425,"Allergodil saisonal forte 0,15%, Nasenspray",D
1000965,56724,"Allergodil saisonal, Augentropfen",D
1006145,52803,"Allergodil, Augentropfen",B
1167074,60633,"Allergovit Alnus Kombipackung, Injektionssuspension",A
1177251,60633,"Allergovit Alnus Stärke B, Injektionssuspension",A
1166665,60624,"Allergovit Alnus/Corylus Kombipackung, Injektionssuspension",A
1177246,60624,"Allergovit Alnus/Corylus Stärke B, Injektionssuspension",A
1167149,60641,"Allergovit Artemisia Kombipackung, Injektionssuspension",A
1177280,60641,"Allergovit Artemisia Stärke B, Injektionssuspension",A
1167150,60642,"Allergovit Betula Kombipackung, Injektionssuspension",A
1177281,60642,"Allergovit Betula Stärke B, Injektionssuspension",A
1167078,60636,"Allergovit Betula/Alnus/Corylus Kombipackung, Injektionssuspension",A
1177249,60636,"Allergovit Betula/Alnus/Corylus Stärke B, Injektionssuspension",A
1167147,60639,"Allergovit Corylus Kombipackung, Injektionssuspension",A
1177279,60639,"Allergovit Corylus Stärke B, Injektionssuspension",A
1167016,60628,"Allergovit Mixtura Graminea 60/Secale 40 Kombipackung, Injektionssuspension",A
1177252,60628,"Allergovit Mixtura Graminea 60/Secale 40 Stärke B, Injektionssuspension",A
1167066,60631,"Allergovit Mixtura Graminea Kombipackung, Injektionssuspension",A
1177254,60631,"Allergovit Mixtura Graminea Stärke B, Injektionssuspension",A
1166581,60621,"Allergovit Mixtura Graminea/Artemisia/Secale Kombipackung, Injektionssuspension",A
1177262,60621,"Allergovit Mixtura Graminea/Artemisia/Secale Stärke B, Injektionssuspension",A
1166591,60623,"Allergovit Mixtura Graminea/Betula/Secale Kombipackung, Injektionssuspension",A
1177255,60623,"Allergovit Mixtura Graminea/Betula/Secale Stärke B, Injektionssuspension",A
1167075,60634,"Allergovit Mixtura Graminea/Betula/Secale/Plantago Kombipackung, Injektionssuspension",A
1177242,60634,"Allergovit Mixtura Graminea/Betula/Secale/Plantago Stärke B, Injektionssuspension",A
1167079,60637,"Allergovit Mixtura Graminea/Secale/Plantago Kombipackung, Injektionssuspension",A
1177250,60637,"Allergovit Mixtura Graminea/Secale/Plantago Stärke B, Injektionssuspension",A
1167058,60630,"Allergovit Mixtura Graminea-Cerealis Kombipackung, Injektionssuspension",A
1177253,60630,"Allergovit Mixtura Graminea-Cerealis Stärke B, Injektionssuspension",A
1167012,60627,"Allergovit Mixtura Graminea-Cerealis/Betula Kombipackung, Injektionssuspension",A
1177248,60627,"Allergovit Mixtura Graminea-Cerealis/Betula Stärke B, Injektionssuspension",A
1167006,60625,"Allergovit Mixtura Graminea-Cerealis/Plantago Kombipackung, Injektionssuspension",A
1177244,60625,"Allergovit Mixtura Graminea-Cerealis/Plantago Stärke B, Injektionssuspension",A
1167148,60640,"Allergovit Parietaria Kombipackung, Injektionssuspension",A
1177282,60640,"Allergovit Parietaria Stärke B, Injektionssuspension",A
1167068,60632,"Allergovit Plantago Kombipackung, Injektionssuspension",A
1177243,60632,"Allergovit Plantago Stärke B, Injektionssuspension",A
1167145,60638,"Allergovit Secale Kombipackung, Injektionssuspension",A
1177278,60638,"Allergovit Secale Stärke B, Injektionssuspension",A
1363063,66261,"Allergo-X, Filmtabletten",D
1628761,69987,"Allerxtin Sandoz 20 mg, Tabletten",D
1219834,60310,"Allium cepa/Tendo comp., Solutio ad injectionem",B
1040,38398,"Allopur 100 mg, Tabletten",B
1041,38398,"Allopur 300 mg, Tabletten",B
1424086,56050,"Allopurinol Zentiva 100 mg, Tabletten",B
1424087,56050,"Allopurinol Zentiva 300 mg, Tabletten",B
1320036,58129,"Allopurinol-Mepha 100 mg, Tabletten",B
1320037,58129,"Allopurinol-Mepha 300 mg, Tabletten",B
64686,54110,"Allsan Mariendistel, Filmtabletten",D
1488023,68145,"Alluzience, Injektionslösung",A
1019636,56895,"Almogran, Filmtabletten",B
43610,51853,"Alopexy 2%, Lösung zur Anwendung auf der Haut",D
1454753,67747,"Alopexy 5%, Lösung zur Anwendung auf der Haut",D
1242773,62952,"Aloxi 500 microgrammes, capsule molle",B
1049709,57042,"Aloxi, solution injectable",B
56619,47912,Alpenaflor Arnika-Gel,E
56620,47913,Alpenaflor Franzbranntwein-Gel,D
72833,54605,"Alphagan, Augentropfen",B
1113,42684,"Alpicort F, Lösung",B
1178829,47762,"Alpinamed Arnica-Gel mit Spilanthes, Gel",D
1178831,49147,Alpinamed Ruscovarin Venen Gel,D
1178832,46474,"Alpinamed Wallwurz-Gel, Gel",D
1333243,66039,"Alprolix 1000 IE, Pulver und Lösungsmittel zur Herstellung einer Injektionslösung",B
1333244,66039,"Alprolix 2000 IE, Pulver und Lösungsmittel zur Herstellung einer Injektionslösung",B
1333241,66039,"Alprolix 250 IE, Pulver und Lösungsmittel zur Herstellung einer Injektionslösung",B
1392693,66039,"Alprolix 3000 IE, Pulver und Lösungsmittel zur Herstellung einer Injektionslösung",B
1333242,66039,"Alprolix 500 IE, Pulver und Lösungsmittel zur Herstellung einer Injektionslösung",B
1624780,69436,"Altuvoct 1000 I.E., Pulver und Lösungsmittel zur Herstellung einer Injektionslösung",B
1624781,69436,"Altuvoct 2000 I.E., Pulver und Lösungsmittel zur Herstellung einer Injektionslösung",B
1624778,69436,"Altuvoct 250 I.E., Pulver und Lösungsmittel zur Herstellung einer Injektionslösung",B
1624782,69436,"Altuvoct 3000 I.E., Pulver und Lösungsmittel zur Herstellung einer Injektionslösung",B
1624783,69436,"Altuvoct 4000 I.E., Pulver und Lösungsmittel zur Herstellung einer Injektionslösung",B
1624779,69436,"Altuvoct 500 I.E., Pulver und Lösungsmittel zur Herstellung einer Injektionslösung",B
1134,36355,"Alucol Fruchtaroma, Gel",D
1470886,66738,"Alunbrig 180 mg, Filmtabletten",A
1470887,66738,"Alunbrig 180 mg, Filmtabletten",A
1470884,66738,"Alunbrig 30 mg, Filmtabletten",A
1470885,66738,"Alunbrig 90 mg, Filmtabletten",A
1159755,60698,"Alutard SQ Apis mellifera Kombipackung, Depotsuspension zur Injektion",A
1159804,60711,"Alutard SQ Betula verrucosa Kombipackung, Depotsuspension zur Injektion",A
1159800,60710,"Alutard SQ Canis familiaris Kombipackung, Depotsuspension zur Injektion",A
1159761,60700,"Alutard SQ Felis domesticus Kombipackung, Depotsuspension zur Injektion",A
1194289,60700,"Alutard SQ Felis domesticus Kombipackung, Depotsuspension zur Injektion",A
1159759,60699,"Alutard SQ Milben-Mischung Kombipackung, Depotsuspension zur Injektion",A
1159767,60702,"Alutard SQ Phleum pratense Kombipackung, Depotsuspension zur Injektion",A
1159770,60706,"Alutard SQ Vespula spp. Kombipackung, Depotsuspension zur Injektion",A
1194287,60698,"Alutard SQ-U 100'000 Apis mellifera, Depotsuspension zur Injektion",A
1194353,60711,"Alutard SQ-U 100'000 Betula verrucosa, Depotsuspension zur Injektion",A
1194352,60710,"Alutard SQ-U 100'000 Canis familiaris, Depotsuspension zur Injektion",A
1194283,60691,"Alutard SQ-U 100'000 Dermatophagoides pteronyssinus, Depotsuspension zur Injektion",A
1194288,60699,"Alutard SQ-U 100'000 Milben-Mischung, Depotsuspension zur Injektion",A
1194291,60702,"Alutard SQ-U 100'000 Phleum pratense, Depotsuspension zur Injektion",A
1194348,60706,"Alutard SQ-U 100'000 Vespula spp., Depotsuspension zur Injektion",A
1056462,57303,"Alvesco 160 ug, Dosieraerosol",B
1056461,57303,"Alvesco 80 ug, Dosieraerosol",B
1154530,59441,"Amanita muscaria D6, Injektionslösung",B
1258384,61216,"Amavita Acetylcystein 600 mg, Brausetabletten",D
1390586,67150,"Amavita Bisacodyl-N 5mg, Dragées",D
1137698,60128,Amavita Bronchialpastillen,E
1147781,61240,"Amavita Cetirizin, Filmtabletten",D
1381854,67013,"Amavita Dextromethorphan, Hustentabletten",B
1381855,67031,"Amavita Dextromethorphan-N, Hustensirup",B
1368173,66813,"Amavita Dolopirin-N, Tabletten",D
1607815,69657,"Amavita Fexofenadin 120 mg, Filmtabletten",D
1509984,68935,"Amavita Flumol Grippe, Pulver zur Herstellung einer Lösung zum Einnehmen",D
1539507,69181,"Amavita Flurbiprofen 8.75 mg, Lutschtabletten",D
1354414,66488,"Amavita Glycolax, Suppositorien",D
1143144,61220,"Amavita Ibuprofen 400, Filmtabletten",D
1224650,63036,"Amavita Loperamid 2 mg, Kapseln",D
1284262,65480,"Amavita Nieren- und Blasendragées, Filmtabletten",D
1618233,69752,"Amavita Pantoprazol 20 mg, magensaftresistente Tabletten",D
1143145,61221,"Amavita Paracetamol 500, Tabletten",D
1307302,65972,"Amavita Wallwurz-Gel, Gel",D
1454754,68071,"Amavita Xylo Plus, Nasenspray",D
1441881,67512,"Ambiful 250 mg/5 ml, Injektionslösung in einer Fertigspritze",B
63928,53342,"AmBisome, Pulver zur Herstellung einer Infusionsdispersion",A
1461928,67799,"Ambrisentan Devatis 10 mg, Filmtabletten",B
1461927,67799,"Ambrisentan Devatis 5 mg, Filmtabletten",B
1522671,67500,"Ambrisentan OrPha 10 mg, Filmtabletten",B
1522670,67500,"Ambrisentan OrPha 5 mg, Filmtabletten",B
1462928,67294,"Ambrisentan-Mepha 10 mg, Lactab",B
1462927,67294,"Ambrisentan-Mepha 5 mg, Lactab",B
1311203,65693,"Ameluz 78 mg/g, Gel",B
1320683,65693,"Ameluz 78 mg/g, Gel",B
100067,62520,"Amethyst spag. Lüthi Urtinktur, Tropfen",D
1612839,66979,"Amgevita 20 mg/0.2 ml , Injektionslösung in einer Fertigspritze",B
1612842,67204,"Amgevita 40 mg/0.4 ml, Injektionslösung im Fertigpen",B
1612840,66979,"Amgevita 40 mg/0.4 ml, Injektionslösung in einer Fertigspritze",B
1612843,67204,"Amgevita 80 mg/0.8 ml, Injektionslösung im Fertigpen",B
1612841,66979,"Amgevita 80 mg/0.8 ml, Injektionslösung in einer Fertigspritze",B
1512804,68217,"Amikacin Ideogen 1 g/4 ml, Konzentrat zur Herstellung einer Infusionslösung (i.v.) bzw. Injektionslösung (i.m.)",A
1512803,68217,"Amikacin Ideogen 500 mg/2 ml, Konzentrat zur Herstellung einer Infusionslösung (i.v.) bzw. Injektionslösung (i.m.)",A
1232,39805,"Amikin 500 mg,  Konzentrat zur Herstellung einer Infusionslösung (i.v.) bzw. Injektionslösung (i.m.)",A
31097,56507,"Aminophyllin Amino, Injektionslösung",B
1316933,65450,"Aminoplasmal B. Braun 10%, Infusionslösung",B
1006396,55337,"Aminoven 10 %, Infusionslösung",B
1006397,55337,"Aminoven 15 %, Infusionslösung",B
1551437,55337,"Aminoven 15 %, Infusionslösung",B
1006399,54850,"Aminoven infant 10%, Infusionslösung",B
1551438,54850,"Aminoven infant 10%, Infusionslösung",B
1003487,55721,"Amiodar, Tabletten",B
1141346,59528,"Amiodarone Labatec, solution injectable",B
1193098,53114,"Amiodarone Zentiva 200 mg, Tabletten",B
109526,55349,"Amiodaron-Mepha 100 mg, Tabletten",B
109527,55349,"Amiodaron-Mepha 200 mg, Tabletten",B
1183314,59423,"Amisulpride Zentiva 100 mg, teilbare Tabletten",B
1183315,59423,"Amisulpride Zentiva 200 mg, teilbare Tabletten",B
1183316,62398,"Amisulpride Zentiva 400 mg, teilbare Filmtabletten",B
1158738,59514,"Amisulprid-Mepha 200, Tabletten",B
1158739,59515,"Amisulprid-Mepha 400, Lactab",B
1121150,59421,"Amlodipin axapharm 10 mg, Tabletten",B
1121149,59421,"Amlodipin axapharm 5 mg, Tabletten",B
1062670,57311,"Amlodipin Sandoz eco 10, Tabletten",B
1062669,57311,"Amlodipin Sandoz eco 5, Tabletten",B
1216531,58862,"Amlodipin Spirig HC 10mg, Tabletten",B
1216530,58862,"Amlodipin Spirig HC 5mg, Tabletten",B
1310463,66016,"Amlodipin Valsartan HCT Sandoz 10 mg/160 mg/12.5 mg , Filmtabletten",B
1310465,66016,"Amlodipin Valsartan HCT Sandoz 10 mg/160 mg/25 mg, Filmtabletten",B
1310462,66016,"Amlodipin Valsartan HCT Sandoz 5 mg/160 mg/12.5 mg, Filmtabletten",B
1310464,66016,"Amlodipin Valsartan HCT Sandoz 5 mg/160 mg/25 mg, Filmtabletten",B
1310469,66015,"Amlodipin Valsartan Sandoz 10mg/160mg, Filmtabletten",B
1310468,66015,"Amlodipin Valsartan Sandoz 5mg/160mg, Filmtabletten",B
1310467,66015,"Amlodipin Valsartan Sandoz 5mg/80mg, Filmtabletten",B
1376070,66734,"Amlodipin Valsartan Zentiva 10/160 mg, Filmtabletten",B
1376069,66734,"Amlodipin Valsartan Zentiva 5/160 mg, Filmtabletten",B
1376068,66734,"Amlodipin Valsartan Zentiva 5/80 mg, Filmtabletten",B
1543369,59261,"Amlodipin Viatris 10 mg, Tabletten",B
1543368,59261,"Amlodipin Viatris 5 mg, Tabletten",B
1541695,68727,"Amlodipin Zentiva 10 mg, Tabletten",B
1439668,56821,"Amlodipin Zentiva 10, Tabletten",B
1541694,68727,"Amlodipin Zentiva 5 mg, Tabletten",B
1439667,56821,"Amlodipin Zentiva 5, Tabletten",B
1557056,68131,"Amlodipin/Valsartan Viatris 10 mg/160 mg, Filmtabletten",B
1557054,68131,"Amlodipin/Valsartan Viatris 5 mg/80 mg, Filmtabletten",B
1557055,68131,"Amlodipin/Valsartan Vitatris 5 mg/160 mg, Filmtabletten",B
1014120,56991,"Amlodipin-Mepha 10, Tabletten",B
1014119,56991,"Amlodipin-Mepha 5, Tabletten",B
1339957,65890,"Amlodipin-Valsartan-HCT-Mepha 10mg/160mg/12.5mg, Filmtabletten",B
1339958,65890,"Amlodipin-Valsartan-HCT-Mepha 10mg/160mg/25mg, Filmtabletten",B
1339955,65890,"Amlodipin-Valsartan-HCT-Mepha 5mg/160mg/12.5mg, Filmtabletten",B
1339956,65890,"Amlodipin-Valsartan-HCT-Mepha 5mg/160mg/25mg, Filmtabletten",B
1424228,65801,"Amlodipin-Valsartan-Mepha Teva 10/160 mg, Filmtabletten",B
1424227,65801,"Amlodipin-Valsartan-Mepha Teva 5/160 mg, Filmtabletten",B
1424226,65801,"Amlodipin-Valsartan-Mepha Teva 5/80 mg, Filmtabletten",B
1123166,60399,"Ammi visnaga comp., Suppositorien",B
1123168,60200,"Amnion GI D30, Solutio ad injectionem",B
1488173,68231,"AMOROLFIN Leman 5%, vernis à ongles",B
1279880,65132,"Amorolfin-Mepha 5%, Nagellack",B
1376073,66428,"Amoxicillin Axapharm 1000 mg, dispergierbare Tabletten",A
1376868,66553,"Amoxicillin Axapharm 200 mg/4 ml, Pulver zur Herstellung einer Suspension zum Einnehmen",A
1376071,66428,"Amoxicillin Axapharm 500 mg, dispergierbare Tabletten",A
1376072,66428,"Amoxicillin Axapharm 750 mg, dispergierbare Tabletten",A
1543059,68815,"Amoxicillin OrPha 1 g, Pulver zur Herstellung einer Injektions-/Infusionslösung",A
1543060,68815,"Amoxicillin OrPha 2 g, Pulver zur Herstellung einer Injektions-/Infusionslösung",A
1543057,68815,"Amoxicillin OrPha 250 mg, Pulver zur Herstellung einer Injektions-/Infusionslösung",A
1543058,68815,"Amoxicillin OrPha 500 mg, Pulver zur Herstellung einer Injektions-/Infusionslösung",A
1463420,56203,"Amoxicillin Sandoz 1000, dispergierbare Filmtabletten",A
1015513,49924,"Amoxicillin Sandoz 1000, Filmtabletten",A
1015515,49923,"Amoxicillin Sandoz 200mg/4ml, Granulat zur Herstellung einer Suspension zum Einnehmen",A
1015511,49924,"Amoxicillin Sandoz 500, Filmtabletten",A
1463419,56203,"Amoxicillin Sandoz 750, dispergierbare Filmtabletten",A
1015512,49924,"Amoxicillin Sandoz 750, Filmtabletten",A
1382220,66711,"Amoxicillin Spirig HC 1000, dispergierbare Tabletten",A
1392759,66700,"Amoxicillin Spirig HC 200 mg/4 ml, Pulver zur Herstellung einer Suspension zum Einnehmen",A
1382218,66711,"Amoxicillin Spirig HC 500, dispergierbare Tabletten",A
1382219,66711,"Amoxicillin Spirig HC 750, dispergierbare Tabletten",A
1257,44911,"Amoxi-Mepha 1000, Lactab",A
1169993,49929,"Amoxi-Mepha 200 mg/4 mL, Granulat zur Zubereitung einer Suspension zum Einnehmen",A
1254,44911,"Amoxi-Mepha 500, Lactab",A
1256,44911,"Amoxi-Mepha 750, Lactab",A
1270850,37244,"Ampho-Moronal, Lutschtabletten",B
1277,37897,"Ampho-Moronal, Suspension zur Anwendung in der Mundhöhle/zum Einnehmen",B
1278,37245,"Ampho-Moronal, Tabletten",B
1302060,65563,"Ampres 20 mg/ml, soluzione iniettabile",B
1302061,65563,"Ampres 30 mg/ml, soluzione iniettabile",B
1466269,67168,"Ampres intrathecal 10 mg/ml, soluzione iniettabile",B
1475727,55361,"Amukina MED, solution désinfectante",D
1550019,69074,"AMVUTTRA®, Injektionslösung in einer Fertigspritze",B
1303,21522,"Anaemodoron, Tropfen zum Einnehmen",D
1311,32934,"Anafranil 10 mg, compresse rivestite con film",B
1312,32934,"Anafranil 25 mg, compresse rivestite con film",B
1314,44815,"Anafranil SR 75 mg, compresse a rilascio prolungato",B
1123169,60222,"Anagallis comp., Solutio ad injectionem",B
1403708,65922,"Anastrozol Devatis 1 mg, Filmtabletten",B
1112783,58757,"Anastrozol Sandoz, Filmtabletten",B
1456889,61533,"Anastrozol Zentiva 1 mg, Filmtabletten",B
1116422,58794,"Anastrozol-Teva, Filmtabletten",B
1324,34662,"Ancopir, Dragées",B
1323,28486,"Ancopir, Injektionslösung",B
1637227,69553,"Andembry 200 mg, Injektionslösung im Fertigpen",B
73608,54718,"Andreafol, Tabletten",D
1263423,62185,"Andreamag mit Himbeeraroma, Brausetabletten",D
1263422,62185,"Andreamag mit Orangenaroma, Brausetabletten",D
1250530,58980,"Andreavit, Filmtabletten",D
1632564,58980,"Andreavit, Filmtabletten",D
1342,40881,"Androcur Depot, Injektionslösung",B
52921,37482,"Androcur-10, Tabletten",B
1341,37482,"Androcur-50, Tabletten",B
1363064,66063,"Andropecia Biorga 1 mg, comprimé pelliculé",B
1343,38845,"Andursil, Kautabletten",D
1051752,56682,"Anesderm, Creme",B
1345,48280,"Anexate, Injektionslösung",B
1177779,60615,"Angelica archangelica / Kalium stibyltartaricum comp., Tropfen",D
1019751,56275,"Angeliq, Filmtabletten",B
1354,34497,"Angina MCC, Lutschtabletten",D
1384307,66092,"Angocin, Filmtabletten",D
1492758,67580,"Angusta 25 µg, Tabletten",B
1488369,68357,"Anidulafungin Accord 100 mg, Pulver für ein Konzentrat zur Herstellung einer Infusionslösung",A
1462781,67756,"Anidulafungin Labatec 100 mg, Poudre pour solution à diluer pour perfusion",A
1424184,67573,"Anidulafungin Pfizer 100 mg, Pulver zur Herstellung einer Infusionslösung",A
1272986,63152,"Anoro Ellipta 55mcg/22mcg , Einzeldosiertes Pulver zur Inhalation",B
1509985,68644,"Anouk 0.075 mg, Filmtabletten",B
1504,15104,"Antabus 400 mg, Brausetabletten",B
1326221,51930,"Antidry bath, ölige Lösung",D
1304552,57964,"Antidry Calm sensitive, Emulsion zur Anwendung auf der Haut",D
1092061,57964,"Antidry Calm, Emulsion zur Anwendung auf der Haut",D
1331340,54958,"Antidry care, Salbe",D
1359180,51931,"Antidry Lotion sensitive, Emulsion",D
1355599,51931,"Antidry Lotion sensitive, Emulsion zur Anwendung auf der Haut",D
1304553,51931,"Antidry Lotion, Emulsion zur Anwendung auf der Haut",D
1601525,51929,"Antidry wash sensitive, Lösung zur Anwendung auf der Haut",D
1302893,51929,"Antidry wash, Lösung zur Anwendung auf der Haut",D
1283909,33848,"Antihydral, Salbe",D
1115454,59694,"Antimonit D6, Ampullen (s.c.)",B
1115450,59878,Antimonit/Belladonna comp. Trituratio,D
1188019,60147,"Antimonium crudum comp., Tropfen",D
1073188,57578,"Antistax forte, Filmtabletten",D
70071,54380,"Antramups 10, Tabletten",B
70072,54380,"Antramups 20, Tabletten",B
70073,54380,"Antramups 40, Tabletten",B
1630973,69330,"Anzupgo 20 mg/g, Creme",B
1851,12175,"Aphenylbarbit 100 mg, Tabletten",B
1627363,68686,"Aphenylbarbit 100mg ad us. vet., teilbare Tabletten für Hunde und Katzen",B
1853,12175,"Aphenylbarbit 15 mg, Tabletten",B
1627361,68686,"Aphenylbarbit 15mg ad us. vet., teilbare Tabletten für Hunde und Katzen",B
1850,12175,"Aphenylbarbit 50 mg, Tabletten",B
1627362,68686,"Aphenylbarbit 50mg ad us. vet., teilbare Tabletten für Hunde und Katzen",B
1076525,58056,"Apidra SoloStar (stylo prérempli), solution injectable",B
1017092,57013,"Apidra, solution injectable",B
1022649,57013,"Apidra, solution injectable",B
1115462,59995,"Apis cum Levistico D3, Ampullen",B
1035670,59870,"Apis D3/Belladonna D3, Dilutio",B
1219835,60239,"Apis D4/Levisticum D3, Solutio ad injectionem",B
1115559,59699,"Apis mellifica D3, Ampullen (s.c.)",B
1115892,59699,"Apis mellifica D30, Ampullen (s.c.)",B
1115893,59699,"Apis mellifica D6, Ampullen (s.c.)",B
1196887,60221,"Apis regina/Aurum comp., Solutio ad injectionem",B
1123177,60216,"Apis/Arnica, Solutio ad injectionem",B
1123181,60218,"Apis/Belladonna, Solutio ad injectionem",B
1257849,60217,"Apis/Belladonna/Mercurius, Solutio ad injectionem",B
1180341,60271,"Apis/Berberis comp., Solutio ad injectionem",B
1158355,60362,"Apis/Larynx comp., Globuli Velati",D
1302649,62752,"Aplona, Pulver zur Herstellung einer Suspension zum Einnehmen",D
42825,54386,"Apo-Enterit, Globuli",D
42824,51980,"Apo-Enterit, Tropfen zum Einnehmen",D
1376762,63175,"APO-go 10 mg/ml, Injektionslösung in einem Pen",B
1496496,68604,"APO-go 100mg/20ml, Infusionslösung in einer Patrone",B
1307207,63176,"APO-go 50 mg/10 ml, Infusionslösung in einer Fertigspritze",B
37268,54348,"Apo-Hepat, Globuli",D
37267,52702,"Apo-Hepat, Tropfen zum Einnehmen",D
34686,51789,"Apo-Infekt, Tropfen zum Einnehmen",D
29397,56511,"Apomorphin HCI Amino 10mg/ml, Injektionslösung",B
1006901,56511,"Apomorphin HCI Amino 10mg/ml, Injektionslösung",B
88153,55328,"Apo-Stom, Tropfen zum Einnehmen",D
56623,54056,"Apo-Tuss, Globuli",D
56624,53314,"Apo-Tuss, Tropfen zum Einnehmen",D
1891,43428,"Apranax 550 mg, Filmtabletten",B
1645509,70016,"Apremilast Devatis 10 mg, 20 mg, 30 mg, Filmtabletten",B
1645508,70016,"Apremilast Devatis 30 mg, Filmtabletten",B
1637692,69514,"Apremilast Leman 10 mg, 20 mg, 30 mg, comprimés pelliculés",B
1637693,69514,"Apremilast Leman 30 mg, comprimés pelliculés",B
1643937,69555,"Apremilast Spirig HC 10 mg / 20 mg / 30 mg, Filmtabletten",B
1643938,69555,"Apremilast Spirig HC 30 mg, Filmtabletten",B
1356821,63029,"Aprokam 50mg, Pulver zur Herstellung einer Injektionslösung",A
1057445,54250,"Aprovel 150, comprimés pelliculés",B
1057446,54250,"Aprovel 300, comprimés pelliculés",B
1169410,57883,"Apydan extent 150 mg, Tabletten",B
1169411,57883,"Apydan extent 300 mg, Tabletten",B
1169412,57883,"Apydan extent 600 mg, Tabletten",B
1912,52107,"Aqua ad iniectabilia ""Bichsel"", sterile Lösung",B
1211359,52107,"Aqua ad iniectabilia ""Bichsel"", sterile Lösung",B
1211360,52107,"Aqua ad iniectabilia ""Bichsel"", sterile Lösung",B
1211361,52107,"Aqua ad iniectabilia ""Bichsel"", sterile Lösung",B
1405080,52107,"Aqua ad iniectabilia ""Bichsel"", sterile Lösung",B
1211324,56504,"Aqua ad iniectabilia Amino, Injektionslösung",B
1211325,56504,"Aqua ad iniectabilia Amino, Injektionslösung",B
1211326,56504,"Aqua ad iniectabilia Amino, Injektionslösung",B
1211327,56504,"Aqua ad iniectabilia Amino, Injektionslösung",B
1211328,56504,"Aqua ad iniectabilia Amino, Injektionslösung",B
31493,45794,"Aqua ad iniectabilia B. Braun, Lösung",B
1211329,45794,"Aqua ad iniectabilia B. Braun, Lösung",B
1211330,45794,"Aqua ad iniectabilia B. Braun, Lösung",B
1211331,45794,"Aqua ad iniectabilia B. Braun, Lösung",B
1211332,45794,"Aqua ad iniectabilia B. Braun, Lösung",B
1211333,45794,"Aqua ad iniectabilia B. Braun, Lösung",B
1211334,45794,"Aqua ad iniectabilia B. Braun, Lösung",B
1211335,45794,"Aqua ad iniectabilia B. Braun, Lösung",B
1292620,45794,"Aqua ad iniectabilia B. Braun, Lösung",B
121104,53773,"Aqua ad iniectabilia Fresenius, Injektionslösung",B
1211344,53773,"Aqua ad iniectabilia Fresenius, Injektionslösung",B
1211373,56530,"Aqua ad iniectabilia Sintetica, solution injectable (ampoules à 10 ml)",B
1918,56530,"Aqua ad iniectabilia Sintetica, solution injectable (ampoules à 2 ml)",B
1211374,56530,"Aqua ad iniectabilia Sintetica, solution injectable (flacons à 100 ml)",B
1115894,59866,"Aqua Maris D3/Prunus spinosa Summitates D5 aa, Injektionslösung (s.c.)",B
1310953,60263,"Aquilinum comp., Globuli velati",D
1561671,69128,"AQUIPTA 10 mg, Tabletten",B
1561672,69128,"AQUIPTA 60 mg, Tabletten",B
1115898,59701,"Aranea diadema D6, Injektionslösung (s.c.)",B
116082,55725,"Aranesp 10 Mikrogramm, Injektionslösung in Fertigspritze",A
1220772,55725,"Aranesp 100 Mikrogramm, Injektionslösung in Fertigspritze",A
1220773,55725,"Aranesp 150 Mikrogramm, Injektionslösung in Fertigspritze",A
1220766,55725,"Aranesp 20 Mikrogramm, Injektionslösung in Fertigspritze",A
1220767,55725,"Aranesp 30 Mikrogramm, Injektionslösung in Fertigspritze",A
1220774,55725,"Aranesp 300 Mikrogramm, Injektionslösung in Fertigspritze",A
1220768,55725,"Aranesp 40 Mikrogramm, Injektionslösung in Fertigspritze",A
1220769,55725,"Aranesp 50 Mikrogramm, Injektionslösung in Fertigspritze",A
1220775,55725,"Aranesp 500 Mikrogramm, Injektionslösung in Fertigspritze",A
1220770,55725,"Aranesp 60 Mikrogramm, Injektionslösung in Fertigspritze",A
1220771,55725,"Aranesp 80 Mikrogramm, Injektionslösung in Fertigspritze",A
72081,54834,"Arava 10 mg, comprimés pelliculés",A
72083,54834,"Arava 100 mg, comprimés pelliculés",A
72082,54834,"Arava 20 mg, comprimés pelliculés",A
1170363,58373,"Arbid N, gouttes à avaler",D
1117420,56079,"Arcoxia 30 mg, Filmtabletten",B
1117421,56079,"Arcoxia 60 mg, Filmtabletten",B
1163386,60616,"Arctium / Marsdenia cundurango comp., Tropfen zum Einnehmen",D
1614914,69310,"AREXVY, Pulver und Suspension zur Herstellung einer Injektionssuspension",B
1284674,62861,"Argatra 100mg/ml, Konzentrat zur Herstellung einer Infusionslösung",B
26868,59746,"Argentum metallicum praeparatum D6, Injektionslösung (s.c.)",B
1115925,59746,"Argentum metallicum praeparatum D6, Injektionslösung (s.c.)",B
1115926,59746,"Argentum metallicum praeparatum D6, Injektionslösung (s.c.)",B
1123217,60265,"Argentum nitricum comp., Globuli velati",D
1188020,60148,"Argentum nitricum comp., Tropfen zum Einnehmen",D
1115931,59745,"Argentum nitricum D6, Injektionslösung (s.c.)",B
1115907,59865,"Argentum/Berberis comp., Injektionslösung (s.c.)",B
1180342,60354,"Argentum/Echinacea, Injektionslösung (s.c.)",B
1123220,60223,"Argentum/Saccharum Sacchari, Solutio ad injectionem",B
1272603,60309,"Argentum/Urtica comp., Gel",D
62644,54274,"Aricept 10 mg, Filmtabletten",B
62643,54274,"Aricept 5 mg, Filmtabletten",B
1029923,57312,"Aricept Evess 10 mg, Schmelztabletten",B
1029922,57312,"Aricept Evess 5 mg, Schmelztabletten",B
1272422,62294,"Arilin 1000 mg, Vaginalzäpfchen",B
1510122,68805,"Arimidex 1 mg, Filmtabletten",B
47119,53535,"Arimidex, Filmtabletten",B
1464088,67743,"Aripiprazol NOBEL 1 mg/ml, Sirup",B
1425677,67607,"Aripiprazol NOBEL 10 mg, Tabletten",B
1425678,67607,"Aripiprazol NOBEL 15 mg, Tabletten",B
1425679,67607,"Aripiprazol NOBEL 30 mg, Tabletten",B
1425676,67607,"Aripiprazol NOBEL 5 mg, Tabletten",B
1298030,65511,"Aripiprazol Sandoz 10 mg, Tabletten",B
1298031,65511,"Aripiprazol Sandoz 15 mg, Tabletten",B
1298032,65511,"Aripiprazol Sandoz 30 mg, Tabletten",B
1298029,65511,"Aripiprazol Sandoz 5 mg, Tabletten",B
1307295,65456,"Aripiprazol Spirig HC 10 mg, Tabletten",B
1307296,65456,"Aripiprazol Spirig HC 15 mg, Tabletten",B
1307297,65456,"Aripiprazol Spirig HC 30 mg, Tabletten",B
1307294,65456,"Aripiprazol Spirig HC 5 mg, Tabletten",B
1293581,65471,"Aripiprazol-Mepha 10 mg, Tabletten",B
1293582,65471,"Aripiprazol-Mepha 15 mg, Tabletten",B
1473573,66977,"Aripiprazol-Mepha 1mg/ml, Sirup",B
1293579,65471,"Aripiprazol-Mepha 30 mg, Tabletten",B
1293580,65471,"Aripiprazol-Mepha 5 mg, Tabletten",B
1297825,65478,"Aripiprazol-Mepha oro 10 mg, Schmelztabletten",B
1297826,65478,"Aripiprazol-Mepha oro 15 mg, Schmelztabletten",B
1177828,60619,"Aristolochia clematitis / Conium maculatum comp., Tropfen zum Einnehmen",D
1015516,55937,"Arixtra 1.5 mg/0.3 ml, Injektionslösung",B
1036336,55937,"Arixtra 10 mg/0.8 ml, Injektionslösung",B
109693,55937,"Arixtra 2.5 mg/0.5 ml, Injektionslösung",B
1036334,55937,"Arixtra 5.0 mg/0.4 ml, Injektionslösung",B
1036335,55937,"Arixtra 7.5 mg/0.6 ml, Injektionslösung",B
1324017,46279,"Arkocaps Aubépine/Weissdorn 350 mg, capsules",D
1382209,66597,"Arkocaps Busserole nouvelle formule, gélules",D
1481366,53888,"Arkocaps charbon végétal, gélules",D
1374218,66947,"Arkocaps Chardon Marie 390 mg nouvelle formule, gélules",D
1105583,57426,"Arkocaps Escholtzia, gélules",D
1047567,57035,"Arkocaps Harpadol, gélules",D
1076527,57605,"Arkocaps Millepertuis, gélules",D
1239117,48560,"Arkocaps Orthosiphon, 325 mg, gélules",D
1241378,47334,"Arkocaps Passiflore/Passionsblume, 300 mg, capsules",D
1383477,66592,"Arkocaps Valériane nouvelle formule, gélules",D
1143173,59285,"Arlevert, compresse",B
1269172,59285,"Arlevert, Tabletten",B
1115949,59800,"Arnica / Levisticum D6 comp., Ampullen",B
1115942,59915,"Arnica comp. / Formica, Oleum",D
1545971,60355,"Arnica comp., Creme",D
1017513,58883,"Arnica compositum ad us. vet., Injektionslösung",B
1408295,67004,"Arnica compositum ad us. vet., Tabletten",D
81926,58903,"Arnica compositum, Tabletten",D
1135259,59344,"Arnica montana / Bellis perennis comp., Flüssigkeit zur Anwendung auf der Haut",D
1422753,59344,"Arnica montana / Bellis perennis comp., Flüssigkeit zur Anwendung auf der Haut",D
1496497,68351,"Arnica Planta tota D20 / Betula Cortex D3 aa, Injektionslösung (s.c.)",B
1116231,59731,"Arnica Planta tota Rh D20, Injektionslösung (s.c.)",B
1116232,59731,"Arnica Planta tota Rh D3, Injektionslösung (s.c.)",B
1116235,59731,"Arnica Planta tota Rh D30, Injektionslösung (s.c.)",B
1116237,59731,"Arnica Planta tota Rh D6, Injektionslösung (s.c.)",B
1392520,59826,"Arnica, Planta tota Rh D3, Augentropfen",D
1268678,60286,"Arnica/Cactus comp., Globuli velati",D
1294899,60290,"Arnica/Cactus comp., Solutio ad injectionem",B
1205716,60242,"Arnica/Epiphysis/Plumbum mellitum comp., Solution ad injectionem",B
1206940,60226,"Arnica/Hypophysis/Plumbum mellitum comp., Solutio ad injectionem, anthroposophisches Arzneimittel",B
1181093,62220,"Arnica/Lappa comp., Oleum ad usum externum",D
1115947,59793,"Arnica/Levisticum D3 comp., Ampullen (s.c.)",B
125023,55839,"Arnigel Boiron, gel",D
1315317,65707,"Arnuity Ellipta 182 mcg, Einzeldosiertes Pulver zur Inhalation",B
1315316,65707,"Arnuity Ellipta 90 mcg, Einzeldosiertes Pulver zur Inhalation",B
79345,55216,"Aromasin 25 mg, überzogene Tabletten",B
1186730,60155,"Arsenicum album comp., Tropfen",D
1182170,60652,"Arsenum iodatum / Crataegus comp., Tropfen",D
108874,55733,"Arteoptic LA 2 %, Augentropfen",B
128516,56215,"Arteoptic LA 2% UD, Augentropfen",B
1474413,68409,"Arteria-vita N, Hartkapseln",D
51949,51544,"Arthrotec 50, Tabletten",B
57037,51544,"Arthrotec 75, Tabletten",B
123370,56123,"Artirem, Injektionslösung",B
1366047,58618,"ARTISS 2 ml, tiefgefrorene Lösung",B
1366048,58618,"ARTISS 4 ml, tiefgefrorene Lösung",B
1145521,60653,"Asa foetida / Cinchona pubescens comp., Tropfen zum Einnehmen",D
1314049,46062,"Asacol 400, comprimés pelliculés",B
1311240,46062,"Asacol 800, comprimés pelliculés",B
54998,49494,"ASA-Tabs, Tabletten",B/D
1543043,68674,"Aspaveli, Infusionslösung",A
129017,38133,"Aspégic 100, Pulver in Beutel",B/D
129015,38133,"Aspégic 500, Pulver in Beutel",D
129014,38133,"Aspégic Forte, Pulver in Beutel",B
1097986,58833,"Aspergillus niger D12, Tropfen",D
90886,59469,"Aspergillus niger D3, Suppositorien",D
90887,59474,"Aspergillus niger D4, Kapseln",D
90913,58832,"Aspergillus niger D5, Tabletten",D
90914,58833,"Aspergillus niger D5, Tropfen",D
1336661,60007,Aspidium/Salix comp. Tabletten,D
110558,54909,"Aspirin 500, Brausetablette",D
32511,51795,"Aspirin Cardio 100, Filmtabletten",B
1051753,57244,"Aspirin Complex, Granulat",D
1277731,62911,"Aspirin S, überzogene Tabletten",D
1090781,57673,"Aspirin, Granulat",D
83124,49526,"Aspirin, Kautabletten",D
2525,33670,"Aspirin-C, Brausetabletten",D
1358542,66360,"ASS Cardio axapharm 100 mg, magensaftresistente Tabletten",B
1315666,66097,"ASS Cardio Spirig HC 100 mg, Filmtabletten",B
1543061,68659,"ASS Cardio Zentiva 100 mg, Magensaftresistente Tabletten",B
1347423,62784,"ASS Cardio-Mepha, magensaftresistente Tabletten",B
1259271,53317,"Assan rem, Spray",D
2537,44615,"Assan Thermo, Crème",D
88148,55608,"Assan, Emgel",D
2535,45443,"Assan, Gel",D
1116243,59936,"Astragalus exscapus D3, Ampullen (s.c.)",B
59850,54230,"Atacand 16 mg, Tabletten",B
1019943,54230,"Atacand 32 mg, Tabletten",B
59852,54230,"Atacand 4 mg, Tabletten",B
59851,54230,"Atacand 8 mg, Tabletten",B
82949,54875,"Atacand plus 16/12.5 mg, Tabletten",B
1125114,54875,"Atacand plus 32/12.5 mg, Tabletten",B
1125113,54875,"Atacand plus 32/25 mg, Tabletten",B
96601,54875,"Atacand plus 8/12.5 mg, Tabletten",B
2556,21871,"Atarax, comprimés pelliculés",B
1367701,66339,"Atazanavir-Mepha 200mg, Kapseln",A
1367702,66339,"Atazanavir-Mepha 300mg, Kapseln",A
1453742,67597,"Atectura Breezhaler 150/160 µg, Hartkapseln mit Pulver zur Inhalation",B
1453743,67597,"Atectura Breezhaler 150/320 µg, Hartkapseln mit Pulver zur Inhalation",B
1453741,67597,"Atectura Breezhaler 150/80 µg, Hartkapseln mit Pulver zur Inhalation",B
73411,54076,"Atedurex mite, Filmtabletten",B
73410,54076,"Atedurex, Filmtabletten",B
1481159,47604,"Atenativ 1000 I.E., Pulver und Lösungsmittel zur Herstellung einer Infusionslösung",B
1248850,47604,"Atenativ 500 I.E., Pulver und Lösungsmittel zur Herstellung einer Infusionslösung",B
2560,49619,"Atenil mite, Filmtabletten",B
52555,49619,"Atenil submite, Filmtabletten",B
2558,49619,"Atenil, Filmtabletten",B
2565,50075,"Atenolol-Mepha 100, Lactabs",B
53121,50075,"Atenolol-Mepha 25, Lactabs",B
2562,50075,"Atenolol-Mepha 50, Lactabs",B
1558553,68824,"Atgam 250 mg/5 ml, Konzentrat zur Herstellung einer Infusionslösung",A
1439391,67588,"Atomoxetin-Mepha 10 mg, Hartkapseln",A
1439397,67588,"Atomoxetin-Mepha 100 mg, Hartkapseln",A
1439392,67588,"Atomoxetin-Mepha 18 mg, Hartkapseln",A
1439393,67588,"Atomoxetin-Mepha 25 mg, Hartkapseln",A
1439394,67588,"Atomoxetin-Mepha 40 mg, Hartkapseln",A
1439395,67588,"Atomoxetin-Mepha 60 mg, Hartkapseln",A
1439396,67588,"Atomoxetin-Mepha 80 mg, Hartkapseln",A
1546501,61510,"Atorva Viatris 10 mg, Filmtabletten",B
1546502,61510,"Atorva Viatris 20 mg, Filmtabletten",B
1546503,61510,"Atorva Viatris 40 mg, Filmtabletten",B
1546504,61510,"Atorva Viatris 80 mg, Filmtabletten",B
1192894,62044,"Atorvastatin axapharm 10 mg, Filmtabletten",B
1192895,62044,"Atorvastatin axapharm 20 mg, Filmtabletten",B
1192896,62044,"Atorvastatin axapharm 40 mg, Filmtabletten",B
1192897,62044,"Atorvastatin axapharm 80 mg, Filmtabletten",B
1474414,68191,"Atorvastatin Ezetimib Zentiva 10 mg / 10 mg, Tabletten",B
1474415,68191,"Atorvastatin Ezetimib Zentiva 20 mg / 10 mg, Tabletten",B
1474416,68191,"Atorvastatin Ezetimib Zentiva 40 mg / 10 mg, Tabletten",B
1474417,68191,"Atorvastatin Ezetimib Zentiva 80 mg / 10 mg, Tabletten",B
1621318,69098,"Atorvastatin NOBEL 10 mg, Filmtabletten",B
1621319,69098,"Atorvastatin NOBEL 20 mg, Filmtabletten",B
1621320,69098,"Atorvastatin NOBEL 40 mg, Filmtabletten",B
1621321,69098,"Atorvastatin NOBEL 80 mg, Filmtabletten",B
1181233,61285,"Atorvastatin Sandoz 10 mg, Filmtabletten",B
1450560,61285,"Atorvastatin Sandoz 10 mg, Filmtabletten",B
1181234,61285,"Atorvastatin Sandoz 20 mg, Filmtabletten",B
1450561,61285,"Atorvastatin Sandoz 20 mg, Filmtabletten",B
1450562,61285,"Atorvastatin Sandoz 40 mg, Filmtabletten",B
1450563,61285,"Atorvastatin Sandoz 80 mg, Filmtabletten",B
1463862,66512,"Atorvastatin Spirig HC 10 mg, Filmtabletten",B
1463863,66512,"Atorvastatin Spirig HC 20 mg, Filmtabletten",B
1463864,66512,"Atorvastatin Spirig HC 40 mg, Filmtabletten",B
1463865,66512,"Atorvastatin Spirig HC 80 mg, Filmtabletten",B
1523049,61657,"Atorvastatin Viatris 10 mg, Filmtabletten",B
1523050,61657,"Atorvastatin Viatris 20 mg, Filmtabletten",B
1523051,61657,"Atorvastatin Viatris 40 mg, Filmtabletten",B
1523052,61657,"Atorvastatin Viatris 80 mg, Filmtabletten",B
1303049,65341,"Atorvastatin Zentiva 10 mg, Filmtabletten",B
1303050,65341,"Atorvastatin Zentiva 20 mg, Filmtabletten",B
1303051,65341,"Atorvastatin Zentiva 40 mg, Filmtabletten",B
1303052,65341,"Atorvastatin Zentiva 80 mg, Filmtabletten",B
1623981,69314,"Atorvastatin-Mepha 10 mg, Filmtabletten",B
1272604,61322,"Atorvastatin-Mepha 10 mg, Lactab",B
1623982,69314,"Atorvastatin-Mepha 20 mg, Filmtabletten",B
1272605,61322,"Atorvastatin-Mepha 20 mg, Lactab",B
1623983,69314,"Atorvastatin-Mepha 40 mg, Filmtabletten",B
1272606,61322,"Atorvastatin-Mepha 40 mg, Lactab",B
1623984,69314,"Atorvastatin-Mepha 80 mg, Filmtabletten",B
1272607,61322,"Atorvastatin-Mepha 80 mg, Lactab",B
1299979,62613,"Atorvastax 10 mg, Filmtabletten",B
1299980,62613,"Atorvastax 20 mg, Filmtabletten",B
1299981,62613,"Atorvastax 40 mg, Filmtabletten",B
1299982,62613,"Atorvastax 80 mg, Filmtabletten",B
1611920,69185,"Atosiban Labatec 37.5 mg / 5 ml, solution à diluer pour perfusion",B
1611919,69185,"Atosiban Labatec 6.75 mg / 0.9 ml, solution injectable",B
1611921,69185,"Atosiban Labatec 75 mg / 10 ml, solution à diluer pour perfusion",B
1271846,65280,"Atovaquone Plus Spirig HC, Filmtabletten",A
1474418,67872,"Atovaquon-Proguanil-Mepha 250 / 100, Filmtabletten",A
1474419,67872,"Atovaquon-Proguanil-Mepha Junior 62.5 / 25, Filmtabletten",A
1534591,68711,"Atoxyl Leman, crème",D
1294747,65223,"Atozet 10 mg / 10 mg, Filmtabletten",B
1294748,65223,"Atozet 10 mg / 20 mg, Filmtabletten",B
1294749,65223,"Atozet 10 mg / 40 mg, Filmtabletten",B
1294750,65223,"Atozet 10 mg / 80 mg, Filmtabletten",B
1145550,60126,"Atracurium Labatec, Solution pour injection",B
1145551,60126,"Atracurium Labatec, Solution pour injection",B
1074356,57899,"Atriance, Infusionslösung",A
1287262,56776,"AtroMed, Gel",D
1523243,65276,"Atropin Sulfat Aguettant 0.5 mg/5 ml, solution injectable en seringue pré-remplie",B
1523242,65276,"Atropin Sulfat Aguettant 1 mg/5 ml, solution injectable en seringue pré-remplie",B
45598,46994,"Atropine 0,5 % SDU Faure, Augentropfen",B
1425530,67220,"Atropinsulfat AApot 50 mg/100 mL, Injektionslösung",A
30440,56509,"Atropinsulfat Amino 0,25 mg, Injektionslösung",B
30441,56509,"Atropinsulfat Amino 0,5 mg, Injektionslösung",B
30439,56509,"Atropinsulfat Amino 1,0 mg, Injektionslösung",B
2597,56533,"Atropinum Sulf. Sintetica 0.5 mg/ml, soluzione iniettabile",B
116368,56533,"Atropinum Sulf. Sintetica 1.0 mg/ml, soluzione iniettabile",B
2600,52584,"Atrovent 250 mcg/2 ml, Lösung für einen Vernebler (gebrauchsfertige Einzeldosen)",B
1461208,67475,"Attentin 10 mg,Tabletten",A
1461209,67475,"Attentin 20 mg,Tabletten",A
1461207,67475,"Attentin 5 mg,Tabletten",A
1490433,62761,"Aubagio 14 mg QOD, comprimés pelliculés",B
1254698,62761,"Aubagio 14 mg, comprimés pelliculés",B
2624,53692,"Augmentin 1 g (875/125), Filmtabletten",A
2622,45674,"Augmentin 625 mg (500/125), Filmtabletten",A
31625,48989,"Aulin 100, Granulat",B
31624,48991,"Aulin 100, Tabletten",B
1035844,56116,"Aurizon Suspension, Ohrentropfen ad us.vet.",B
2635,50085,"Aurorix 150 mg, Filmtabletten",B
59037,50085,"Aurorix 300 mg, Filmtabletten",B
1188021,60158,"Aurum chloratum comp., Tropfen zum Einnehmen",D
1116253,59934,"Aurum D10 3 Teile/Stibium D8 2 Teile, Injektionslösung (s.c.)",B
1116248,59730,"Aurum D10/Cor D4 aa, Injektionslösung (s.c.)",B
1116261,59729,"Aurum metallicum praeparatum D10, Injektionslösung (s.c.)",B
1116265,59729,"Aurum metallicum praeparatum D15, Injektionslösung (s.c.)",B
1116266,59729,"Aurum metallicum praeparatum D20, Injektionslösung (s.c.)",B
1116267,59729,"Aurum metallicum praeparatum D30, Injektionslösung (s.c.)",B
1186731,60203,"Aurum/Epiphysis comp., Globuli velati",D
1116245,59935,"Aurum/Hyoscyamus comp., Ampullen (s.c.)",B
1180353,60267,"Aurum/Hyoscyamus comp., Solutio ad injectionem",B
1158333,60283,"Aurum/Hypophysis comp., Globuli velati",D
1123379,60268,"Aurum/Prunus, Injektionslösung (s.c.)",B
84185,55213,"Avalox, Filmtabletten",A
1141366,58257,"Avalox, Infusionslösung",A
1081547,57968,"Avamys, Nasenspray, Suspension",B
1012434,56922,"Avastin 100 mg/4 ml, Konzentrat zur Herstellung einer Infusionslösung",A
1012435,56922,"Avastin 400 mg/16 ml, Konzentrat zur Herstellung einer Infusionslösung",A
1516103,39536,"Avenaforce Nerven, Tropfen zum Einnehmen",D
1209956,55060,"Aviral, Crème",D
118753,56106,"Avodart, Weichgelatinekapseln",B
1193405,62178,"Avonex Pen, Injektionslösung in einem Fertigpen",B
1019824,56735,"Avonex, Injektionslösung in einer Fertigspritze",B
1612257,69472,"Axitinib Sandoz 1 mg, Filmtabletten",A
1612258,69472,"Axitinib Sandoz 3 mg, Filmtabletten",A
1612259,69472,"Axitinib Sandoz 5 mg, Filmtabletten",A
1612260,69472,"Axitinib Sandoz 7 mg, Filmtabletten",A
1615110,69290,"Axitinib Spirig HC 1 mg, Filmtabletten",A
1615111,69290,"Axitinib Spirig HC 3 mg, Filmtabletten",A
1615112,69290,"Axitinib Spirig HC 5 mg, Filmtabletten",A
1615113,69290,"Axitinib Spirig HC 7 mg, Filmtabletten",A
34370,54306,"Axotide 125, Dosier-Aerosol",B
34357,54306,"Axotide 250, Dosier-Aerosol",B
1011966,54306,"Axotide 50, Dosier-Aerosol",B
53069,53390,"Axotide Diskus 100, Mutlidosen-Pulverinhalator",B
53070,53390,"Axotide Diskus 250, Mutlidosen-Pulverinhalator",B
53071,53390,"Axotide Diskus 500, Mutlidosen-Pulverinhalator",B
1217716,56925,"Axura 10 mg, Filmtabletten",B
1152794,56925,"Axura 20 mg, Filmtabletten",B
1217717,56925,"Axura 5 mg, 10 mg, 15 mg, 20 mg, Filmtabletten",B
1307939,56926,"Axura, Lösung zum Einnehmen",B
1552618,68294,"Ayvakyt 100 mg, Filmtabletten",A
1552619,68294,"Ayvakyt 200 mg, Filmtabletten",A
1552616,68294,"Ayvakyt 25 mg, Filmtabletten",A
1552620,68294,"Ayvakyt 300 mg, Filmtabletten",A
1552617,68294,"Ayvakyt 50 mg, Filmtabletten",A
1481641,67966,"Azacitidin Ideogen 100 mg, Pulver zur Herstellung einer Injektionssuspension",A
1420134,67433,"Azacitidin Sandoz 100 mg, Pulver zur Herstellung einer Injektionssuspension",A
1558554,69238,"Azacitidin Stada 100 mg, Pulver zur Herstellung einer Injektionssuspension",A
1558555,69238,"Azacitidin Stada 150 mg, Pulver zur Herstellung einer Injektionssuspension",A
1557020,67676,"Azacitidin Viatris 100 mg, Pulver zur Herstellung einer Injektionssuspension",A
1401472,66770,"Azacitidine Accord 100mg, Pulver zur Herstellung einer Injektionssuspension",A
1425744,46868,"Azactam 2 g, Pulver zur Herstellung einer Injektions-/Infusionslösung",A
1279744,63011,"Azafalk 100 mg, Filmtabletten",B
1279745,63011,"Azafalk 50 mg, Filmtalbetten",B
1279743,63011,"Azafalk 75 mg, Filmtabletten",B
1277786,63205,"Azalia 0.075 mg, Filmtabletten",B
100587,55578,"Azarek 25, Filmtabletten",B
100589,55578,"Azarek 50, Filmtabletten",B
1119172,59179,"Azarga, Augentropfensuspension",B
1557866,68980,"Azelastin Fluticason Spirig HC Nasenspray 140 mcg/50 mcg, Suspension",B
1547418,68730,"Azelastin-Fluticason-Mepha, Nasenspray, Suspension",B
1032836,57065,"Azilect, Tabletten",B
1145553,61256,"Azithromycin Pfizer 250 mg, Filmtabletten",A
1278787,61256,"Azithromycin Pfizer 500 mg, Filmtabletten",A
1145555,61257,"Azithromycin Pfizer, Pulver zur Herstellung einer Suspension zum Einnehmen",A
1092235,57482,"Azithromycin Sandoz 250, Filmtabletten",A
1092236,57482,"Azithromycin Sandoz 500, Filmtabletten",A
1454788,67654,"Azithromycin Spirig HC 250 mg, Filmtabletten",A
1454789,67654,"Azithromycin Spirig HC 500 mg, Filmtabletten",A
1611982,58081,"Azithromycin-Mepha 200, Pulver zur Herstellung einer Suspension zum Einnehmen",A
1466887,67761,"Azithromycin-Mepha 250 mg, Filmtabletten",A
1466888,67761,"Azithromycin-Mepha 500 mg, Filmtabletten",A
84113,55236,"Azopt, Augentropfensuspension",B
1512807,68519,"Azyter , collyre en solution",A
1242373,62780,"Azzalure, Pulver zur Herstellung einer Injektionslösung",A
90933,59114,"Bacillus cereus D6, Tropfen zum Einnehmen und Einreiben",D
90934,59151,"Bacillus firmus D4, Injektionslösung",B
90937,59486,"Bacillus firmus D6, Kapseln",D
90939,59110,"Bacillus firmus D6, Tropfen",D
1325228,58720,"Bacillus subtilis D4, Hartkapseln",D
1325227,58723,"Bacillus subtilis D4, Injektionslösung (s.c., i.m.)",B
1416209,58720,"Bacillus subtilis D6, Hartkapseln",D
90944,58723,"Bacillus subtilis D6, Injektionslösung (s.c., i.m.)",B
1407060,58723,"Bacillus subtilis D6, Injektionslösung (s.c., i.m.)",B
1325230,58722,"Bacillus subtilis D6, Tropfen zum Einnehmen",D
1325229,58721,"Bacillus subtilis D6, Zäpfchen",D
1403989,66571,"Baclocalm 10 mg, comprimés",B
1403990,66571,"Baclocalm 25 mg, comprimés",B
1194873,56534,"Baclofen Intrathecal Sintetica 0.05mg/1ml, solution injectable",B
1544002,56534,"Baclofen Intrathecal Sintetica 10mg/20ml, solution injectable",B
1194871,56534,"Baclofen Intrathecal Sintetica 10mg/5ml, solution injectable",B
1544003,56534,"Baclofen Intrathecal Sintetica 10mg/5ml, solution injectable",B
1207167,62441,"Baclofen Sintetica Intrathecal 40mg/20ml, solution injectable",B
1543899,62441,"Baclofen Sintetica Intrathecal 40mg/20ml, solution injectable",B
1145377,48306,"Bactrim forte, Tabletten",A
2816,37887,"Bactrim, Konzentrat zur Herstellung einer Infusionslösung",A
34852,52361,"Bactroban Nasal, Nasensalbe",A
82861,54316,"Bactroban, Crème",B
34851,47667,"Bactroban, Salbe",B
1261212,44524,"Balance PD 1.5% Glucose 1.25 mmol/l Ca, Peritonealdialyselösung",B
1261213,44524,"Balance PD 1.5% Glucose 1.25 mmol/l Ca, Peritonealdialyselösung",B
1261214,44524,"Balance PD 1.5% Glucose 1.25 mmol/l Ca, Peritonealdialyselösung",B
1261215,44524,"Balance PD 1.5% Glucose 1.25 mmol/l Ca, Peritonealdialyselösung",B
1261187,44524,"Balance PD 1.5% Glucose 1.75 mmol/l Ca, Peritonealdialyselösung",B
1261188,44524,"Balance PD 1.5% Glucose 1.75 mmol/l Ca, Peritonealdialyselösung",B
1261190,44524,"Balance PD 1.5% Glucose 1.75 mmol/l Ca, Peritonealdialyselösung",B
1261220,44524,"Balance PD 2.3% Glucose 1.25 mmol/l Ca, Peritonealdialyselösung",B
1261221,44524,"Balance PD 2.3% Glucose 1.25 mmol/l Ca, Peritonealdialyselösung",B
1261222,44524,"Balance PD 2.3% Glucose 1.25 mmol/l Ca, Peritonealdialyselösung",B
1261223,44524,"Balance PD 2.3% Glucose 1.25 mmol/l Ca, Peritonealdialyselösung",B
1261195,44524,"Balance PD 2.3% Glucose 1.75 mmol/l Ca, Peritonealdialyselösung",B
1261196,44524,"Balance PD 2.3% Glucose 1.75 mmol/l Ca, Peritonealdialyselösung",B
1261198,44524,"Balance PD 2.3% Glucose 1.75 mmol/l Ca, Peritonealdialyselösung",B
1261216,44524,"Balance PD 4.25% Glucose 1.25 mmol/l Ca, Peritonealdialyselösung",B
1261217,44524,"Balance PD 4.25% Glucose 1.25 mmol/l Ca, Peritonealdialyselösung",B
1261219,44524,"Balance PD 4.25% Glucose 1.25 mmol/l Ca, Peritonealdialyselösung",B
1261191,44524,"Balance PD 4.25% Glucose 1.75 mmol/l Ca, Peritonealdialyselösung",B
1261192,44524,"Balance PD 4.25% Glucose 1.75 mmol/l Ca, Peritonealdialyselösung",B
1261194,44524,"Balance PD 4.25% Glucose 1.75 mmol/l Ca, Peritonealdialyselösung",B
95224,55786,"Baldriparan für die Nacht, Dragées",D
1538927,41476,"Balmed Hermal F, Medizinisches Oelbad",D
119542,48787,"Balmed Hermal Plus, Medizinisches Oelbad",D
119540,29448,"Balmed Hermal, Medizinisches Oelbad",D
1626495,67660,"Balversa 3 mg, Filmtabletten",A
1626496,67660,"Balversa 4 mg, Filmtabletten",A
1626497,67660,"Balversa 5 mg, Filmtabletten",A
1030471,40805,"Banminth ""Katze"" ad us.vet., Paste",B
1446411,67465,"Baqsimi 3 mg, poudre nasale",B
1047445,57436,"Baraclude 0.05 mg/mL, Lösung zum Einnehmen",A
1047443,57435,"Baraclude 0.5 mg, Filmtabletten",A
1047444,57435,"Baraclude 1 mg, Filmtabletten",A
1116313,59931,Barium comp. Trituratio,D
1362833,66380,"Bavencio 200 mg/10 ml, Konzentrat zur Herstellung einer Infusionslösung",A
1232685,53950,"Beclo Orion Easyhaler, Pulver zur Inhalation",B
3235,20407,"Becozym forte, Dragées",D
1367143,66719,"Bedranol 10 mg, comprimés pelliculés",B
1367144,66719,"Bedranol 40 mg, comprimés pelliculés",B
1367145,66719,"Bedranol 80 mg, comprimés pelliculés",B
3242,36327,"Begrocit, Brausetabletten",D
96830,55278,Bekunis Dragées Bisacodyl,D
112252,55887,"Belara, Filmtabletten",B
1199237,58766,"Belarina, Fimtabletten",B
1616131,69373,"Belasone Leman, pommade",B
1375924,59941,"Belladonna/Betula/Formica, Augentropfen",D
1123406,60272,"Belladonna/Chamomilla, Injektionslösung (s.c.)",B
113206,56191,"Beloc i.v., Injektionslösung",B
34309,52110,"Beloc Zok 100 mg, Retardtabletten",B
34310,52110,"Beloc Zok 200 mg, Retardtabletten",B
95988,52110,"Beloc Zok 25 mg, Retardtabletten",B
34308,52110,"Beloc Zok 50 mg, Retardtabletten",B
3777,25635,"Benadon 300 mg, Lacktabletten",D
1421381,67461,"Bendamustin Accord 100 mg, Pulver für ein Konzentrat zur Herstellung einer Infusionslösung",A
1421380,67461,"Bendamustin Accord 25 mg, Pulver für ein Konzentrat zur Herstellung einer Infusionslösung",A
1412103,67412,"Bendamustin Sandoz 100 mg, Pulver für ein Konzentrat zur Herstellung einer Infusionslösung",A
1412102,67412,"Bendamustin Sandoz 25 mg, Pulver für ein Konzentrat zur Herstellung einer Infusionslösung",A
1113460,54510,"BeneFIX 1000, Trockensubstanz zur i.v. Injektion",B
1108930,54510,"BeneFIX 2000, Trockensubstanz zur i.v. Injektion",B
1113459,54510,"BeneFIX 250, Trockensubstanz zur i.v. Injektion",B
1221416,54510,"BeneFIX 3000, Trockensubstanz zur i.v. Injektion",B
1113458,54510,"BeneFIX 500, Trockensubstanz zur i.v. Injektion",B
1465338,66325,"Benepali 25 mg, Injektionslösung in einer Fertigspritze",B
1395972,66323,"Benepali 50 mg, Injektionslösung im Fertigpen",B
1395973,66325,"Benepali 50 mg, Injektionslösung in einer Fertigspritze",B
78392,25636,"Benerva 100 mg, compresse",D
4108,25636,"Benerva 300 mg, compresse",D
4106,10989,"Benerva, soluzione iniettabile",B
4111,33604,"Benexol B12, Filmtabletten",B
1209127,61532,"Benlysta 120 mg, Pulver zur Herstellung einer Infusionslösung",A
1209126,61532,"Benlysta 400 mg, Pulver zur Herstellung einer Infusionslösung",A
1389907,66585,"Benlysta, Lösung zur subkutanen Injektion (Autoinjektor)",B
4116,36736,"Benocten, Tabletten",B
66378,41925,"Benocten, Tropfen",B
82299,45185,"Benzac 5, Gel",D
4139,25164,"Benzocaine PD, pâte",B
1437741,67244,"Beovu 120mg/1ml, Injektionslösung in Fertigspritze",B
1478024,43891,"Bepanthen MED Plus, Creme",D
1478025,51739,"Bepanthen MED Plus, Spray",D
1510171,42660,"Bepanthen MED, Creme",D
1514505,13308,"Bepanthen MED, Lösung zur Anwendung auf der Haut und in der Mundhöhle",D
1496703,45535,"Bepanthen MED, Nasensalbe",D
1516956,13363,"Bepanthen MED, Salbe",D
29201,45535,"Bepanthen, Nasensalbe",D
1401485,60397,"Berberis/Chelidonium comp., Capsulae",D
1123415,60236,"Berberis/Quarz, Solutio ad injectionem",B
1496989,51950,"Berinert IV 500, Pulver und Lösungsmittel zur Herstellung einer Injektionslösung",B
1445480,67519,"Berinert SC 2000 IU, Pulver und Lösungsmittel zur Herstellung einer Injektionslösung",B
1265345,665,"Beriplex P/N 1000, Pulver und Lösung zur Herstellung einer Injektionslösung",B
1017770,665,"Beriplex P/N 500, Pulver und Lösung zur Herstellung einer Injektionslösung",B
1001769,687,"Berirab 2 ml, Injektionslösung",B
1001770,687,"Berirab 5 ml, Injektionslösung",B
1511104,54503,"Berocca MED, Brausetabletten Cassisaroma",D
1511103,54503,"Berocca MED, Brausetabletten Orangenaroma",D
1511105,54504,"Berocca MED, Filmtabletten",D
116006,55501,"Berodual N, Dosier-Aerosol",B
1361163,66022,"Besponsa 1 mg, Pulver für ein Konzentrat zur Herstellung einer Infusionslösung",A
1450797,67488,"Besremi 250 µg / 0,5 ml, Injektionslösung im Fertigpen",A
1437302,67686,"BETADINA, desinfizierende Lösung",D
1437303,67687,"BETADINA, desinfizierende Wundsalbe 10 mg/g, Salbe",D
1455171,67516,"BETADINA, desinfizierendes Mund- und Rachenspray",D
1455172,67515,"BETADINA, desinfizierendes Puderspray",D
4930,35644,"Betadine desinfizierende Wundsalbe, Salbe",D
4923,34284,"Betadine, desinfizierendes Gurgelkonzentrat",D
1642858,34286,"Betadine, flüssige Seife",D
4928,34282,"Betadine, Lösung standardisiert",D
4931,46090,"Betadine, Salbengaze",D
1074613,53225,"Betaferon, Pulver und Lösungsmittel zur Herstellung einer Injektionslösung",B
1079127,58124,"Betahistin-Mepha 16, Tabletten",B
1079128,58124,"Betahistin-Mepha 24, Tabletten",B
4954,48923,"Betaseptic, alkoholische Povidon-Iod-Lösung",D
29105,36119,"Betaserc 16 mg, Tabletten",B
75601,36119,"Betaserc 24 mg, Tabletten",B
4955,36119,"Betaserc 8 mg, Tabletten",B
1267950,62755,"Betmiga 25 mg, Retardtabletten",B
1267951,62755,"Betmiga 50 mg, Retardtabletten",B
4957,30120,"Betnesol, Tabletten",B
4966,33311,"Betnovate Scalp Application, Lösung",B
4958,30968,"Betnovate, Crème",B
4959,30969,"Betnovate, Lotion",B
4960,30970,"Betnovate, Salbe",B
1116426,59945,Betonica D3/Rosmarinus D3 aa Ampullen (s.c.),B
70278,52838,"Betoptic S Single Dose, Augentropfen",B
54964,51760,"Betoptic S, Augentropfen",B
60097,62633,"Betula/Arnica comp., Globuli velati",D
1123510,60254,"Betula/Arnica comp., Injektionslösung (s.c.)",B
73944,60398,"Betula/Juniperus, Extractum saccharatum",D
1123511,60255,"Betula/Mandragora comp., Solutio ad injectionem",B
1471555,67886,"Bevacizumab-Teva 100 mg/4 ml, Konzentrat zur Herstellung einer Infusionslösung",A
1471556,67886,"Bevacizumab-Teva 400 mg/16 ml, Konzentrat zur Herstellung einer Infusionslösung",A
1452095,67808,"Bexin Efeu Hustensirup, Sirup",D
1639407,69688,"Bexin Hustenstiller Butamirat, Sirup",D
4971,48869,"Bexin Hustentabletten, Fillmtabletten",B
4969,39639,"Bexin, Hustensirup",B
4970,39640,"Bexin, Hustentropfen",B
1603765,65730,"Bexsero, Injektionssuspension",B
1604280,69039,"Beyfortus 100 mg/1 ml, solution injectable en seringue préremplie",A
1604279,69039,"Beyfortus 50 mg/0.5 ml, solution injectable en seringue préremplie",A
79029,55470,"Biafine, Emulsion zur Anwendung auf der Haut",D
1250332,62859,"Bicalutamid Sandoz eco 150 mg, Filmtabletten",B
1250331,62859,"Bicalutamid Sandoz eco 50 mg, Filmtabletten",B
1459066,57666,"Bicalutamid Zentiva 150 mg, Filmtabletten",B
1459065,57666,"Bicalutamid Zentiva 50 mg, Filmtabletten",B
1123648,58427,"Bicalutamid-Teva 150 mg, Filmtabletten",B
1123647,58427,"Bicalutamid-Teva 50 mg, Filmtabletten",B
1020367,56149,"BicaVera 1,5% Glucose, 1,75 mmol/l Calcium, Peritonealdialyselösung",B
1489073,56149,"BicaVera 1.5% Glucose, 1,25 mmol/l Calcium, Peritonealdialyselösung",B
1020368,56149,"BicaVera 2,3% Glucose, 1,75 mmol/l Calcium, Peritonealdialyselösung",B
1489074,56149,"BicaVera 2.3% Glucose, 1,25 mmol/l Calcium, Peritonealdialyselösung",B
1020369,56149,"BicaVera 4,25% Glucose, 1,75 mmol/l Calcium, Peritonealdialyselösung",B
1489075,56149,"BicaVera 4.25% Glucose, 1,25 mmol/l Calcium, Peritonealdialyselösung",B
1027834,66279,"BiCNU 100 mg, Pulver und Lösungsmittel zur Herstellung einer Infusionslösung",A
1616132,68971,"Bijuva 1 mg / 100 mg, Weichkapseln",B
1411007,66834,"Biktarvy, Filmtabletten",A
1521447,68948,"Bilastin axapharm 20 mg, Tabletten",D
1618928,68861,"Bilastin Sandoz 20 mg, Tabletten",D
1495403,68160,"Bilastin Spirig HC 20 mg, Tabletten",D
1509429,68401,"Bilastin Zentiva 20 mg, Tabletten",D
1495404,68002,"Bilastin-Mepha 20 mg, Tabletten",D
1634103,69558,"Bilastin-Mepha Allergie lingual 20 mg, Schmelztablette",D
1521708,69058,"Bilaxin Lingual 20 mg, Schmelztabletten",D
1507763,68381,"Bilaxten 20 mg, Schmelztabletten",D
1509473,61446,"Bilaxten 20 mg, Tabletten",D
1539508,68657,"Bilaxten 6 mg / ml, Augentropfen, Lösung",B
1405149,66712,"Bilaxten kids, Lösung zum Einnehmen",B
1405148,66713,"Bilaxten kids, Schmelztabletten",B
93286,54030,"Bilol 10 mg, Filmtabletten",B
1117622,54030,"Bilol 2.5 mg, Filmtabletten",B
93284,54030,"Bilol 5 mg, Filmtabletten",B
1033572,57382,"Bilol comp. 10/25, Filmtabletten",B
1033571,57382,"Bilol comp. 5/12.5, Filmtabletten",B
1516489,68548,"Bimzelx 160 mg, solution injectable en seringue préremplie",B
1630483,68548,"Bimzelx 160 mg, solution injectable en seringue préremplie",B
1516488,68612,"Bimzelx 160 mg, solution injectable en stylo prérempli",B
1630482,68612,"Bimzelx 160 mg, solution injectable en stylo prérempli",B
1128477,59055,"Binocrit 1000 IE/0,5 ml, Injektionslösung in Fertigspritzen",A
1128484,59055,"Binocrit 10000 IE/1 ml, Injektionslösung in Fertigspritzen",A
1128478,59055,"Binocrit 2000 IE/1 ml, Injektionslösung in Fertigspritzen",A
1128479,59055,"Binocrit 3000 IE/0,3 ml, Injektionslösung in Fertigspritzen",A
1128480,59055,"Binocrit 4000 IE/0,4 ml, Injektionslösung in Fertigspritzen",A
1128481,59055,"Binocrit 5000 IE/0,5 ml, Injektionslösung in Fertigspritzen",A
1128482,59055,"Binocrit 6000 IE/0,6 ml, Injektionslösung in Fertigspritzen",A
1321623,65165,"Binosto 70 mg, Comprimés effervescents",B
5411,38051,"Biodoron 150 mg, Kapseln",B
5410,21521,"Biodoron 5%, Tabletten",D
5422,40506,"Bioflorin, Kapseln",D
1483723,67860,"Biotin Merz 10 mg, Tabletten",D
1288959,65691,"Biotin Merz 5 mg, Tabletten",D
1039713,34149,"Biotin-Biomed forte 5 mg, Tabletten",D
1331300,54155,"Biovigor, sciroppo",D
1355601,66074,"Biphozyl, Lösung für Hämodialyse und Hämofiltration",B
1426237,67690,"Bisacofelan, Dragées",D
1008182,55690,"Bisolvon ad us. vet., Pulver",D
1412506,61245,"Bisolvon Ambroxol 1x PAR JOUR, capsules retard",D
1183509,61441,"Bisolvon Dextromethorphan, sirop",B
1052569,54619,"Bisolvon Hustensirup, Sirup",D
1474977,68163,"Bisolvon Kids sirop contre la toux, sirop",D
1250335,65034,"Bisoprolol Helvepharm 10 mg, Tablette",B
1250333,65034,"Bisoprolol Helvepharm 2.5 mg, Tablette",B
1476005,67933,"Bisoprolol NOBEL  2.5 mg, Filmtabletten",B
1476006,67933,"Bisoprolol NOBEL  5 mg, Filmtabletten",B
1476007,67933,"Bisoprolol NOBEL 10 mg, Filmtabletten",B
1426465,67675,"Bisoprolol Spirig HC 10 mg, Tabletten",B
1426463,67675,"Bisoprolol Spirig HC 2.5 mg, Tabletten",B
1426464,67675,"Bisoprolol Spirig HC 5 mg, Tabletten",B
1522617,65034,"Bisoprolol Zentiva 5 mg, Tabletten",B
1238406,63190,"Bisoprolol-Mepha 10 mg, Tabletten",B
1238404,63190,"Bisoprolol-Mepha 2.5 mg, Tabletten",B
1238405,63190,"Bisoprolol-Mepha 5 mg, Tabletten",B
11193,37154,"Bitumol 20 %, Salbe",D
11221,12570,"Blasosan, Globuli",D
11220,54519,"Blasosan, Tropfen zum Einnehmen",D
1180354,60337,"Bleiglanz/Secale comp., Solutio ad injectionem",B
1638530,69910,"Blenrep 100 mg, Pulver für ein Konzentrat zur Herstellung einer Infusionslösung",A
1638529,69910,"Blenrep 70 mg, Pulver für ein Konzentrat zur Herstellung einer Infusionslösung",A
1015652,35856,"Bleomycin Baxter, Pulver zur Herstellung einer Injektions-/Infusionslösung",A
1315537,65654,"Blincyto 38.5 mcg, Pulver für ein Konzentrat zur Herstellung einer Infusionslösung",A
1377964,62828,"Blissel, gel vaginale",B
1404405,62828,"Blissel, gel vaginale",B
59847,54260,"Blopress 16 mg, Tabletten",B
1079970,54260,"Blopress 32 mg, Tabletten",B
59849,54260,"Blopress 4 mg, Tabletten",B
59848,54260,"Blopress 8 mg, Tabletten",B
82511,55247,"Blopress Plus 16/12.5 mg, Tabletten",B
1133431,55247,"Blopress Plus 32/12.5 mg, Tabletten",B
1133432,55247,"Blopress Plus 32/25 mg, Tabletten",B
97039,55247,"Blopress Plus 8/12.5 mg, Tabletten",B
1408779,63222,"Bocouture 100 LD50-Einheiten, Pulver zur Herstellung einer Injektionslösung",A
1286711,63222,"Bocouture 50 LD50-Einheiten, Pulver zur Herstellung einer Injektionslösung",A
1404406,55938,"Boldocynara Leber-Galle, Tropfen zum Einnehmen",D
1372056,65627,"Boldosan Leber-Galle, Tabletten",D
35329,60400,"Bolus alba comp., Pulvis ad us.int.",D
1027966,57424,"Bondronat 6 mg/6 ml, Infusionslösungskonzentrat",B
1604281,68867,"Bonjesta 20 mg / 20 mg, Tablette mit veränderter Wirkstofffreisetzung",B
1184299,52035,"Bonox, Tabletten",C
1020482,57297,"Bonviva 150 mg, Filmtabletten",B
1045038,57526,"Bonviva i.v., Injektionslösung",B
1005296,681,"Boostrix Polio, Injektionssuspension",B
1610807,681,"Boostrix Polio, Injektionssuspension",B
1610806,637,"Boostrix, Injektionssuspension",B
1123513,60269,"Borago comp., Injektionslösung (s.c.)",B
1123527,60288,"Borago ex herba, Tinctura ad us. ext.",D
1486516,68276,"Bortezomib Accord liquid 2.5 mg/1 ml, Injektionslösung",A
1486517,68276,"Bortezomib Accord liquid 3.5 mg/1.4 ml, Injektionslösung",A
1431593,67421,"Bortezomib liquid Spirig HC 3.5 mg/1.4 ml, Injektionslösung",A
1519591,67421,"Bortezomib liquid Spirig HC 7 mg/2.8 ml, Injektionslösung",A
1394344,67167,"Bortezomib Sandoz 1 mg, Pulver zur Herstellung einer Injektionslösung",A
1394343,67167,"Bortezomib Sandoz 3.5 mg, Pulver zur Herstellung einer Injektionslösung",A
1481085,68344,"Bortezomib Zentiva 1.0 mg, Lyophilisat zur Herstellung einer Injektionslösung",A
1481086,68344,"Bortezomib Zentiva 3.5 mg, Lyophilisat zur Herstellung einer Injektionslösung",A
1355259,65991,"Bosentan-Mepha 125 mg, Filmtabletten",B
1355258,65991,"Bosentan-Mepha 62.5 mg, Filmtabletten",B
1256740,62270,"Bosulif 100 mg, Filmtabletten",A
1379357,62270,"Bosulif 400 mg, Filmtabletten",A
1256741,62270,"Bosulif 500 mg, Filmtabletten",A
1546836,69145,"Bosutinib Sandoz 100 mg, Filmtabletten",A
1546837,69145,"Bosutinib Sandoz 400 mg, Filmtabletten",A
1546838,69145,"Bosutinib Sandoz 500 mg, Filmtabletten",A
1622289,69464,"Bosutinib Spirig HC 100 mg, Filmtabletten",A
1622290,69464,"Bosutinib Spirig HC 400 mg, Filmtabletten",A
1622291,69464,"Bosutinib Spirig HC 500 mg, Filmtabletten",A
67675,52433,"Botox 100 Allergan-Einheiten, Pulver zur Herstellung einer Injektionslösung",A
1079557,52433,"Botox 50 Allergan-Einheiten, Pulver zur Herstellung einer Injektionslösung",A
124502,55767,"Bovisan D5, Kapseln",B
1427104,66795,"Braftovi 50 mg, Hartkapseln",A
1427105,66795,"Braftovi 75 mg, Hartkapseln",A
1121440,58751,"Bramitob, solution pour inhalation par nébuliseur",A
105997,43468,"Braunoderm gefärbt, Lösung",D
13499,43468,"Braunoderm ungefärbt, Lösung",D
107459,43469,"Braunol, Lösung",D
13506,43557,"Braunovidon, Salbe",D
1294943,65243,"Bravecto L ad us. vet., Kautablette",B
1294944,65243,"Bravecto M ad us. vet., Kautablette",B
1294945,65243,"Bravecto S ad us. vet., Kautablette",B
1294947,65243,"Bravecto XL ad us. vet., Kautablette",B
1294946,65243,"Bravecto XS ad us. vet., Kautablette",B
98162,49576,"Brevibloc 100 mg, Injektionslösung",B
98161,49576,"Brevibloc 2,5 g/250 ml, Infusionslösung",B
1499318,67469,"Breyanzi, Suspension",A
13523,48943,"Bricanyl Turbuhaler, Pulver mit Applikator",B
1144857,58509,"Bridion 200 mg/2 ml, Injektionslösung",B
1144861,58509,"Bridion 500 mg/5 ml, Injektionslösung",B
1332800,61389,"Brilique 60 mg, Filmtabletten",B
1183510,61389,"Brilique 90 mg, Filmtabletten",B
1380163,66822,"Brilique 90 mg, Schmelztabletten",B
1443498,67312,"Brimo-Vision 2 mg/ml, Augentropfen Lösung im Einzeldosisbehältnis",B
1177207,61304,"Brinavess 500 mg, Konzentrat zur Herstellung einer Infusionslösung",B
1323040,65937,"Brintellix 10 mg, Filmtabletten",B
1323041,65937,"Brintellix 20 mg, Filmtabletten",B
1323043,65938,"Brintellix 20 mg/ml, Tropfen zum Einnehmen, Lösung",B
1323039,65937,"Brintellix 5 mg, Filmtabletten",B
1637303,69599,"Briumvi 25 mg/ml, Konzentrat zur Herstellung einer Infusionslösung",A
125336,55465,"Brivex, Tabletten",A
1333091,65831,"Briviact 10 mg, comprimés pelliculés",B
1333096,65832,"Briviact 10 mg/ml, solution buvable",B
1333095,65831,"Briviact 100 mg, comprimés pelliculés",B
1333092,65831,"Briviact 25 mg, comprimés pelliculés",B
1333093,65831,"Briviact 50 mg, comprimés pelliculés",B
1333097,65830,"Briviact 50 mg/5 ml, solution injectable",B
1333094,65831,"Briviact 75 mg, comprimés pelliculés",B
60706,54022,"Bronchialpastillen S, Pastillen",E
1358590,65999,"Bronchipret Thymian Efeu, Sirup",D
1437100,57543,"Bronchipret TP, Filmtabletten",D
89494,55249,"Bronchosan, Husten-Tropfen",D
1415641,65305,"Bronchostop Duo Hustensaft, Lösung zum Einnehmen",D
1395974,66610,"BronchostopDUO Hustenpastillen, Lutschpastillen",D
13667,596,"Broncho-Vaxom adultes, capsules",D
13666,597,"Broncho-Vaxom enfants, capsules",D
1499899,667,"Broncho-Vaxom enfants, sachets",D
13701,45031,"Brufen 200 mg, Filmtabletten",B
13700,45031,"Brufen 400 mg, Filmtabletten",B
13699,45031,"Brufen 600 mg, Filmtabletten",B
13709,50072,"Brufen retard, Filmtabletten",B
1331374,49669,"Brufen, Brausegranulat",B
1495146,67998,"Brukinsa 80 mg, Hartkapseln",A
1559668,69071,"Bryonia / Spongia comp., Tropfen zum Einnehmen",D
1116432,59736,"Bryonia D3, Ampullen (s.c.)",B
1123543,60287,"Bryonia/Stannum, Injektionslösung (s.c.)",B
1264844,60308,"Bryonia/Viscum comp., Solutio ad injectionem",B
1116434,59951,"Bryophyllum 5%, Ampullen (s.c.)",B
1323401,59501,"Bryophyllum 50 %, Kautabletten",D
1116437,59835,"Bryophyllum 50%/Conchae 50% aa, Pulver",D
1312627,59954,Bryophyllum Argento cultum D2 Dilutio,D
1116438,59837,"Bryophyllum Argento cultum Rh D2, Ampullen (s.c.)",B
1028607,59836,"Bryophyllum Argento cultum Rh D3, Dilutio aquosa",D
1269080,59814,"Bryophyllum D5/Conchae D7 aa, Ampullen (i.v.)",B
1116443,59815,"Bryophyllum D5/Conchae D7 aa, Ampullen (s.c.)",B
13716,680,"Buccalin, compresse",D
13722,45792,"Bucco Tantum Spray, Lösung",D
1219801,62556,"Buccolam 10mg/2mL, Lösung zur Anwendung in der Mundhöhle",B
1219798,62556,"Buccolam 2.5mg/0.5mL, Lösung zur Anwendung in der Mundhöhle",B
1219799,62556,"Buccolam 5mg/1mL, Lösung zur Anwendung in der Mundhöhle",B
1219800,62556,"Buccolam 7.5mg/1.5mL, Lösung zur Anwendung in der Mundhöhle",B
13721,39997,"Bucco-Tantum, Mundspül- und Gurgellösung",D
1167028,59263,"Budenofalk 2 mg, Rektalschaum",B
67801,53259,"Budenofalk 3 mg, capsules",B
1558250,68683,"Budenofalk 4 mg, Zäpfchen",B
1182041,61405,"Budenofalk Uno 9 mg, magensaftresistentes Granulat",B
1121433,58490,"Budesonid Sandoz 64, Pumpspray",B
1631710,68516,"Budesonid Spirig HC 3 mg, Hartkapsel mit veränderter Wirkstofffreisetzung",B
13741,15440,"Bulboid für Erwachsene, Suppositorien",D
13740,15440,"Bulboid für Säuglinge und Kinder, Suppositorien",D
1312367,63081,"Bupaq ad us.vet., Injektionslösung",A
1384862,66596,"Bupaq P ad us. vet., Injektionslösung",A
1133478,56479,"Bupivacain 1.25 mg/mL - Fentanyl 2 µg/ml Sintetica, soluzione per infusione",A
1133471,56479,"Bupivacain 1mg/mL - Fentanyl 2 µg/ml Sintetica, soluzione per infusione",A
1469537,55529,"Bupivacain 5 mg/ml hyperbar Sintetica, soluzione iniettabile",B
1146519,55727,"Bupivacain Sintetica 1,25 mg/ml, soluzione per infusione",B
1558137,55727,"Bupivacain Sintetica 1,25 mg/ml, soluzione per infusione",B
1558138,55727,"Bupivacain Sintetica 1,25 mg/ml, soluzione per infusione",B
28169,48351,"Bupivacain Sintetica 2,5 mg/ml, soluzione iniettabile",B
1479315,48351,"Bupivacain Sintetica 2,5 mg/ml, soluzione iniettabile",B
1146520,55727,"Bupivacain Sintetica 2,5 mg/ml, soluzione iniettabile o per infusione",B
1479316,48351,"Bupivacain Sintetica 40 mg/ml, concentrato per soluzione iniettabile",B
1479131,48351,"Bupivacain Sintetica 5 mg/ml ampoule, soluzione iniettabile",B
1515796,48351,"Bupivacain Sintetica 5 mg/ml ampoule, soluzione iniettabile",B
1515797,48351,"Bupivacain Sintetica 5 mg/ml ampoule, soluzione iniettabile",B
1515441,55727,"Bupivacain Sintetica 5 mg/ml vial, soluzione iniettabile",B
1284653,65188,"Buprenorphin-Mepha 0.4 mg, Sublingualtabletten",A
1284654,65188,"Buprenorphin-Mepha 2 mg, Sublingualtabletten",A
1306776,65809,"Buprenorphin-Mepha 35ug/h, Transdermale Pflaster",A
1306777,65809,"Buprenorphin-Mepha 52.5 ug/h, Transdermale Pflaster",A
1306778,65809,"Buprenorphin-Mepha 70 ug/h, Transdermale Pflaster",A
1284655,65188,"Buprenorphin-Mepha 8 mg, Sublingualtabletten",A
1541375,68628,"Bupropion XR Sandoz 150 mg, Retardtabletten",B
1541376,68628,"Bupropion XR Sandoz 300 mg, Retardtabletten",B
22775,49417,"Burgerstein EPA-Kapseln 500mg, Kapseln",D
22874,48801,"Burgerstein EPO Nachtkerzenöl, Kapseln",E
6994,47049,"Burgerstein Magnesiumorotat, Tabletten",D
1343260,47054,"Burgerstein Vitamin B6, Filmtabletten",D
1321225,44259,"Burgerstein Vitamin C retard, Hartkapseln",D
23462,38407,Burgerstein Vitamin E-Kapseln 100 I.E.,D
23463,44562,Burgerstein Vitamin E-Kapseln 400 I.E.,D
21935,47133,"Burgerstein Zinkglukonat 30 mg, Tabletten",B
1500582,68814,"Burn-X, magensaftresistente Tabletten",D
1111542,17352,"Buscopan Inject, Injektionslösung",B
13764,17353,"Buscopan, Dragées",D
1080106,56802,"Buscopan, Dragées",D
13765,17354,"Buscopan, Suppositorien",D
1314140,65250,"Butomidor 10mg/ml ad us. vet., Injektionslösung für Pferde, Hunde und Katzen",B
1467985,67941,"Buvidal 128 mg, Depot-Injektionslösung",A
1467980,67941,"Buvidal 16 mg, Depot-Injektionslösung",A
1467981,67941,"Buvidal 24 mg, Depot-Injektionslösung",A
1467982,67941,"Buvidal 32 mg, Depot-Injektionslösung",A
1467983,67941,"Buvidal 64 mg, Depot-Injektionslösung",A
1467979,67941,"Buvidal 8 mg, Depot-Injektionslösung",A
1467984,67941,"Buvidal 96 mg, Depot-Injektionslösung",A
1454790,67503,"Bydureon BCise 2 mg, Depot-lnjektionssuspension in einem Autoinjektor",B
1510860,68690,"Byooviz 10 mg / mL, Injektionslösung in Durchstechflasche",B
1371958,53362,"Cabaser 1 mg, Tabletten",B
1371959,53362,"Cabaser 2 mg, Tabletten",B
1482047,68299,"Cabazitaxel Accord 60 mg/3 ml, Konzentrat zur Herstellung einer Infusionslösung",A
1544668,69233,"Cabazitaxel Labatec 60 mg/6 ml, solution à diluer pour perfusion",A
1433219,67542,"Cabazitaxel Sandoz 60 mg/6 ml, Konzentrat zur Herstellung einer Infusionslösung",A
1539509,68959,"Cabazitaxel Spirig HC 60 mg/3 ml, Konzentrat zur Herstellung einer Infusionslösung",A
1534728,69122,"Cabazitaxel Viatris 60 mg/3 ml, Konzentrat zur Herstellung einer Infusionslösung",A
1517052,68597,"Cabazitaxel-Teva 60 mg/6 ml, Konzentrat zur Herstellung einer Infusionslösung",A
1423799,66792,"Cablivi 10mg, poudre et solvent pour solution injectable",B
1375131,66471,"Cabometyx 20 mg, Filmtabletten",A
1375132,66471,"Cabometyx 40 mg, Filmtabletten",A
1375133,66471,"Cabometyx 60 mg, Filmtabletten",A
1163401,60654,"Cadmium sulfuricum / Cetraria islandica comp., Tropfen zum Einnehmen",D
1037563,57633,"Caduet 10/10, Filmtabletten",B
1037552,57633,"Caduet 5/10, Filmtabletten",B
69679,54273,"Caelyx, Konzentrat zur Herstellung einer Infusionslösung",A
1362044,53929,"Calcimagon-D3 500/800, Kautabletten mit Orangengeschmack",D
1361899,53929,"Calcimagon-D3 500/800, Kautabletten mit Zitronengeschmack",D
1326062,53929,"Calcimagon-D3 forte, Kautabletten mit Zitronengeschmack",D
1361901,53929,"Calcimagon-D3, Kautabletten mit Spearmintgeschmack",D
1361900,53929,"Calcimagon-D3, Kautabletten mit Zitronengeschmack",D
1310483,65269,"Calcipotriol-Betamethason-Mepha, Salbe",B
1613668,69164,"Calcitriol Devatis 0,25 μg, Weichkapseln",B
1613669,69164,"Calcitriol Devatis 0,5 μg, Weichkapseln",B
1310643,55950,"Calcitriol Salmon Pharma 0,25 ug, Kapseln",B
1310049,55950,"Calcitriol Salmon Pharma 0,5 ug, Kapseln",B
1226560,63016,"Calcium carbonicum cum Quercu D6, Globuli velati",D
1232687,60302,"Calcium carbonicum cum Quercu D6, Injektionslösung (s.c., i.v.)",B
1257923,60366,"Calcium carbonicum/Mesenchym comp., Solutio ad injectionem",B
1376764,53628,"Calcium D3 Sandoz 1000/880, Instant-Pulver mit Zitronenaroma",D
1309539,65824,"Calcium D3 Sandoz 500/1000, Kautabletten",D
1376763,53628,"Calcium D3 Sandoz 500/440, Instant-Pulver mit Zitronenaroma",D
1517082,55760,"Calcium D3 Sandoz 500/440, Kautabletten mit Aprikosenaroma",D
1517083,55760,"Calcium D3 Sandoz 500/440, Kautabletten mit Orangenaroma",D
1299046,59096,"Calcium D3-Mepha 1200/800, Brausetabletten",D
108092,60159,"Calcium phosphoricum comp., Tropfen zum Einnehmen",D
24389,52622,"Calcium-Acetat Salmon Pharma 500 mg, Filmtabletten",B
13987,50974,"Calcium-Acetat-Phosphatbinder Bichsel, Kapseln",B
24391,50383,"Calcium-Carbonat Salmon Pharma 500 mg, Filmtabletten",B
1168383,51076,"Calciumfolinat Sandoz, Kapseln",B
1248084,56659,"Calciumgluconat 2.5% AApot, Hydrogel",D
26942,59747,"Calendula D4, Augentropfen",D
14008,32209,"Callimon, Brausetabletten",D
1222183,62038,"Calmedoron, Globuli",D
1254290,62854,"Calmedoron, Tropfen zum Einnehmen",D
14014,40018,"Calmerphan-L, Sirup",B
1283910,54822,"Calperos D3, Lutschtabletten Mint",D
1534596,68817,"Calquence 100 mg, Filmtabletten",A
1017434,54953,"Calvakehl D3, Tropfen",D
1119702,59057,"Camilia, liquide oral en récipient unidose",D
1186749,60166,"Camphora comp., Tropfen",D
53138,53090,"Campral, magensaftresistente Filmtabletten",B
65701,53470,"Campto 100 mg/5 ml, Konzentrat zur Herstellung einer Infusionslösung",A
1081007,53470,"Campto 300 mg/15 ml, Konzentrat zur Herstellung einer Infusionslösung",A
65697,53470,"Campto 40 mg/2 ml, Konzentrat zur Herstellung einer Infusionslösung",A
1542634,68477,"Camzyos   5 mg, Hartkapseln",B
1542633,68477,"Camzyos  2.5 mg, Hartkapseln",B
1542635,68477,"Camzyos 10 mg, Hartkapseln",B
1542636,68477,"Camzyos 15 mg, Hartkapseln",B
111122,55584,"Cancidas 50 mg, Pulver zur Herstellung einer Infusionslösung",A
111124,55584,"Cancidas 70 mg, Pulver zur Herstellung einer Infusionslösung",A
1544980,68860,"Candesartan Amlodipin Sandoz 16 mg/10 mg, Hartkapseln",B
1544979,68860,"Candesartan Amlodipin Sandoz 16 mg/5 mg, Hartkapseln",B
1544978,68860,"Candesartan Amlodipin Sandoz 8 mg/10 mg, Hartkapseln",B
1544977,68860,"Candesartan Amlodipin Sandoz 8 mg/5 mg , Hartkapseln",B
1498252,62569,"Candesartan CPS 16 mg, Tabletten",B
1498253,62569,"Candesartan CPS 32 mg, Tabletten",B
1498251,62569,"Candesartan CPS 8 mg, Tabletten",B
1436658,62321,"Candesartan HCT Zentiva 16/12.5 mg, Tabletten",B
1436659,62321,"Candesartan HCT Zentiva 32/12.5 mg, Tabletten",B
1436660,62321,"Candesartan HCT Zentiva 32/25 mg, Tabletten",B
1436657,62321,"Candesartan HCT Zentiva 8/12.5 mg, Tabletten",B
1498255,62570,"Candesartan Plus CPS 16/12.5 mg, Tabletten",B
1498256,62570,"Candesartan Plus CPS 32/12.5 mg, Tabletten",B
1498257,62570,"Candesartan Plus CPS 32/25 mg, Tabletten",B
1498254,62570,"Candesartan Plus CPS 8/12.5 mg, Tabletten",B
1152155,58670,"Candesartan Sandoz 16 mg, Tabletten",B
1152156,58670,"Candesartan Sandoz 32 mg, Tabletten",B
1152152,58670,"Candesartan Sandoz 4 mg, Tabletten",B
1152154,58670,"Candesartan Sandoz 8 mg, Tabletten",B
1330873,66096,"Candesartan Spirig HC 16 mg, Tabletten",B
1330874,66096,"Candesartan Spirig HC 32 mg, Tabletten",B
1330871,66096,"Candesartan Spirig HC 4 mg, Tabletten",B
1330872,66096,"Candesartan Spirig HC 8 mg, Tabletten",B
1436663,62319,"Candesartan Zentiva 16 mg, Tabletten",B
1436664,62319,"Candesartan Zentiva 32 mg, Tabletten",B
1436661,62319,"Candesartan Zentiva 4 mg, Tabletten",B
1436662,62319,"Candesartan Zentiva 8 mg, Tabletten",B
1470158,67656,"Candesartan-Amlodipin-Mepha 16 mg/10 mg, Kapseln",B
1470157,67656,"Candesartan-Amlodipin-Mepha 16 mg/5 mg, Kapseln",B
1470156,67656,"Candesartan-Amlodipin-Mepha 8 mg/10 mg, Kapseln",B
1470155,67656,"Candesartan-Amlodipin-Mepha 8 mg/5 mg, Kapseln",B
1395623,59442,"Candida compositum D5, Tropfen",D
1404274,59443,"Candida parapsilosis D4, Kapseln",D
1401486,59440,"Candida parapsilosis D5, Tropfen",D
1462929,67419,"Canephron, überzogene Tabletten",D
1292206,37510,"Canesten, Creme",D
1285060,39725,"Canesten, Spray zur Anwendung auf der Haut, Lösung",D
1008525,47066,"Caniphedrin 20 mg ad us. vet., Tabletten für Hunde",B
1008526,47066,"Caniphedrin 50 mg ad us. vet., Tabletten für Hunde",B
1208437,60929,"Cansartan-Mepha 16, Tabletten",B
1208438,60929,"Cansartan-Mepha 32, Tabletten",B
1208435,60929,"Cansartan-Mepha 4, Tabletten",B
1208436,60929,"Cansartan-Mepha 8, Tabletten",B
1208585,61215,"Cansartan-Mepha plus 16/12.5, Tabletten",B
1277875,61215,"Cansartan-Mepha plus 32/12.5, Tabletten",B
1277876,61215,"Cansartan-Mepha plus 32/35, Tabletten",B
1208584,61215,"Cansartan-Mepha plus 8/12.5, Tabletten",B
26866,63212,"Cantharis comp., Globuli velati",D
1123565,60289,"Cantharis comp., Injektionslösung (s.c.)",B
1421440,66982,"Capecitabin Accord 150 mg, Filmtabletten",A
1421441,66982,"Capecitabin Accord 500 mg, Filmtabletten",A
1470160,62835,"Capecitabin Zentiva 150 mg, Filmtabletten",A
1470161,62835,"Capecitabin Zentiva 500 mg, Filmtabletten",A
1227501,62822,"Capecitabin-Teva 150 mg, Filmtabletten",A
1227502,62822,"Capecitabin-Teva 500 mg, Filmtabletten",A
1207012,62341,"Caprelsa 100 mg, comprimés pelliculés",A
1207011,62341,"Caprelsa 300 mg, comprimés pelliculés",A
14100,39716,"Caprisana, Salbe",D
1014651,55168,"Capstar S ad us.vet., Tabletten",D
1450987,67376,"Carbaglu 200 mg, Tabletten zur Herstellung einer Suspension zum Einnehmen",B
14107,38499,"Carbamid + VAS Widmer, Crème",B
1089698,38498,"Carbamid Crème Widmer, Crème",D
1343261,49236,Carbamid Emulsion Widmer,D
1072629,57275,"Carbidopa/Levodopa Sandoz CR 25/100, Retardtabletten",B
1072631,57275,"Carbidopa/Levodopa Sandoz CR 50/200, Retardtabletten",B
1163410,60655,"Carbo animalis / Corallium rubrum comp., Tropfen zum Einnehmen",D
1177869,60656,"Carbo animalis / Graphites comp., Tropfen zum Einnehmen",D
1163413,60660,"Carbo animalis / Spigelia anthelmia comp., Tropfen zum Einnehmen",D
1395387,66945,"Carbo Betulae comp., Kapseln",D
1116681,59890,"Carbo Betulae D8/Crataegus D2 aa, Ampullen (s.c.)",B
14117,37456,"Carbolevure, Capsules pour adultes",D
14116,37456,"Carbolevure, Capsules pour enfants",D
1177870,60661,"Carboneum sulfuratum / Helleborus niger comp., Tropfen zum Einnehmen",D
1389615,66717,"Carboplatin Accord 150 mg/15 ml, Infusionslösung",A
1389616,66717,"Carboplatin Accord 450 mg/45 ml, Infusionslösung",A
1389614,66717,"Carboplatin Accord 50 mg/5 ml, Infusionslösung",A
1389617,66717,"Carboplatin Accord 600 mg/60 ml, Infusionslösung",A
1224651,62902,"Carboplatin Labatec 150 mg / 15 ml, solution pour perfusion",A
1224652,62902,"Carboplatin Labatec 450 mg / 45 ml, solution pour perfusion",A
1253896,62902,"Carboplatin Labatec 50 mg / 5 ml, solution pour perfusion",A
1224653,62902,"Carboplatin Labatec 600 mg / 60 ml, solution pour perfusion",A
1363148,54829,"Carboplatin Sandoz 150 mg/15 ml, Infusionslösung",A
1363149,54829,"Carboplatin Sandoz 450 mg/45 ml, Infusionslösung",A
1363147,54829,"Carboplatin Sandoz 50 mg/5 ml, Infusionslösung",A
1363150,54829,"Carboplatin Sandoz 600 mg/60 ml, Infusionslösung",A
1346002,58289,"Carboplatin-Teva liquid 150 mg / 15 ml, Infusionslösung",A
1346003,58289,"Carboplatin-Teva liquid 450 mg / 45 ml, Infusionslösung",A
1346001,58289,"Carboplatin-Teva liquid 50 mg / 5 ml, Infusionslösung",A
1346004,58289,"Carboplatin-Teva liquid 600 mg / 60 ml, Infusionslösung",A
14351,36988,"Carbostesin 0,25 %, Injektionslösung",B
1557011,36988,"Carbostesin 0,25 %, Injektionslösung",B
14358,45590,"Carbostesin 0,5 % hyperbar, Injektionslösung",B
14352,36988,"Carbostesin 0,5 %, Injektionslösung",B
1557010,36988,"Carbostesin 0,5 %, Injektionslösung",B
14354,33998,"Carbostesin-Adrenalin 0,25 %, Injektionslösung",B
14355,33998,"Carbostesin-Adrenalin 0,5 %, Injektionslösung",B
14359,48914,"Carboticon, capsules",D
1174844,61450,"Carbovit, orale Suspension",D
1256439,55197,"Cardiax ASS 100, Filmtabletten",B
40048,51366,"Cardinorma, Tropfen zum Einnehmen",B
1454791,67272,"Cardiodoron neue Formel, Tropfen zum Einnehmen",D
1555625,68015,"Cardioplexol, Kardioplege Lösung",B
118101,55921,"Cardiplant 450, Filmtabletten",D
1046263,54617,"Cardura CR 4 mg, Filmtabletten",B
1046264,54617,"Cardura CR 8 mg, Filmtabletten",B
1186750,60160,"Carduus marianus comp., Tropfen",D
1123584,60250,"Carduus marianus/Oxalis, Solutio ad injectionem",B
1123583,60248,"Carduus marianus/Viscum Mali comp., Solutio ad injectionem",B
1457754,67670,"Cariban 10 mg/10 mg, gélule à libération modifiée",B
1434948,67161,"Carmenthin, magensaftresistente Weichkapsel",B
1605450,56866,"Carmol Bonbons contre la toux, comprimés à sucer",E
1509915,62343,"Carmol Bonbons pour la gorge, comprimés à sucer",E
14427,21861,Carmol Gouttes,D
101159,53164,"Carmol Massagefluid, Einreibemittel",D
1605452,59251,"Carmol pastilles contre la toux, Pastilles",E
114949,48529,Carmol Sportgel,D
1399553,48508,"Carnitene 1 g/10 ml, Trinklösung",B
1399554,43716,"Carnitene 1.0 g/5.0 ml, Injektionslösung",B
1399555,47597,"Carnitene,  Sirup",B
1399552,48509,"Carnitene, Kautabletten",B
1523938,62265,"Cartilago comp., Creme",D
68183,60249,"Cartilago comp., Solutio ad injectionem",B
1017517,58960,"Cartilago suis compositum ad us. vet., Injektionslösung",B
1408794,67009,"Cartilago suis compositum ad us. vet., Tabletten",D
81930,59000,"Cartilago suis compositum, Injektionslösung (s.c., i.m.)",B
81929,59001,"Cartilago suis compositum, Tabletten",D
1123644,60291,"Cartilago/Echinacea comp., Globuli velati",D
1123645,60251,"Cartilago/Mandragora comp., Solutio ad injectionem",B
1058521,57606,"Carvedilol Sandoz 12.5, Tabletten",B
1058522,57606,"Carvedilol Sandoz 25, Tabletten",B
1058523,57606,"Carvedilol Sandoz 50, Tabletten",B
1058520,57606,"Carvedilol Sandoz 6.25, Tabletten",B
1248404,57623,"Carvedilol Spirig HC 12.5, Tabletten",B
1248405,57623,"Carvedilol Spirig HC 25, Tabletten",B
1248402,57623,"Carvedilol Spirig HC 3.125, Tabletten",B
1248403,57623,"Carvedilol Spirig HC 6.25, Tabletten",B
1442858,57821,"Carvedilol Zentiva 12.5 mg, Tabletten",B
1442859,57821,"Carvedilol Zentiva 25 mg, Tabletten",B
1442857,57821,"Carvedilol Zentiva 6.25 mg, Tabletten",B
1052872,57652,"Carvedilol-Mepha 12.5, Tabletten",B
1052873,57652,"Carvedilol-Mepha 25, Tabletten",B
1052870,57652,"Carvedilol-Mepha 3.125 , Tabletten",B
1052871,57652,"Carvedilol-Mepha 6.25, Tabletten",B
1624527,68978,"Casgevy 4-13 x 10e6 cells/ml, Infusionsdispersion",A
94559,53312,"Casodex 150 mg, Filmtabletten",B
43694,53312,"Casodex 50 mg, Filmtabletten",B
1505097,68433,"Caspofungin Labatec 50 mg, Poudre pour solution à diluer pour perfusion",A
1505098,68433,"Caspofungin Labatec 70 mg, Poudre pour solution à diluer pour perfusion",A
1360740,66716,"Caspofungin Sandoz eco 50mg i.v., Pulver für ein Konzentrat zur Herstellung einer Infusionslösung",A
1360741,66716,"Caspofungin Sandoz eco 70mg i.v., Pulver für ein Konzentrat zur Herstellung einer Infusionslösung",A
1557441,67186,"Caspofungin Viatris 50 mg, Pulver für ein Konzentrat zur Herstellung einer Infusionslösung",A
1557442,67186,"Caspofungin Viatris 70 mg, Pulver für ein Konzentrat zur Herstellung einer Infusionslösung",A
1411191,67231,"Caspofungin-Mepha 50 mg, Pulver für ein Konzentrat zur Herstellung einer Infusionslösung",A
1411192,67231,"Caspofungin-Mepha 70 mg, Pulver für ein Konzentrat zur Herstellung einer Infusionslösung",A
27846,38638,"Catapresan, Injektionslösung",B
27847,33148,"Catapresan, Tabletten",B
1621323,69231,"Catiolanze, Emulsion ophtalmique en gouttes en récipient unidose",B
1238362,52510,"Caverject 10 ug, Injektionspräparat",A
1238363,52510,"Caverject 20 ug, Injektionspräparat",A
107968,55674,"Caverject DC 10, Pulver und Lösungsmittel zur Herstellung einer Injektionslösung in einer Fertigspritze",A
107971,55674,"Caverject DC 20, Pulver und Lösungsmittel zur Herstellung einer Injektionslösung in einer Fertigspritze",A
1170937,59389,"Cayston, Pulver und Lösungsmittel zur Herstellung einer Lösung für einen Vernebler (mit Altera-Vernebler)",A
14451,41720,"Ceclor 250 mg, Granulat zur Herstellung einer oralen Suspension",A
40898,52179,"Ceclor Retard 375 mg, Filmtabletten",A
40899,52179,"Ceclor Retard 500 mg, Filmtabletten",A
40900,52179,"Ceclor Retard 750 mg, Filmtabletten",A
1062643,45352,"Cedur retard, Retardtabletten",B
1004553,56113,"Cefamadar, Tabletten",D
1149982,60009,"Cefazolin Labatec 1 g i.v./i.m., poudre pour solution injectable ou pour perfusion",A
1149983,60009,"Cefazolin Labatec 2 g i.v., poudre pour solution pour perfusion",A
1016366,55729,"Cefazolin Sandoz 1 g i.m./ i.v., Pulver zur Herstellung einer Injektions-/Infusionslösung",A
1634916,69642,"Cefepime OrPha 1 g, Pulver zur Herstellung einer Injektions-/Infusionslösung",A
1634917,69642,"Cefepime OrPha 2 g, Pulver zur Herstellung einer Injektions-/Infusionslösung",A
1067826,57474,"Cefpodoxim Sandoz 100, Filmtabletten",A
1067827,57474,"Cefpodoxim Sandoz 200, Filmtabletten",A
1146879,59876,"Ceftriaxon Labatec 1 g i.v./i.m., poudre pour solution injectable",A
1146883,59876,"Ceftriaxon Labatec 2 g i.v., poudre pour solution pour perfusion",A
1521710,68535,"Ceftriaxon Lagap 1000 mg i.v./i.m., Polvere per soluzione iniettabile",A
1521711,68535,"Ceftriaxon Lagap 2000 mg i.v., Polvere per soluzione per infusione",A
1521709,68535,"Ceftriaxon Lagap 500 mg i.v., Polvere per soluzione iniettabile",A
1123663,58694,"Cefuroxim Axapharm 250 mg, Filmtabletten",A
1123665,58694,"Cefuroxim Axapharm 500 mg, Filmtabletten",A
1145092,61338,"Cefuroxim Fresenius i.v. 1500 mg, Pulver zur Herstellung einer Injektions-/Infusionslösung",A
1145091,61338,"Cefuroxim Fresenius i.v. 750 mg, Pulver zur Herstellung einer Injektions-/Infusionslösung",A
1170445,61475,"Cefuroxim Labatec i.v. 1,5 g, poudre pour solution injectable/pour perfusion",A
1170444,61475,"Cefuroxim Labatec i.v. 750 mg, poudre pour solution injectable",A
1028781,55987,"Cefuroxim Sandoz 250mg, Filmtabletten",A
1556564,55987,"Cefuroxim Sandoz 250mg, Filmtabletten",A
1028782,55987,"Cefuroxim Sandoz 500mg, Filmtabletten",A
1556565,55987,"Cefuroxim Sandoz 500mg, Filmtabletten",A
1256983,61209,"Cefuroxim Spirig HC 250 mg, Filmtabletten",A
1256984,61209,"Cefuroxim Spirig HC 500 mg, Filmtabletten",A
1011763,56958,"Cefuroxim-Mepha 250, Filmtabletten",A
1011765,56958,"Cefuroxim-Mepha 500, Filmtabletten",A
72831,54994,"Celebrex 100 mg, Hartkapseln",B
72832,54994,"Celebrex 200 mg, Hartkapseln",B
1488175,68029,"Celecoxib axapharm 100 mg, Hartkapseln",B
1488176,68029,"Celecoxib axapharm 200 mg, Hartkapseln",B
1268606,63184,"Celecoxib Helvepharm 100 mg, Kapseln",B
1268607,63184,"Celecoxib Helvepharm 200 mg, Kapseln",B
1251738,62936,"Celecoxib Sandoz 100 mg, Hartkapseln",B
1251739,62936,"Celecoxib Sandoz 200 mg, Hartkapseln",B
1272689,63220,"Celecoxib Spirig HC 100 mg, Hartkapseln",B
1272690,63220,"Celecoxib Spirig HC 200 mg, Hartkapseln",B
1540027,65095,"Celecoxib Viatris 100 mg, Hartkapseln",B
1540028,65095,"Celecoxib Viatris 200 mg, Hartkapseln",B
1485527,63184,"Celecoxib Zentiva 100 mg, Hartkapseln",B
1485528,63184,"Celecoxib Zentiva 200 mg, Hartkapseln",B
1642053,69355,"Celecoxib-Mepha Teva 100 mg, Hartkapseln",B
1642054,69355,"Celecoxib-Mepha Teva 200 mg, Hartkapseln",B
53962,53337,"Cellcept 250 mg, Kapseln",B
1424725,67387,"Cellcept 250 mg, Kapseln",B
53961,53338,"Cellcept 500 mg, Filmtabletten",B
1424724,67388,"Cellcept 500 mg, Filmtabletten",B
66467,54688,"Cellcept i.v., Lyophilisat zur Herstellung einer Infusionslösung",B
106188,54701,"Cellcept, Pulver zur Herstellung einer Suspension zum Einnehmen",B
118433,55345,"Cellufluid, Augentropfen",D
33477,52073,"Celluvisc, Augentropfen",D
1082044,58197,"Celsentri 150 mg, Filmtabletten",A
1082048,58197,"Celsentri 300 mg, Filmtabletten",A
1442095,67827,"Cemisiana 2 mg / 0.03 mg, Filmtabletten",B
1003897,56124,"Ceprotin 1000 I.E., Pulver und Lösungsmittel zur Herstellung einer Injektionslösung",B
84021,55155,"Cerazette, Filmtabletten",B
1417419,67300,"Cerazette, Filmtabletten",B
1441882,66696,"Cerdelga 84 mg, gélules",B
1123674,60202,"Cerebellum comp., Injektionslösung (s.c.)",B
80574,59008,"Cerebrum suis compositum, Injektionslösung",B
1022233,59007,"Cerebrum suis compositum, Tabletten",D
1313488,60229,"Ceres Absinthium Urtinktur, Tropfen zum Einnehmen",D
1607818,69142,"Ceres Erkältungs-Komplex, Tropfen zum Einnehmen",D
43838,59705,"Ceres Hypericum comp., Tropfen zum Einnehmen",D
53181,59706,"CERES Melissa comp., Tropfen zum Einnehmen",D
1424187,67121,"Ceres Nieren-Blase-Komplex, Tropfen zum Einnehmen",D
53182,58550,"CERES Taraxacum comp. Leber-Galle Tropfen, Tropfen zum Einnehmen",D
1314047,59703,"Ceres Viscum comp., Tropfen zum Einnehmen",D
45444,59704,"Ceres Viscum Urtinktur, Tropfen zum Einnehmen",D
1006689,54663,"Cerezyme 400 U, poudre pour solution à diluer pour perfusion",B
14551,50207,"Cerivikehl D3, homöopathische Injektionslösung",B
14552,50208,"Cerivikehl, Tropfen",D
64018,47953,"Cernevit, Injektionspräparat",B
1016347,56239,"Certican 0.1 mg, dispergierbare Tabletten",B
1016344,56238,"Certican 0.25 mg, Tabletten",B
1016345,56238,"Certican 0.5 mg, Tabletten",B
1016346,56238,"Certican 0.75 mg, Tabletten",B
1016430,56238,"Certican 1 mg, Tabletten",B
26870,59591,"Cerussit D8, Ampullen (s.c.)",B
1183984,56189,"Cetallerg Sandoz, Filmtabletten",D
1183982,57360,"Ceteco Sandoz, Filmtabletten",D
1369778,66851,"Cetifelan 10mg, Filmtabletten",D
1220133,62568,"Cetirizin Spirig HC, Filmtabletten",D
1298902,56330,"Cetirizin Streuli 10 mg, Filmtabletten",D
1477911,56329,"Cetirizin Zentiva 10 mg, Filmtabletten",D
1437860,65119,"Cetirizin-Mepha 10, Filmtabletten",D
1473941,68316,"Cet-Mepha Allergie, Filmtabletten",D
1308378,59861,"Cetraria praeparata 1%, Injektionslösung (s.c.)",B
1327188,59861,"Cetraria praeparata 1%, Injektionslösung (s.c.)",B
1327189,59861,"Cetraria praeparata 1%, Injektionslösung (s.c.)",B
126513,56218,"Cetrotide 0,25 mg, Pulver und Lösungsmittel zur Herstellung einer Injektionslösung",A
27098,59295,"Chamomilla comp., Suppositorien",D
1117853,59919,"Chamomilla Cupro culta Radix Rh D2, Injektionslösung (s.c.)",B
1116707,59802,"Chamomilla/Malachit comp., Injektionslösung (s.c.)",B
1187096,60279,"Chelidonium Terebinthina Laricina comp., Augentropfen",D
1117872,59589,"Chelidonium/Curcuma comp., Kautabletten",D
1020838,52756,"China Kirin Ginseng + Gelée Royale, Kapseln",D
110072,41080,"China Kopfwehöl Temple of Heaven, Einreibeöl",D
15540,47125,"Chinabalsam Temple of Heaven, Salbe",D
108579,55973,"Chinamed, Emulsion",D
1014888,42063,"Chloramphenicol Biokema ad us. vet., pommade pour chiens et chats",B
1331307,62603,"ChloraPrep coloré, solution pour application cutanée avec 10.5 ml applicateur",D
1331308,62603,"ChloraPrep coloré, solution pour application cutanée avec 26 ml applicateur",D
1331306,62603,"ChloraPrep coloré, solution pour application cutanée avec 3.0 ml applicateur",D
1334586,62603,"ChloraPrep incolore, solution pour application cutanée avec applicateur",D
15593,39901,"Chlorhexamed 0.1%, Lösung",D
1437258,60340,"Chlorhexamed forte 0.2%, Lösung",D
1116189,58026,"Chlorhexamed Gel 1%, Gel",D
1062859,15980,"Choleodoron, Tropfen zum Einnehmen",D
1277783,65222,"Cholib 145mg/20mg, Filmtabletten",B
1277784,65222,"Cholib 145mg/40mg, Filmtabletten",B
1141819,59345,"Chondrodendron / Eucalyptus globulus comp., Tropfen zum Einnehmen",D
1177871,60663,"Chondrodendron / Pimpinella comp., Tropfen zum Einnehmen",D
1211589,33524,"Choriomon 1000, polvere e solvente per soluzione iniettabile (siringa preriempita con solvente)",B
1211588,33524,"Choriomon 5'000, polvere e solvente per soluzione iniettabile (fiala con solvente)",B
1310484,60665,"Chrysanthemum vulgare / Rhamnus frangula comp., Tropfen zum Einnehmen",D
1003520,56018,"Cialis 10 mg, comprimés filmés",B
1116476,56018,"Cialis 2,5 mg, comprimés filmés",B
1003521,56018,"Cialis 20 mg, comprimés filmés",B
1116477,56018,"Cialis 5 mg, comprimés filmés",B
1491626,68174,"Cibinqo 100 mg, Filmtabletten",B
1491625,68174,"Cibinqo 50 mg, Filmtabletten",B
1211874,59842,"Cichorium Stanno cultum Rh D3, Ampullen (s.c.)",B
1123792,60280,"Cichorium/Pancreas comp., Solutio ad injectionem",B
1267621,63191,"Ciclocutan Nagellack, wirkstoffhaltiger Nagellack",B
1180456,57585,"Ciclocutan, Lösung",B
1130424,58344,Ciclopoli smalto medicato per unghie,B
129252,55982,"Ciloxan, Augensalbe",A
42754,51898,"Ciloxan, Augentropfen",A
1453397,60036,"Cimicifuga comp., Tropfen zum Einnehmen",D
1090533,56933,"Cimifemin forte, Tabletten",D
1026147,56933,"Cimifemin uno, Tabletten",D
1369779,66590,"Cimzia AutoClicks 200 mg, solution injectable en stylo prérempli",B
1157056,60096,"Cimzia, solution injectable",B
1399686,65919,"Cinacalcet Devatis 30 mg, Filmtabletten",B
1399687,65919,"Cinacalcet Devatis 60 mg, Filmtabletten",B
1399688,65919,"Cinacalcet Devatis 90 mg, Filmtabletten",B
1601647,69216,"Cinacalcet Spirig HC 30 mg, Filmtabletten",B
1601648,69216,"Cinacalcet Spirig HC 60 mg, Filmtabletten",B
1601649,69216,"Cinacalcet Spirig HC 90 mg, Filmtabletten",B
1316756,65736,"Cinacalcet-Mepha 30 mg, Filmtabletten",B
1316757,65736,"Cinacalcet-Mepha 60 mg, Filmtabletten",B
1316758,65736,"Cinacalcet-Mepha 90 mg, Filmtabletten",B
1187097,60161,"Cinchona pubescens comp., Tropfen",D
1379110,59775,"Cineraria maritima D3, Augentropfen",D
15773,40441,"Cinnageron, Kapseln",B
1394058,66340,"Cinqaero 100 mg/10 mL, Konzentrat zur Herstellung einer Infusionslösung",B
1390488,66340,"Cinqaero 25 mg/2,5 mL, Konzentrat zur Herstellung einer Infusionslösung",B
1369924,61636,"Cinryze 500 IE, Pulver und Lösungsmittel zur Herstellung einer Injektionslösung",B
108880,55525,"Cip eco 250, Filmtabletten",A
108881,55525,"Cip eco 500, Filmtabletten",A
108882,55525,"Cip eco 750, Filmtabletten",A
106162,55961,"Cipralex 10 mg, Filmtabletten",B
1017868,55961,"Cipralex 20 mg, Filmtabletten",B
1163425,56366,"Cipralex 20 mg/ml, Tropfen zum Einnehmen, Lösung",B
1508389,56649,"Ciprofloxacin axapharm 250 mg, Filmtabletten",A
1508390,56649,"Ciprofloxacin axapharm 500 mg, Filmtabletten",A
1508391,56649,"Ciprofloxacin axapharm 750 mg, Filmtabletten",A
1229056,57929,"Ciprofloxacin Fresenius i.v. 200 mg / 100 ml, Infusionslösung",A
1229058,57929,"Ciprofloxacin Fresenius i.v. 400 mg / 200 ml, Infusionslösung",A
1058996,58018,"Ciprofloxacin Sandoz eco 250, Filmtabletten",A
1058997,58018,"Ciprofloxacin Sandoz eco 500, Filmtabletten",A
1058998,58018,"Ciprofloxacin Sandoz eco 750, Filmtabletten",A
1221436,55922,"Ciprofloxacin Spirig HC 250, Filmtabletten",A
1221437,55922,"Ciprofloxacin Spirig HC 500, Filmtabletten",A
1221438,55922,"Ciprofloxacin Spirig HC 750, Filmtabletten",A
1426201,56650,"Ciprofloxacin Zentiva 250 mg, Filmtabletten",A
1426202,56650,"Ciprofloxacin Zentiva 500 mg, Filmtabletten",A
1426203,56650,"Ciprofloxacin Zentiva 750 mg, Filmtabletten",A
118082,56305,"Ciprofloxacin-Mepha 250, Filmtabletten",A
118084,56305,"Ciprofloxacin-Mepha 500, Filmtabletten",A
118085,56305,"Ciprofloxacin-Mepha 750, Filmtabletten",A
33775,53699,"Ciproxin 10 g/100 ml, Granulat und Lösungsmittel zur Herstellung einer Suspension zum Einnehmen",A
15857,47795,"Ciproxin 250, Filmtabletten",A
33776,53699,"Ciproxin 5 g/100 ml, Granulat und Lösungsmittel zur Herstellung einer Suspension zum Einnehmen",A
33778,47795,"Ciproxin 500, Filmtabletten",A
33780,47795,"Ciproxin 750, Filmtabletten",A
81243,54807,"Ciproxin HC, Ohrentropfen, Suspension",B
1141302,59311,"Circadin, Retardtabletten",B
1343470,66498,"Circlet, Vaginalring",B
1123670,58741,"Circuvin homöopathische Kreislauftropfen, Tropfen",D
1389592,66809,"Cisplatin Accord 10 mg/10 ml, Konzentrat zur Herstellung einer Infusionslösung",A
1389595,66809,"Cisplatin Accord 100 mg/100 ml, Konzentrat zur Herstellung einer Infusionslösung",A
1389593,66809,"Cisplatin Accord 25 mg/25 ml, Konzentrat zur Herstellung einer Infusionslösung",A
1389594,66809,"Cisplatin Accord 50 mg/50 ml, Konzentrat zur Herstellung einer Infusionslösung",A
1170008,51077,"Cisplatin Sandoz 10 mg/20 ml, Infusionskonzentrat",A
1170011,51077,"Cisplatin Sandoz 100 mg/100 ml, Infusionskonzentrat",A
1170009,51077,"Cisplatin Sandoz 25 mg/50 ml, Infusionskonzentrat",A
1170010,51077,"Cisplatin Sandoz 50 mg/100 ml, Infusionskonzentrat",A
79683,47998,"Cisplatin-Teva, 0.5 mg/ml, Konzentrat zur Herstellung einer Infusionslösung",A
1211439,55935,"Citalopram Sandoz 20, Filmtabletten",B
1211440,55935,"Citalopram Sandoz 40, Filmtabletten",B
1283922,58593,"Citalopram Spirig HC 20 mg, Filmtabletten",B
1283923,58593,"Citalopram Spirig HC 40 mg, Filmtabletten",B
1348624,57260,"Citalopram-Mepha Teva 20 mg, Filmtabletten",B
1348625,57260,"Citalopram-Mepha Teva 40 mg, Filmtabletten",B
129018,56336,"Citalopram-Mepha, Filmtabletten",B
1267622,65202,"CitraFleet, Pulver zur Herstellung einer Lösung zum Einnehmen",B
1027464,51703,"Citrate d'Yttrium (90Y)-YMM-1, Suspension zur Injektion",A
24405,50245,"Citrokehl, homöopathische Injektionslösung",B
24406,52580,"Citrokehl, homöopathische Tropfen",D
1148457,59967,"Citrus/Cydonia, Augentropfen",D
1232688,63055,"Citrus/Cydonia, Injektionslösung (s.c.)",B
1170448,60393,"Clarelux, Schaum zur Anwendung auf der Haut",B
1363682,66262,"Clariscan, Injektionslösung",B
1366195,66262,"Clariscan, Injektionslösung",B
1366196,66262,"Clariscan, Injektionslösung",B
1366197,66262,"Clariscan, Injektionslösung",B
1366198,66262,"Clariscan, Injektionslösung",B
1019305,57129,"Clarithromycin Sandoz 250, Filmtabletten",A
1019306,57129,"Clarithromycin Sandoz 500, Filmtabletten",A
1511101,57770,"Clarithromycin Spirig HC 125, Granulat zur Herstellung einer Suspension zum Einnehmen",A
1417834,67169,"Clarithromycin Spirig HC 250 mg, Filmtabletten",A
1417835,67169,"Clarithromycin Spirig HC 500 mg, Filmtabletten",A
1511102,57770,"Clarithromycin Spirig HC forte 250, Granulat zur Herstellung einer Suspension zum Einnehmen",A
1145609,59480,"Clarithromycine Labatec 500 mg i.v., poudre pour solution pour  perfusion",A
1377594,57192,"Clarithromycin-Mepha 125, Granulat zur Herstellung einer Suspension zum Einnehmen",A
1377595,57192,"Clarithromycin-Mepha 250, Granulat zur Herstellung einer Suspension zum Einnehmen",A
1377596,57130,"Clarithromycin-Mepha 250, Lactab",A
1377597,57130,"Clarithromycin-Mepha 500, Lactab",A
1013235,56919,"Claritine Pollen, Tabletten",D
28966,48243,"Claritine, Tabletten",D
1426609,67326,"Clensia, Pulver zum Einnehmen als Lösung",B
1158165,60117,"Cleviprex, emulsion pour perfusion",B
16610,49456,"Clexane 100 mg/ml, solution injectable",B
1036351,49456,"Clexane 120 mg/0.8 ml, solution injectable",B
1036352,49456,"Clexane 150 mg/ml, solution injectable",B
16606,49456,"Clexane 20 mg/0.2 ml, solution injectable",B
16607,49456,"Clexane 40 mg/0.4 ml, solution injectable",B
16608,49456,"Clexane 60 mg/0.6 ml, solution injectable",B
16609,49456,"Clexane 80 mg/0.8 ml, solution injectable",B
65706,54297,"Clexane multi, solution injectable",B
1091116,59108,"Climavita forte, Tabletten",D
1399214,59108,"Climavita neo, Tabletten",D
1176739,61556,"Clindamycin Pfizer 150 mg, Hartkapseln",A
1176740,61556,"Clindamycin Pfizer 300 mg, Hartkapseln",A
1176741,61897,"Clindamycin Pfizer, Granulat zur Herstellung einer Lösung",A
1176854,61898,"Clindamycin Phosphat Pfizer i.v./i.m. 300 mg, Injektionslösung",A
1176853,61898,"Clindamycin Phosphat Pfizer i.v./i.m. 600 mg, Injektionslösung",A
1140882,58919,"Clindamycin Sandoz 150, Kapseln",A
1140883,58919,"Clindamycin Sandoz 300, Kapseln",A
1277905,61727,"Clindamycin Zentiva 150 mg, Kapseln",A
1277906,61727,"Clindamycin Zentiva 300 mg, Kapseln",A
1226322,62980,"Clindamycin-Mepha 150, Kapseln",A
1226323,62980,"Clindamycin-Mepha 300, Kapseln",A
1003907,55100,"ClinOleic 20 %, Infusionsemulsion",B
1501891,68438,"Clobetasol Leman 0.5mg/g, shampoing",B
1078265,57650,"Clobex, Shampoo",B
1306194,65957,"Clopidogrel axapharm 75mg, Filmtabletten",B
1332361,60140,"Clopidogrel Sandoz eco 75 mg, Filmtabletten",B
1368317,66612,"Clopidogrel Spirig HC 75mg, Filmtabletten",B
1188642,60405,"Clopidogrel Zentiva 75 mg, Filmtabletten",B
1144878,60213,"Clopidogrel-Mepha 75, Lactab",B
1164648,61340,"Clopidrax, Filmtabletten",B
1005312,55696,"Clopin eco 100, Tabletten",A
1005310,55696,"Clopin eco 25, Tabletten",A
16681,44744,"Clopixol 10 mg, Filmtabletten",B
16680,44744,"Clopixol 2 mg, Filmtabletten",B
16682,44744,"Clopixol 25 mg, Filmtabletten",B
16689,47783,"Clopixol Acutard, Injektionslösung",B
16690,40275,"Clopixol Depot, Injektionslösung",B
1617889,44747,"Clopixol, Tropfen zum Einnehmen",B
1183125,62237,"Clorazepate Zentiva 10 mg, Kapseln",B
1183128,62235,"Clorazepate Zentiva 20 mg, Filmtabletten",B
1183126,62237,"Clorazepate Zentiva 20 mg, Kapseln",B
1183124,62237,"Clorazepate Zentiva 5 mg, Kapseln",B
1478021,68560,"Clozapin Viatris 100 mg, Tabletten",A
1478020,68560,"Clozapin Viatris 25 mg, Tabletten",A
1384599,66937,"Clozapin-Mepha 100 mg, Tabletten",A
1384600,66937,"Clozapin-Mepha 200 mg, Tabletten",A
1384598,66937,"Clozapin-Mepha 25 mg, Tabletten",A
1373457,66680,"Co-Amoxicillin Axapharm 1000 mg (875/125 mg), Filmtabletten",A
1373458,66681,"Co-Amoxicillin Axapharm 625 mg (500/125 mg), Filmtabletten",A
1421844,67329,"Co-Amoxicillin Devatis 1 g, Filmtabletten",A
1489546,67384,"Co-Amoxicillin Devatis 312,5 (250 mg / 62,5 mg), Pulver zur Herstellung einer Suspension zum Einnehmen",A
1489545,67383,"Co-Amoxicillin Devatis 457 (400 mg / 57 mg) , Pulver zur Herstellung einer Suspension zum Einnehmen",A
1421845,67327,"Co-Amoxicillin Devatis 625 mg, Filmtabletten",A
1505972,68522,"Co-Amoxicillin Labatec 1,2 g i.v., poudre pour solution pour injection/perfusion",A
1505973,68511,"Co-Amoxicillin Labatec 2,2 g i.v., poudre pour solution pour perfusion",A
1016105,55259,"Co-Amoxicillin Sandoz 1 g, Filmtabletten",A
1016101,55203,"Co-Amoxicillin Sandoz 156,25, Pulver zur Zubereitung einer Suspension zum Einnehmen",A
1544070,57341,"Co-Amoxicillin Sandoz 1g, dispergierbare Tabletten",A
1016102,55203,"Co-Amoxicillin Sandoz 312,5, Pulver zur Zubereitung einer Suspension zum Einnehmen",A
1490880,57046,"Co-Amoxicillin Sandoz 457, Pulver zur Herstellung einer Suspension zum Einnehmen",A
1057364,57340,"Co-Amoxicillin Sandoz 625, dispergierbare Tabletten",A
1544069,57340,"Co-Amoxicillin Sandoz 625, dispergierbare Tabletten",A
1016104,55185,"Co-Amoxicillin Sandoz 625, Filmtabletten",A
1441883,67241,"Co-Amoxicillin Spirig HC 1000 mg (875/125), Filmtabletten",A
1468384,66429,"Co-Amoxicillin Spirig HC 312,5 mg (250/62.5), Pulver zur Herstellung einer Suspension zum Einnehmen",A
1467853,66474,"Co-Amoxicillin Spirig HC 457mg (400/57), Pulver zur Herstellung einer Suspension zum Einnehmen",A
1441884,67240,"Co-Amoxicillin Spirig HC 625 mg (500/125), Filmtabletten",A
1408558,67110,"Co-Amoxicillin Zentiva 1000 mg, Filmtabletten",A
1408559,67111,"Co-Amoxicillin Zentiva 625 mg, Filmtabletten",A
1513508,57339,"Co-Amoxi-Mepha 1000 Dispersible, dispergierbare Tabletten",A
1484226,55730,"Co-Amoxi-Mepha 1000 mg, Filmtabletten",A
1006488,56758,"Co-Amoxi-Mepha 1100 i.v. Kinder, Pulver zur Herstellung einer Injektions-/Infusionslösung",A
1006489,56758,"Co-Amoxi-Mepha 1200 i.v. Erwachsene, Pulver zur Herstellung einer Injektions-/Infusionslösung",A
1484229,53982,"Co-Amoxi-Mepha 156,25, Pulver zur Herstellung einer Suspension zum Einnehmen",A
1006490,56758,"Co-Amoxi-Mepha 2200 i.v. Erwachsene, Pulver zur Herstellung einer Infusionslösung",A
1484230,53982,"Co-Amoxi-Mepha 312,5, Pulver zur Herstellung einer Suspension zum Einnehmen",A
1484227,57047,"Co-Amoxi-Mepha 457, Pulver zur Herstellung einer Suspension zum Einnehmen",A
1006487,56758,"Co-Amoxi-Mepha 550 i.v. Kinder, Pulver zur Herstellung einer Injektions-/Infusionslösung",A
1513507,57338,"Co-Amoxi-Mepha 625 Dispersible, dispergierbare Tabletten",A
1484228,53995,"Co-Amoxi-Mepha 625 mg, Filmtabletten",A
1016694,54842,"CoAprovel 150/12.5, comprimés filmés",B
1057456,54842,"CoAprovel 150/12.5, comprimés filmés",B
1053295,54842,"CoAprovel 300/25, comprimés filmés",B
1371976,36199,"Cobantril, Kautabletten",D
16720,36200,"Cobantril, Suspension",D
1186557,61492,"Co-Candesartan Sandoz 16/12.5 mg, Tabletten",B
1248227,61492,"Co-Candesartan Sandoz 32/12,5 mg, Tabletten",B
1248228,61492,"Co-Candesartan Sandoz 32/25 mg, Tabletten",B
1186556,61492,"Co-Candesartan Sandoz 8/12.5 mg, Tabletten",B
1332666,65930,"Co-Candesartan Spirig HC 16/12,5mg, Tabletten",B
1332667,65930,"Co-Candesartan Spirig HC 32/12,5mg, Tabletten",B
1332668,65930,"Co-Candesartan Spirig HC 32/25mg, Tabletten",B
1332665,65930,"Co-Candesartan Spirig HC 8/12,5mg, Tabletten",B
34428,53005,"Cocculine, comprimés",D
1641100,69654,"Cocyntal, liquide oral en récipient unidose",D
16723,47353,"Co-Dafalgan, Brausetabletten",B
16724,51321,"Co-Dafalgan, Filmtabletten",B
16725,19220,"Codein Knoll, Tabletten",B
1170449,60540,"Codicalm, Sirup",B
93139,54470,"Co-Diovan 160/12,5, Filmtabletten",B
1004520,54470,"Co-Diovan 160/25, Filmtabletten",B
59377,54470,"Co-Diovan 80/12,5, Filmtabletten",B
1374577,66331,"Coditussin, Bronchialpastillen",B
1220134,56241,"Co-Enalapril Spirig HC, Tabletten",B
16730,59012,"Coenzyme A compositum, Injektionslösung (s.c., i.m.)",B
123275,58996,"Coenzyme A compositum, Tabletten",D
109549,55942,"Co-Epril, Tabletten",B
90963,55061,"Co-Hypert, Tropfen zum Einnehmen",B
42827,51455,"Co-Hypot, Tropfen zum Einnehmen",D
1220260,62640,"Co-Irbesartan Sandoz 150/12,5 mg, Filmtabletten",B
1220261,62640,"Co-Irbesartan Sandoz 300/12,5 mg, Filmtabletten",B
1220262,62640,"Co-Irbesartan Sandoz 300/25 mg, Filmtabletten",B
1235323,62743,"Co-Irbesartan Spirig HC 150/12.5 mg, Filmtabletten",B
1235324,62743,"Co-Irbesartan Spirig HC 300/12.5 mg, Filmtabletten",B
1235325,62743,"Co-Irbesartan Spirig HC 300/25 mg, Filmtablette",B
1534350,61849,"Co-Latanoprost Viatris, Augentropfen",B
1118029,59838,"Colchicum, Tuber Rh D3, Injektionslösung (s.c.)",A
1620894,67974,"COLCTAB 0.5 mg, Tabletten",A
1481648,67974,"COLCTAB 1 mg, Tabletten",A
16742,38189,"Coldistop, Nasenöl",D
1509412,68052,"Colibiogen oral, Lösung zum Einnehmen",D
1396077,62153,"ColiFin PARI 1 Mio. U.I., poudre pour solution pour inhalation par nébuliseur",A
1396078,65338,"ColiFin PARI 2 Mio. U.I., poudre pour solution pour inhalation par nébuliseur",A
1170065,56856,"Co-Lisinopirl-Mepha 20/12.5, Tabletten",B
1332891,56900,"Co-Lisinopril Spirig HC 10/12.5 mg, Tabletten",B
1332892,56900,"Co-Lisinopril Spirig HC 20/12.5 mg, Tabletten",B
1170066,56856,"Co-Lisinopril-Mepha 10/12.5, Tabletten",B
1445825,67406,"Colistin zur Infusion 2 Mio IE, Pulver zur Herstellung einer Infusionslösung",A
85795,54915,"Colistin zur Inhalation 1 Mio U.I., Pulver und Lösungsmittel zur Herstellung einer Lösung für einen Vernebler",A
1421154,54915,"Colistin zur Inhalation 2 Mio U.I., Pulver zur Herstellung einer Lösung für einen Vernebler",A
1314141,62818,"Colivet Quick pump ad us. vet., orale Suspension",B
1326437,32938,Collypan monodose yeux irrités,D
1326436,32938,Collypan yeux irrités,D
16773,48205,"Cololyt, Pulver zur Herstellung einer Lösung zum Einnehmen",B
1299983,57885,"Co-Losartan Sandoz 100/12.5 mg, Filmtabletten",B
1127621,57885,"Co-Losartan Sandoz 100/25mg, Filmtabletten",B
1127620,57885,"Co-Losartan Sandoz 50/12.5mg, Filmtabletten",B
1628767,69745,"Co-Losartan Spirig HC 100 mg/12.5 mg, Filmtabletten",B
1628768,69745,"Co-Losartan Spirig HC 100 mg/25 mg, Filmtabletten",B
1628766,69745,"Co-Losartan Spirig HC 50 mg/12.5 mg, Filmtabletten",B
16926,45214,"Colpermin, Kapseln",D
1558501,68297,"Columvi 10 mg/10 ml, Konzentrat zur Herstellung einer Infusionslösung",A
1558500,68297,"Columvi 2.5 mg/2.5 ml, Konzentrat zur Herstellung einer Infusionslösung",A
1012795,56947,"Combigan, Augentropfen",B
60345,54568,"Combivir, Filmtabletten",A
1470284,15724,"Combizym, Dragées",D
1629910,69568,"Comboval 10 mg/ml + 3 mg/ml, Solution pour perfusion",B
17028,49980,"Combudoron, Gel",D
17031,49978,"Combudoron, Spray zur Anwendung auf der Haut",D
1617721,69913,"Comirnaty JN.1 0.042 mg, Injektionsdispersion in einer Fertigspritze",B
1617719,69912,"Comirnaty JN.1 10 μg, Injektionsdispersion",B
1632176,70403,"Comirnaty LP.8.1 30 Mikrogramm, Injektionsdispersion in einer Fertigspritze",B
1062886,57725,"Competact 15/850 mg, Filmtabletten",B
72916,54522,"Comtan, Filmtabletten",B
124646,56249,"Concerta 18 mg, Retardtabletten",A
1063900,56249,"Concerta 27 mg, Retardtabletten",A
124648,56249,"Concerta 36 mg, Retardtabletten",A
124650,56249,"Concerta 54 mg, Retardtabletten",A
1118035,59607,"Conchae 50%, Pulver zum Einnehmen",D
34704,52034,"Concor 10 plus, Filmtabletten",B
17120,47311,"Concor 10, Filmtabletten",B
123950,47311,"Concor 2,5, Filmtabletten",B
34701,52034,"Concor 5 plus, Filmtabletten",B
123951,47311,"Concor 5, Filmtabletten",B
17134,42277,"Condrosulf 400, capsule",B
17133,51610,"Condrosulf 400, compresse",B
17135,48557,"Condrosulf 400, granulato in bustine",B
17137,51610,"Condrosulf 800, compresse",B
17136,48557,"Condrosulf 800, granulato in bustine",B
1240742,62684,"Constella, Kapseln",B
17222,32747,"Contractubex, Gel",D
1207220,62075,"Contra-Schmerz IL 400, comprimé pelliculé",D
92870,55439,"Contra-Schmerz plus, comprimé",B/D
75579,49623,"Contusin, Gel",E
1182177,60664,"Convallaria majalis / Aurum metallicum comp., Tropfen",D
17259,40410,"Convulex 150, Kapseln",B
17260,40410,"Convulex 300, Kapseln",B
17261,40410,"Convulex 500, Kapseln",B
17262,43615,"Convulex, Sirup",B
1444905,67447,"Co-Olmesartan Amlo Spirig HC 20 mg/5 mg/12.5 mg, Filmtabletten",B
1444908,67447,"Co-Olmesartan Amlo Spirig HC 40 mg/10 mg/12.5 mg, Filmtabletten",B
1444909,67447,"Co-Olmesartan Amlo Spirig HC 40 mg/10 mg/25 mg, Filmtabletten",B
1444906,67447,"Co-Olmesartan Amlo Spirig HC 40 mg/5 mg/12.5 mg, Filmtabletten",B
1444907,67447,"Co-Olmesartan Amlo Spirig HC 40 mg/5 mg/25 mg, Filmtabletten",B
1353756,66014,"Co-Olmesartan Spirig HC 20 mg/12,5 mg, Filmabletten",B
1353757,66014,"Co-Olmesartan Spirig HC 20 mg/25 mg, Filmabletten",B
1353758,66014,"Co-Olmesartan Spirig HC 40 mg/12,5 mg, Filmabletten",B
1353759,66014,"Co-Olmesartan Spirig HC 40 mg/25 mg, Filmabletten",B
1261825,62750,"Coop Vitality Acetylcystein 600, Brausetabletten",D
1368131,66814,"Coop Vitality Acetylsalicylsäure 500, Tabletten",D
1390585,67142,"Coop Vitality Bisacodyl-N 5mg, Dragées",D
1210941,62716,Coop Vitality Bronchialpastillen,E
1219742,62935,"Coop Vitality Cetirizin 10 mg, Filmtabletten",D
1381850,66985,"Coop Vitality Dextromethorphan, Hustentabletten",B
1381849,66988,"Coop Vitality Dextromethorphan-N, Hustensirup",B
1277674,65522,"Coop Vitality Diclofenac Gel, Emulsions-Gel",D
1408560,67322,"Coop Vitality Diclofenac-N 25, Kapseln",D
1622151,65484,"Coop Vitality Erkältungscreme, Creme",D
1607820,69658,"Coop Vitality Fexofenadin 120 mg, Filmtabletten",D
1510010,68942,"Coop Vitality Flumol Grippe, Pulver zur Herstellung einer Lösung zum Einnehmen",D
1539510,69182,"Coop Vitality Flurbiprofen 8.75 mg, Lutschtabletten",D
1476806,68407,"Coop Vitality Glycolax, Suppositorien",D
1209094,62695,"Coop Vitality Ibuprofen 400 mg, Filmtabletten",D
1277735,65448,"Coop Vitality Nieren- und Blasendragées, Filmtabletten",D
1640743,70201,"Coop Vitality Pantoprazol 20 mg, magensaftresistente Tabletten",D
1210942,62715,"Coop Vitality Paracetamol 500, Tabletten",D
1307037,65973,"Coop Vitality Wallwurz-Gel, Gel",D
1454792,68077,"Coop Vitality Xylo Plus, Nasenspray",D
1006463,56363,"Copaxone 20mg/ml, Injektionslösung in einer Fertigspritze",B
1335203,56363,"Copaxone 40mg/ml, Injektionslösung in einer Fertigspritze",B
1434962,67492,"Copaxone Pen 40 mg/ml, Injektionslösung im Fertigpen",B
1210322,60204,"Cor/Crataegus comp., Globuli velati",D
1207641,60277,"Cor/Crataegus comp., Solutio ad injectionem",B
1076591,57381,"Co-Ramipril Sandoz 2.5/12.5, Tabletten",B
1076592,57381,"Co-Ramipril Sandoz 5/25, Tabletten",B
17306,33393,"Cordarone, comprimés",B
17305,41060,"Cordarone, solution injectable",B
98107,48679,"Corisol, Crème",D
1123799,60285,"Cornea/Levisticum comp., Collyria",D
90965,53077,"Coro-Calm, Tropfen",D
1249800,60350,"Corpus vitreum/Hornerz (Argentum chloratum nat.) comp., Collyria",D
1226558,63015,"Corpus vitreum/Hornerz comp., Globuli velati",D
1238003,60338,"Corpus vitreum/Hornerz comp., Solutio ad injectionem",B
1319948,65869,"Cortiment MMX 9mg, Retardtabletten",B
118565,55521,"Cortinasal 100, Nasenspray",B
118564,55521,"Cortinasal 50, Nasenspray",B
17359,41958,"Corvaton forte, Tabletten",B
17360,48105,"Corvaton retard, Retardtabletten",B
17358,41958,"Corvaton, Tabletten",B
17363,44250,"Coryzalia, comprimés enrobés",D
1495057,68347,"Coryzalia, liquide oral en récipient unidose",D
1047752,52904,"Cosaar 100, Filmtabletten",B
1047753,52904,"Cosaar 12.5, Filmtabletten",B
1047751,52904,"Cosaar 50, Filmtabletten",B
1056099,53629,"Cosaar Plus 100/12.5, Filmtabletten",B
1056098,53629,"Cosaar Plus 100/25, Filmtabletten",B
1056097,53629,"Cosaar Plus 50/12.5, Filmtabletten",B
1288740,65225,"Cosentyx 150 mg / 1 ml, Injektionslösung in Fertigspritze",B
1288739,63295,"Cosentyx 150 mg, Pulver zur Herstellung einer Injektionslösung",B
1495164,65225,"Cosentyx 300 mg / 2 ml, Injektionslösung in einer Fertigspritze",B
1508272,65225,"Cosentyx 75 mg / 0.5 ml, Injektionslösung in einer Fertigspritze",B
1288741,65226,"Cosentyx SensoReady 150 mg / 1 ml, Injektionslösung in Fertigpen",B
1495165,68324,"Cosentyx UnoReady 300 mg / 2 ml, Injektionslösung im Fertigpen",B
1415925,54624,"Cosopt, collyre",B
1059027,57707,"Cosopt-S Monodose, collyre",B
1332672,65904,"Cosyrel 10mg/10mg, comprimés pelliculés",B
1332671,65904,"Cosyrel 10mg/5mg, comprimés pelliculés",B
1332670,65904,"Cosyrel 5mg/10mg, comprimés pelliculés",B
1332669,65904,"Cosyrel 5mg/5mg, comprimés pelliculés",B
1302147,65620,"Cotellic 20mg, Filmtabletten",A
1263599,62886,"Co-Telmisartan Sandoz 80/12.5, Filmtabletten",B
1263600,62886,"Co-Telmisartan Sandoz 80/25, Filmtabletten",B
1329649,65885,"Co-Telmisartan Spirig HC 80/12.5 mg, Tabletten",B
1329650,65885,Co-Telmisartan Spirig HC 80/25 mg Tabletten,B
56510,53087,"Cotenolol-Mepha-Neo mite, Filmtabletten",B
56509,53087,"Cotenolol-Mepha-Neo, Filmtabletten",B
1392610,66683,"Co-Valsartan Amlo Spirig HC 10/160/12.5mg, Filmtabletten",B
1392612,66683,"Co-Valsartan Amlo Spirig HC 10/160/25mg, Filmtabletten",B
1392609,66683,"Co-Valsartan Amlo Spirig HC 5/160/12.5mg, Filmtabletten",B
1392611,66683,"Co-Valsartan Amlo Spirig HC 5/160/25mg, Filmtabletten",B
1170452,61874,"Co-Valsartan Sandoz 160/12.5, Filmtabletten",B
1170453,61874,"Co-Valsartan Sandoz 160/25, Filmtabletten",B
1170451,61874,"Co-Valsartan Sandoz 80/12.5, Filmtabletten",B
1448753,67553,"Co-Valsartan Spirig HC 160/12.5 mg, Filmtabletten",B
1448754,67553,"Co-Valsartan Spirig HC 160/25 mg, Filmtabletten",B
1448752,67553,"Co-Valsartan Spirig HC 80/12.5 mg, Filmtabletten",B
1158282,59321,"Co-Valtan-Mepha 160/12.5 mg, Filmtabletten",B
1158281,59321,"Co-Valtan-Mepha 160/25 mg, Filmtabletten",B
1158283,59321,"Co-Valtan-Mepha 80/12.5 mg, Filmtabletten",B
1135800,59193,"Coveram 10 mg/10 mg, comprimés",B
1135799,59193,"Coveram 10 mg/5 mg, comprimés",B
1135798,59193,"Coveram 5 mg/10 mg, comprimés",B
1135797,59193,"Coveram 5 mg/5 mg, comprimés",B
1271945,63043,"Coveram plus 10/10/2.5mg, comprimé pelliculé",B
1271944,63043,"Coveram plus 10/5/2.5mg, comprimé pelliculé",B
1271943,63043,"Coveram plus 5/10/1.25mg, comprimé pelliculé",B
1271942,63043,"Coveram plus 5/5/1.25mg, comprimé pelliculé",B
1081552,57617,"Coversum N 10mg, Comprimés pelliculés",B
1081551,57617,"Coversum N 5mg, Comprimés pelliculés",B
1186452,59446,"Coversum N combi 10/2.5 mg, comprimés pelliculés",B
1150554,59104,"Coversum N combi 2.5/0.625, comprimés pelliculés",B
1150555,59104,"Coversum N combi 5/1.25, comprimés pelliculés",B
17437,37969,"Cralonin, Tropfen zum Einnehmen",D
17439,33208,"Crampex, homöopathische Tabletten",D
33844,24069,"Crataegisan, Tropfen zum Einnehmen",D
63882,14314,"Crataegus Synpha, Tropfen zum Einnehmen",D
1180413,60331,"Crataegus/Viscum, Solutio ad injectionem",B
1323442,38219,"Creon 10'000, Hartkapseln",D
1056106,38219,"Creon 25'000, Hartkapseln",D
1257018,62624,"Creon micro, Mikropellets",D
1369780,66172,"Cresemba 100 mg, Hartkapseln",A
1369781,66173,"Cresemba 200mg, Pulver für ein Konzentrat zur Herstellung einer Infusionslösung",A
1642760,66172,"Cresemba 40 mg, Hartkapseln",A
1330586,66361,"Crestastatin 10 mg, Filmtabletten",B
1330587,66361,"Crestastatin 20 mg, Filmtabletten",B
1330585,66361,"Crestastatin 5 mg, Filmtabletten",B
1046669,56139,"Crestor 10 mg, Filmtabletten",B
1046671,56139,"Crestor 20 mg, Filmtabletten",B
1046668,56139,"Crestor 5 mg, Filmtabletten",B
1302900,59322,"Crilomus 0.5 mg, Kapseln",A
1302903,59322,"Crilomus 0.75 mg, Kapseln",A
1302901,59322,"Crilomus 1 mg, Kapseln",A
1302904,59322,"Crilomus 2 mg, Kapseln",A
1302902,59322,"Crilomus 5 mg, Kapseln",A
94481,53479,"Crinone 8 %, Vaginalgel",B
1558879,68598,"CRYSALIS Leman, Pommade",B
1439400,66801,"Crysvita 10 mg/1 ml, solution injectable",B
1439401,66801,"Crysvita 20 mg/1 ml, solution injectable",B
1439402,66801,"Crysvita 30 mg/1 ml, solution injectable",B
1063884,57870,"Cubicin 350 mg, Pulver zur Herstellung einer Injektions-/Infusionslösung",A
1063885,57870,"Cubicin 500 mg, Pulver zur Herstellung einer Injektions-/Infusionslösung",A
1470590,67719,"Cuprior 150 mg, Filmtabletten",B
90971,50241,"Cuprukehl D3, homöopathische Tropfen",B
90985,50242,"Cuprukehl D4, homöopathische Injektionslösung",B
1218341,59015,"Cuprum sulfuricum compositum, Injektionslösung",B
1015980,56885,"Curakne 10 mg, Weichkapseln",A
1015985,56885,"Curakne 20 mg, Weichkapseln",A
1120523,56885,"Curakne 40 mg, Weichkapseln",A
1043122,56885,"Curakne 5 mg, Weichkapseln",A
1369038,62065,"Curanel, Nagellack (mit Tupfer)",D
115888,55812,"Curatoderm Lotion, Emulsion zur Anwendung auf der Haut",B
53874,53310,"Curatoderm, Salbe",B
57279,51886,"Curosurf 120 mg, Suspension zur Instillation",A
1496500,68222,"Cutaquig 165 mg/ml, Injektionslösung",B
1496501,68222,"Cutaquig 165 mg/ml, Injektionslösung",B
1496502,68222,"Cutaquig 165 mg/ml, Injektionslösung",B
1496503,68222,"Cutaquig 165 mg/ml, Injektionslösung",B
27819,43167,"Cutasept F, Lösung",D
27821,43167,"Cutasept G, Lösung",D
42632,52381,"Cutivate, Salbe",B
1333009,65992,"Cuvitru 200 mg/ml, Injektionslösung",B
1333010,65992,"Cuvitru 200 mg/ml, Injektionslösung",B
1333011,65992,"Cuvitru 200 mg/ml, Injektionslösung",B
1333012,65992,"Cuvitru 200 mg/ml, Injektionslösung",B
1454204,65992,"Cuvitru 200 mg/ml, Injektionslösung",B
1187875,60539,"Cyanokit 5g, Pulver zur Herstellung einer Infusionslösung",A
17743,37987,"Cyclacur, Dragées",B
17745,32634,"Cyclogyl 0,5 %, Augentropfen",B
17746,32634,"Cyclogyl 1 %, Augentropfen",B
1558453,69056,"Cyclolux, Injektionslösung",B
1558454,69056,"Cyclolux, Injektionslösung",B
1558455,69056,"Cyclolux, Injektionslösung",B
1558456,69056,"Cyclolux, Injektionslösung",B
1558457,69056,"Cyclolux, Injektionslösung",B
17754,52660,"Cyklokapron, Brausetabletten",B
17756,33741,"Cyklokapron, Filmtabletten",B
1031289,56983,"Cymbalta 30 mg, gélules gastrorésistantes",B
1031290,56983,"Cymbalta 60 mg, gélules gastrorésistantes",B
17758,49188,"Cymevene, Pulver für ein Konzentrat zur Herstellung einer Infusionslösung",A
1022656,57225,"Cypestra-35, Dragées",B
1219743,62428,"Cyproderm, Dragées",B
1309966,65206,"Cyramza 100mg/10ml, concentré pour solution de perfusion",A
1309967,65206,"Cyramza 500mg/50ml, concentré pour solution de perfusion",A
1454793,67380,"Cystadrops 3.8 mg/ml, Augentropfen",B
1268378,62827,"Cystinol, überzogene Tabletten",D
88443,54845,"Cytosar Solution 100 mg/5 ml, Injektionslösung",A
88447,54845,"Cytosar Solution 2 g/20 ml, Injektionslöung",A
17772,46945,"Cytotec, Tabletten",B
1250094,506,"Cytotect CP Biotest, Infusionslösung",B
1250095,506,"Cytotect CP Biotest, Infusionslösung",B
1512827,68197,"D3 VitaCaps 24,000 IU (600 μg), Weichkapseln",B
1544873,68658,"Dabigatran Sandoz 110 mg, Hartkapseln",B
1544874,68658,"Dabigatran Sandoz 150 mg, Hartkapseln",B
1601782,69055,"Dabigatran Spirig HC 110 mg, Hartkapseln",B
1601783,69055,"Dabigatran Spirig HC 150 mg, Hartkapseln",B
1403742,67068,"Dacepton 10 mg/ml, Injektionslösung in einer Patrone",B
1403727,67125,"Dacepton 5 mg/ml, Infusionslösung",B
1010910,56384,"Dacin 200 mg, Pulver zur Herstellung einer Injektions-/Infusionslösung",A
1220722,62406,"Dacogen, Lyophilisat zur Herstellung eines Konzentrats zur Herstellung einer Infusionslösung",A
1185690,56318,"Dafalgan 1 g, Filmtabletten",B
1552047,46206,"Dafalgan 500 mg, Tabletten",B
1645769,69266,"Dafalgan 500 mg, Tabletten",B
1539511,68622,"Dafalgan Direct 1000 mg (Rote Beeren), Granulat",B
1498995,68622,"Dafalgan Direct 250 mg (Erdbeer), Granulat",D
1519634,68622,"Dafalgan Direct 250 mg (Erdbeer), Granulat",D
1498994,68622,"Dafalgan Direct 500 mg (Rote Beeren), Granulat",D
1519635,68622,"Dafalgan Direct 500 mg (Rote Beeren), Granulat",D
1547170,55138,"Dafalgan Direct, Schmelztabletten",D
1615996,69265,"Dafalgan DOLO 500 mg, Brausetabletten",D
1552046,47504,"Dafalgan DOLO, Tabletten",D
1450988,67401,"Dafalgan Extra 500 mg / 65 mg, Filmtabletten",D
1473942,67691,"Dafalgan Grippal, Granulat zur Herstellung einer Lösung zum Einnehmen",D
1502457,67691,"Dafalgan Grippal, Granulat zur Herstellung einer Lösung zum Einnehmen",D
1560939,66702,"Dafalgan i.v. 1 g, Infusionslösung",B
1628803,43838,"Dafalgan Kinder, Sirup",D
73168,47503,"Dafalgan, Brausetabletten 1 g",B
17778,47503,"Dafalgan, Brausetabletten 500 mg",B/D
35597,47505,"Dafalgan, Suppositorien 150 mg",D
35697,47505,"Dafalgan, Suppositorien 300 mg",D
35605,47505,"Dafalgan, Suppositorien 600 mg",D
35594,47505,"Dafalgan, Suppositorien 80 mg",D
24444,40380,"Daflon 500, comprimés pelliculés",D
1632597,68966,"Daflon UNO, 1000 mg, comprimés à croquer",D
1081149,54494,"Dafnegil Duopack, Vaginalovula + Vaginalcrème",B
1081147,53761,"Dafnegil, Vaginalcrème",B
1081148,53762,"Dafnegil, Vaginalovula",B
1175194,61201,"Daivobet, Gel",B
109541,55800,"Daivobet, Salbe",B
17790,43494,"Daktarin Mundgel, Gel zum Einnehmen",B
17789,37063,"Daktarin, Crème",D
17794,35438,"Dalacin C 150 mg, Hartkapseln",A
17795,35438,"Dalacin C 300 mg, Hartkapseln",A
17796,37905,"Dalacin C 75 mg/5 ml, Granulat zur Herstellung einer Lösung zum Einnehmen",A
17798,38978,"Dalacin C Phosphat 300 mg, Injektionslösung",A
17799,38978,"Dalacin C Phosphat 600 mg, Injektionslösung",A
34820,48006,"Dalacin T, Emulsion zur Anwendung auf der Haut",B
35178,52119,"Dalacin V 2%, Vaginalcreme",B
17831,40536,"Dalmadorm mite, Filmtabletten",B
17833,40536,"Dalmadorm, Filmtabletten",B
1503514,45215,"Dantamacrin 25 mg, Kapseln",B
17854,45215,"Dantamacrin 50 mg, Kapseln",B
1441885,67273,"Daptomycin Accord 350 mg, Pulver zur Herstellung einer Infusions-/Injektionslösung",A
1441886,67273,"Daptomycin Accord 500 mg, Pulver zur Herstellung einer Infusions-/Injektionslösung",A
1406555,66651,"Daptomycin Labatec 350 mg, poudre pour solution injectable ou pour perfusion",A
1406556,66651,"Daptomycin Labatec 500 mg, poudre pour solution injectable ou pour perfusion",A
17866,20964,"Daraprim, Tabletten",B
1369252,66721,"Darunavir Sandoz 400 mg, Filmtabletten",A
1369253,66721,"Darunavir Sandoz 600 mg, Filmtabletten",A
1369254,66721,"Darunavir Sandoz 800 mg, Filmtabletten",A
1557339,67048,"Darunavir Viatris 400 mg, Tabletten",A
1557340,67048,"Darunavir Viatris 600 mg, Tabletten",A
1557341,67048,"Darunavir Viatris 800 mg, Tabletten",A
1543730,66072,"Darzalex 100mg/5ml, Konzentrat zur Herstellung einer Infusionslösung",A
1543731,66072,"Darzalex 400mg/20ml, Konzentrat zur Herstellung einer Infusionslösung",A
1451103,67689,"DARZALEX SC 1800 mg/15 ml, Injektionslösung",A
1462934,67368,"Dasatinib Sandoz 100 mg, Filmtabletten",A
1462930,67368,"Dasatinib Sandoz 20 mg, Filmtabletten",A
1462931,67368,"Dasatinib Sandoz 50 mg, Filmtabletten",A
1462932,67368,"Dasatinib Sandoz 70 mg, Filmtabletten",A
1612079,69598,"Dasatinib Spirig HC 100 mg, Filmtabletten",A
1612075,69598,"Dasatinib Spirig HC 20 mg, Filmtabletten",A
1612076,69598,"Dasatinib Spirig HC 50 mg, Filmtabletten",A
1612077,69598,"Dasatinib Spirig HC 70 mg, Filmtabletten",A
1482156,68256,"Dasatinib Zentiva 100 mg, Filmtabletten",A
1482152,68256,"Dasatinib Zentiva 20 mg, Filmtabletten",A
1482153,68256,"Dasatinib Zentiva 50 mg, Filmtabletten",A
1482154,68256,"Dasatinib Zentiva 70 mg, Filmtabletten",A
1481890,67100,"Dasatinib-Teva 100 mg, Filmtabletten",A
1481886,67100,"Dasatinib-Teva 20 mg, Filmtabletten",A
1481887,67100,"Dasatinib-Teva 50 mg, Filmtabletten",A
1481888,67100,"Dasatinib-Teva 70 mg, Filmtabletten",A
1640797,69801,"DATROWAY 100 mg, Pulver für ein Konzentrat zur Herstellung einer Infusionslösung",A
1050185,55717,"DaTSCAN TM 123 I-Ioflupane (INN), Injektionslösung",A
1478993,68340,"Daunoblastin 20 mg, Pulver für ein Konzentrat zur Herstellung einer Infusionslösung",A
1194281,60484,"Daxas 500 µg, Filmtabletten",B
17872,33160,"Deaftol, solution pour pulvérisation buccale",D
1335411,65854,"Deanxit 0.5 mg/10 mg, Filmtabletten",B
17885,45427,"Debridat 100, Filmtabletten",B
17897,26660,"Deca-Durabolin 50 mg, Injektionslösung (i.m.)",B
40408,47660,"Decapeptyl 0,1 mg, Injektionslösung in einer Fertigspritze",A
1508559,68255,"Decitabin Accord 50 mg, Pulver für ein Konzentrat zur Herstellung einer Infusionslösung",A
1478670,68233,"Decitabin Sandoz 50 mg, Pulver für ein Konzentrat zur Herstellung einer Infusionslösung",A
1516933,68545,"Decitabine Ideogen 50 mg, Pulver für ein Konzentrat zur Herstellung einer Infusionslösung",A
37521,50912,"Decoderm bivalent, Crème",B
51298,55254,"Defaeton, Tropfen zum Einnehmen",D
1472160,67517,"Deferasirox Accord 180 mg, Filmtabletten",B
1472161,67517,"Deferasirox Accord 360 mg, Filmtabletten",B
1472159,67517,"Deferasirox Accord 90 mg, Filmtabletten",B
1452935,67681,"Deferasirox NOBEL 180 mg, Filmtabletten",B
1452936,67681,"Deferasirox NOBEL 360 mg, Filmtabletten",B
1452934,67681,"Deferasirox NOBEL 90 mg, Filmtabletten",B
1541697,68871,"Deferasirox Spirig HC 180 mg, Filmtabletten",B
1541698,68871,"Deferasirox Spirig HC 360 mg, Filmtabletten",B
1541696,68871,"Deferasirox Spirig HC 90 mg, Filmtabletten",B
1623572,68871,"Deferasirox Spirig HC 900 mg, Filmtabletten",B
1452938,67678,"Deferasirox-Mepha 180 mg, Lactab",B
1452939,67678,"Deferasirox-Mepha 360 mg, Lactab",B
1452937,67678,"Deferasirox-Mepha 90 mg, Lactab",B
1417420,67344,"Deferipron Lipomed 500 mg, Filmtabletten",B
1454794,67667,"Defitelio 80 mg/ml, Konzentrat zur Herstellung einer Infusionslösung",A
1547419,68261,"Dekristol 20.000 I.E., Weichkapseln",B
1509772,40712,"Delamoxyl 1 g, poudre pour solution injectable/pour perfusion",A
1509773,40712,"Delamoxyl 2 g, poudre pour solution injectable/pour perfusion",A
1509771,40712,"Delamoxyl 500 mg, poudre pour solution injectable/pour perfusion",A
1433330,67066,"Delstrigo, Filmtabletten",A
87957,51518,"Demogripal C, granulé pour solution buvable",D
1021145,56128,"Denosol Baby Erkältungsbad, Badezusatz",D
17967,31546,"Denosol Erkältungsbad, Badezusatz",D
34684,50174,"Dentohexin 0,2%, Lösung",D
17993,47693,"Depakine Chrono 300, comprimés à libération prolongée",B
17995,47693,"Depakine Chrono 500, comprimés à libération prolongée",B
17991,50271,"Depakine, poudre et solvant pour solution injectable/pour perfusion",B
1246103,34734,"Depakine, solution buvable",B
18023,25915,"Depo-Medrol 200 mg/5 mL, Injektionssuspension",B
18021,25915,"Depo-Medrol 40 mg/mL, Injektionssuspension",B
18022,25915,"Depo-Medrol 80 mg/2 mL, Injektionssuspension",B
18024,38546,"Depo-Medrol Lidocaine 40 mg/ml, Injektionssuspension",B
18025,38546,"Depo-Medrol Lidocaine 80 mg/2 ml, Injektionssuspension",B
18027,45986,"Deponit 10, transdermales Pflaster",B
18026,45986,"Deponit 5, transdermales Pflaster",B
18028,30774,"Depo-Provera 150, Injektionssuspension (150 mg/ml)",B
1145264,58102,"Deprivita, Filmtabletten",B
18037,44348,"Dequonal, Gurgellösung",D
18038,44348,"Dequonal, Lösung",D
63802,55087,"Dercut, Tropfen zum Einnehmen",D
29586,51464,"Dermacalm-d, Crème",D
1474420,67774,"Dermafusone 20 mg/g acide fusidique et 1 mg/g bétaméthasone, Crème",B
1629551,15812,"Derma-Merfen pommade relipidante, pommade",D
1392661,67098,"Der-med dry skin Lotion, Lipolotion",D
1407808,43110,"Der-med, Hautwaschlotion",D
1057521,10823,"Dermophil Indien, Balsam-Stift",D
1057520,25790,"Dermophil Indien, Lippenbalsam",D
18231,41823,"Dermovate Scalp Application, Lösung",B
18228,39905,"Dermovate, Crème",B
18229,39906,"Dermovate, Salbe",B
34860,51188,"Deroxat, Filmtabletten",B
1353675,65921,"Descovy 200/10 mg, Filmtabletten",A
1353676,65921,"Descovy 200/25 mg, Filmtabletten",A
18367,29668,"Desferal, Injektionspräparat",B
1474133,68361,"Deslora-Mepha Allergie, Filmtabletten",D
1206692,62390,"Desloratadin Sandoz, Filmtabletten",D
1509474,63030,"Desloratadin Spirig HC 5mg, Filmtabletten",D
1211339,62374,"Desloratadin-Mepha 5, Filmtablette",D
1282279,63189,"Desofemono 75, Filmtabletten",B
18445,53037,"Desomedin, Augentropfen",B
1091530,53037,"Desomedin, Augentropfen",B
1356815,66179,"Desonur 75 mcg, comprimés pelliculés",B
1073652,57559,"Desoren 20, Filmtabletten",B
1073653,58268,"Desoren 30, Filmtabletten",B
1630975,69469,"Desveneurax 100 mg, Retardtabletten",B
1630974,69469,"Desveneurax 50 mg, Retardtabletten",B
94864,55581,"Detrusitol SR 2 mg, Retard-Kapseln",B
94865,55581,"Detrusitol SR 4 mg, Retard-Kapseln",B
18486,41655,"De-ursil 150 mg, Hartkapseln",B
18487,41655,"De-ursil 300 mg, Hartkapseln",B
1476315,44619,"De-ursil RR 450 mg, Hartkapseln, retardiert",B
1476314,44619,"De-ursil RR Mite 225 mg, Hartkapseln, retardiert",B
1041925,57477,"Dexafree UD 0,1%, Augentropfen",A
1158169,59580,"Dexagenta-POS, Augentropfen",A
18525,57974,"Dexamethason Galepharm 1 mg, Tabletten",B
18526,57974,"Dexamethason Galepharm 4 mg, Tabletten",B
1388559,66710,"Dexamethason Galepharm Amp 4mg/1ml, Injektionslösung",B
1388560,66710,"Dexamethason Galepharm Amp 8mg/2ml, Injektionslösung",B
108870,41074,"Dexamethason Helvepharm 5 mg, Injektionslösung",B
1515140,41074,"Dexamethason Zentiva 5 mg, Injektionslösung",B
1220706,62183,"Dexdor 1000ug/10ml, Konzentrat zur Herstellung einer Infusionslösung",A
1220704,62183,"Dexdor 200ug/2ml, Konzentrat zur Herstellung einer Infusionslösung",A
1220705,62183,"Dexdor 400ug/4ml, Konzentrat zur Herstellung einer Infusionslösung",A
1172603,60404,"Dexeryl, Creme",D
1269614,62993,"Dexilant 30 mg, Kapseln mit veränderter Wirkstofffreisetzung",B
1269615,62993,"Dexilant 60 mg, Kapseln mit veränderter Wirkstofffreisetzung",B
1550031,69275,"Dexmedetomidin Fresenius i.v. 1000µg/10ml, Konzentrat zur Herstellung einer Infusionslösung",A
1550024,69275,"Dexmedetomidin Fresenius i.v. 200µg/2ml, Konzentrat zur Herstellung einer Infusionslösung",A
1550025,69275,"Dexmedetomidin Fresenius i.v. 400µg/4ml, Konzentrat zur Herstellung einer Infusionslösung",A
1604404,69348,"Dexmedetomidin Labatec 1000 μg/10 ml, solution à diluer pour perfusion",A
1604402,69348,"Dexmedetomidin Labatec 200 μg/2 ml, solution à diluer pour perfusion",A
1604403,69348,"Dexmedetomidin Labatec 400 μg/4 ml, solution à diluer pour perfusion",A
1393396,66528,"Diacomit 250mg, capsule",B
1393398,66529,"Diacomit 250mg, polvere per sospensione orale in bustine",B
1393397,66528,"Diacomit 500mg, capsule",B
1393399,66529,"Diacomit 500mg, polvere per sospensione orale in bustine",B
1171851,55234,"Diamicron MR 60 mg, comprimés à libération modifiée",B
1294470,65171,"Diamilla 0.075mg, Filmtabletten",B
18595,22002,"Diamox i.v., préparation injectable",B
18594,21191,"Diamox, comprimés",B
1489939,55561,"Diaphin 5 g i.v., Pulver zur Herstellung einer Injektionslösung",A
1179602,57724,"Diaphin IR 200, Tabletten",A
1179601,57720,"Diaphin SR 200, Filmtabletten",A
66895,54467,"Diazepam Desitin 10 mg, Rectal Tube",B
66894,54467,"Diazepam Desitin 5 mg, Rectal Tube",B
1315668,65856,"DIBASE 10'000, orale Tropflösung",D
1363683,65857,"DIBASE 25'000, Lösung zum Einnehmen",B
1644781,65857,"DIBASE 25'000, Lösung zum Einnehmen",D
1223203,46337,"Dicetel, Filmtabletten",B
1204568,56142,"Diclac Sandoz, Lipogel",D
1183526,61484,"Dicloabak 0,1% collyre",B
1141411,60374,"Diclofenac-Mepha 75, Injektionslösung i.m.",B
1236397,60024,"Dicloren Gel, Emulsions-Gel",D
18720,27048,"Dicynone 250, solution injectable",B
1092326,57577,"Dicynone 500, capsules",B
1434959,67511,"Dienogest Spirig HC 2 mg, Tabletten",B
1425564,67453,"Dienogest-Mepha 2 mg, Tabletten",B
92895,54731,"Differin, Crème",B
54810,52867,"Differin, Gel",B
1268223,62957,"Dificlir, Filmtabletten",A
18733,49503,"Diflucan 150 mg, Kapseln",B
18734,49503,"Diflucan 200 mg, Kapseln",B
18731,51601,"Diflucan 200mg/5ml, Pulver zur Herstellung einer Suspension zum Einnehmen",B
18732,49503,"Diflucan 50 mg, Kapseln",B
18730,51601,"Diflucan 50mg/5ml, Pulver zur Herstellung einer Suspension zum Einnehmen",B
18728,50349,"Diflucan, Infusionslösung",B
1639410,69519,"Digestodoron N, Tropfen zum Einnehmen",D
1067023,59301,"DigiFab, Lyophilisat",A
44876,53162,"Dilatrend 12,5 mg, Tabletten",B
44875,53162,"Dilatrend 25 mg, Tabletten",B
64444,53162,"Dilatrend 6,25 mg, Tabletten",B
18800,46269,"Dilzem 120 mg retard, Retardtabletten",B
18801,49577,"Dilzem 180 mg RR, Retardtabletten",B
18797,46269,"Dilzem 90 mg retard, Retardtabletten",B
1624290,69466,"Dimethylfumarat Accord 120 mg, magensaftresistente Hartkapseln",B
1624291,69466,"Dimethylfumarat Accord 240 mg, magensaftresistente Hartkapseln",B
1620078,69203,"Dimethylfumarat Sandoz 120 mg, magensaftresistente Hartkapseln",B
1620079,69203,"Dimethylfumarat Sandoz 240 mg, magensaftresistente Hartkapseln",B
1557864,69411,"Dimethylfumarat Viatris 120 mg, magensaftresistente Hartkapseln",B
1557865,69411,"Dimethylfumarat Viatris 240 mg, magensaftresistente Hartkapseln",B
1620075,69504,"Dimethylfumarat-Mepha Teva 120 mg, magensaftresistente Hartkapseln",B
1620076,69504,"Dimethylfumarat-Mepha Teva 240 mg, magensaftresistente Hartkapseln",B
1624302,69449,"Dimetindene Leman 1 mg/g, gel",D
1496498,68050,"Diosmin Hesperidin Zentiva 500 mg, Filmtabletten",D
95803,55743,"Diovan 160 mg, Filmtabletten",B
95802,55743,"Diovan 80 mg, Filmtabletten",B
94713,53373,"Dipeptiven, Konzentrat zur Herstellung einer Infusionslösung",B
18835,30269,"Dipiperon, Tabletten",B
18836,38695,"Diprogenta, Crème",B
18837,38696,"Diprogenta, Salbe",B
18842,39528,"Diprophos, Injektionssuspension",B
18844,41288,"Diprosalic, Lösung zur Anwendung auf der Haut",B
18845,39308,"Diprosalic, Salbe",B
18846,37537,"Diprosone, Crème",B
1170950,62097,"Dipsacus fullonum TM, Tropfen zum Einnehmen",D
1123811,62631,"Disci comp. cum Aesculo, Solutio ad injectionem",B
1123812,62269,"Disci comp. cum Argento, Globuli velati",D
68182,62264,"Disci comp. cum Argento, Solutio ad injectionem",B
1123814,62650,"Disci comp. cum Auro, Solutio ad injectionem",B
1123940,62635,"Disci comp. cum Nicotiana, Globuli velati",D
1123948,62267,"Disci comp. cum Pulsatilla, Globuli velati",D
1158759,60274,"Disci comp. cum Stanno, Injektionslösung (s.c.)",B
1123957,62634,"Disci comp. cum Stibio, Globuli velati",D
1123956,60278,"Disci comp. cum Stibio, Solutio ad injectionem",B
1296481,60275,"Disci/Rhus toxicodendron comp., Solutio ad injectionem",B
1123978,62611,"Disci/Viscum comp. cum Argento, Suppositorien",D
1123995,62636,"Disci/Viscum comp. cum Stanno, Globuli velati",D
81939,59014,"Discus intervertebralis suis compositum, Injektionslösung",B
88176,47162,"Disoprivan 10 mg/ml, Emulsion zur Injektion/Infusion",B
1118169,47162,"Disoprivan 10 mg/ml, Emulsion zur Injektion/Infusion",B
1118170,47162,"Disoprivan 10 mg/ml, Emulsion zur Injektion/Infusion",B
88178,47162,"Disoprivan 20 mg/ml, Emulsion zur Infusion",B
88179,53943,"Disoprivan PFS 10 mg/ml, Emulsion zur Injektion/Infusion in einer Fertigspritze",B
88180,53943,"Disoprivan PFS 20 mg/ml, Emulsion zur Infusion in einer Fertigspritze",B
1145614,56417,"Distickstoffoxid medizinal PanGas, Gas zur medizinischen Anwendung, verflüssigt",B
1152395,56668,"Distickstoffoxyd medizinal Carbagas, Inhalationsgas",B
18896,40632,"Distraneurin Mixtur, Lösung zum Einnehmen",A
18893,40629,"Distraneurin, Weichkapseln",A
60698,54352,"Diurol, Tropfen zum Einnehmen",D
1248749,52792,"Divigel 0,5 g, Gel",B
55779,52792,"Divigel 1,0 g, Gel",B
1029154,45687,"Dobutrex 250 mg/ 50 ml, Infusionslösung / Konzentrat zur Herstellung einer Infusionslösung",B
1422954,66815,"Docetaxel Accord 160 mg/8 ml, Konzentrat zur Herstellung einer Infusionslösung",A
1422952,66815,"Docetaxel Accord 20 mg/1 ml, Konzentrat zur Herstellung einer Infusionslösung",A
1422953,66815,"Docetaxel Accord 80 mg/4 ml, Konzentrat zur Herstellung einer Infusionslösung",A
1214265,62537,"Docetaxel Fresenius i.v. 160 mg/8 ml, Infusionskonzentrat",A
1249219,62537,"Docetaxel Fresenius i.v. 20 mg/1 ml., Infusionskonzentrat",A
1214263,62537,"Docetaxel Fresenius i.v. 80 mg/4 ml, Infusionskonzentrat",A
1630894,69401,"Docetaxel Zentiva 160 mg/8 ml, Konzentrat zur Herstellung einer Infusionslösung",A
1192528,62120,"Docetaxel Zentiva 20 mg / 1 ml, Infusionslösung",A
1630892,69401,"Docetaxel Zentiva 20 mg/1 ml, Konzentrat zur Herstellung einer Infusionslösung",A
1192529,62120,"Docetaxel Zentiva 80 mg / 4 ml, Infusionslösung",A
1630893,69401,"Docetaxel Zentiva 80 mg/4 ml, Konzentrat zur Herstellung einer Infusionslösung",A
1345953,60726,"Docetaxel-Teva liquid 140 mg/7 ml, Konzentrat zur Herstellung einer Infusionslösung",A
1345954,60726,"Docetaxel-Teva liquid 20 mg/1 ml, Konzentrat zur Herstellung einer Infusionslösung",A
1345952,60726,"Docetaxel-Teva liquid 80 mg/4 ml, Konzentrat zur Herstellung einer Infusionslösung",A
19635,40706,"Dogmatil 200 mg, comprimés",B
19627,34316,"Dogmatil, gélules",B
1368132,65524,"Dolo-Kranit, Tabletten",D
1167315,53616,"Dolo-Spedifen 200, compresse",D
1167320,56720,"Dolo-Spedifen forte 400, compresse pellicolari",D
1269173,56720,"Dolo-Spedifen forte 400, compresse pellicolari",D
1619666,54878,"Dolo-Spedifen forte 400, granulare",D
1491342,65863,"Domperidon axapharm lingual 10 mg, Schmelztabletten",B
1353625,66089,"Domperidon lingual Spirig HC 10mg, Schmelztabletten",B
1295765,65646,Domperidon-Mepha oro 10 mg Schmelztabletten,B
1488273,68060,"Donepezil NOBEL lingual 10 mg, Schmelztabletten",B
1488272,68060,"Donepezil NOBEL lingual 5 mg, Schmelztabletten",B
1143327,59416,"Donepezil Sandoz 10 mg, Filmtabletten",B
1143326,59416,"Donepezil Sandoz 5 mg, Filmtabletten",B
1234570,62829,"Donepezil Spirig HC, Filmtabletten",B
1234571,62829,"Donepezil Spirig HC, Filmtabletten",B
1167038,60535,"Donepezil-Mepha 10 mg, Lactab",B
1167036,60535,"Donepezil-Mepha 5 mg, Lactab",B
1486484,67893,"Doptelet 20 mg, Filmtabletten",A
19721,35584,"Dormeasan, Tropfen",D
19723,45163,"Dormicum 15 mg, Filmtabletten",B
74532,44448,"Dormicum 15 mg/3 ml, Injektionslösung",B
19724,44448,"Dormicum 5 mg/1 ml, Injektionslösung",B
19725,44448,"Dormicum 5 mg/5 ml, Injektionslösung",B
19726,44448,"Dormicum 50 mg/10 ml, Injektionslösung",B
19722,45163,"Dormicum 7,5 mg, Filmtabletten",B
1249048,52326,"Dormiplant, Filmtabletten",D
1321872,65629,"DorzoComp-Vision 20mg/ml / 5mg/ml, Augentropfen",B
1550026,69149,"DorzoComp-Vision SDU 20 mg/ml + 5mg/ml, Augentropfen",B
1221728,62671,"Dorzo-Vision 2 %, Augentropfen",B
99026,53844,"Dospir, Inhalationslösung (Einzeldosen)",B
1357645,51756,"Dostinex, Tabletten",B
19763,49784,"Dotarem, Injektionslösung",B
1165438,49784,"Dotarem, Injektionslösung",B
1165439,49784,"Dotarem, Injektionslösung",B
1165440,49784,"Dotarem, Injektionslösung",B
1446456,49784,"Dotarem, Injektionslösung",B
1446457,49784,"Dotarem, Injektionslösung",B
1446458,49784,"Dotarem, Injektionslösung",B
1443505,67313,"Dovato, Filmtabletten",A
1497798,59194,"Doxazosin retard Zentiva 4 mg, Filmtabletten",B
1497799,59194,"Doxazosin retard Zentiva 8 mg, Filmtabletten",B
19766,38934,"Doxiproct Plus, pommade rectale",B
19764,38932,"Doxiproct, pommade rectale",D
19768,39217,"Doxium 500, capsules",B
1524436,69172,"Doxocur 500 mg, capsules",B
1510489,68746,"Doxorubicin Accord 10 mg/5 ml, Injektionslösung",A
1510492,68746,"Doxorubicin Accord 100 mg/50 ml, Injektionslösung",A
1510490,68746,"Doxorubicin Accord 20 mg/10 ml, Injektionslösung",A
1510493,68746,"Doxorubicin Accord 200 mg/100 ml, Injektionslösung",A
1510491,68746,"Doxorubicin Accord 50 mg/25 ml, Injektionslösung",A
1632796,68961,"Doxorubicin Accord liposomal 20 mg/10 ml, Konzentrat zur Herstellung einer Infusionsdispersion",A
1632797,68961,"Doxorubicin Accord liposomal 50 mg/25 ml, Konzentrat zur Herstellung einer Infusionsdispersion",A
1261208,54828,"Doxorubicin Sandoz eco 10 mg, Injektionslösung",A
1261210,54828,"Doxorubicin Sandoz eco 100 mg, Injektionslösung",A
1261211,54828,"Doxorubicin Sandoz eco 200 mg, Injektionslösung",A
1261209,54828,"Doxorubicin Sandoz eco 50 mg, Injektionslösung",A
1140980,59350,"Doxorubicin-Teva 10 mg/5 ml, Injektionslösung",A
1140982,59350,"Doxorubicin-Teva 50 mg/25 ml, Injektionslösung",A
1210624,44000,"Doxyclin forte, Tabletten",A
1210623,44000,"Doxyclin, Tabletten",A
1304102,65952,"Doxycyclin-Mepha 100mg, Tabletten",A
1304103,65952,"Doxycyclin-Mepha 200mg, Tabletten",A
26685,50748,"Doxysol 100, Tabletten",A
26686,50748,"Doxysol 200, Tabletten",A
1145626,60715,"Dr. Bähler Bronchialpastillen mit Codein, Lutschpastillen",B
1509430,68873,"Dr. Bähler Bronchialpastillen neue Formel, Lutschpastillen",E
1138247,60719,"Dr. Bähler Wallwurzgel, Gel",D
3285,45033,"Dr. Reckeweg R 1 Anginacid, gouttes homéopathiques",D
3323,45040,"Dr. Reckeweg R 10 Klimakteran, gouttes",D
3327,45041,"Dr. Reckeweg R 11 Lumbagin, gouttes homéopathiques",D
3328,45042,"Dr. Reckeweg R 12 Jodin, gouttes homéopathiques",D
3330,45043,"Dr. Reckeweg R 13 Prohämorrhin, gouttes homéopathiques",D
3331,45044,"Dr. Reckeweg R 14 Quieta, gouttes buvables",D
3332,45045,"Dr. Reckeweg R 16 Cimisan, gouttes",D
3335,45047,"Dr. Reckeweg R 18 Cystophylin, gouttes",D
3296,45034,"Dr. Reckeweg R 2 Aurin, gouttes homéopathiques",D
3358,45049,"Dr. Reckeweg R 20 Euglandin-F, gouttes homéopathiques",D
3363,45052,"Dr. Reckeweg R 23 Nosoderm, gouttes buvables",D
3368,45054,"Dr. Reckeweg R 25 Prostatan, gouttes",D
3369,45055,"Dr. Reckeweg R 26 Remisin, gouttes homéopathiques",D
3370,45056,"Dr. Reckeweg R 27 Renocalcin, gouttes homéopathiques",B
3371,45057,"Dr. Reckeweg R 28 Secalen, gouttes",B
3372,45058,"Dr. Reckeweg R 29 Theridon, gouttes",D
3299,45035,"Dr. Reckeweg R 3 Corvosan, gouttes",B
3373,45059,"Dr. Reckeweg R 31 Contraemin, gouttes homéopathiques",D
3375,45061,"Dr. Reckeweg R 33 Buforan, gouttes",D
3376,45062,"Dr. Reckeweg R 34 Calcossin, gouttes homéopathiques",D
3378,45064,"Dr. Reckeweg R 36 Choresan, gouttes",B
3379,45065,"Dr. Reckeweg R 37 Colinteston, gouttes homéopathiques",D
3300,45036,"Dr. Reckeweg R 4 Enterocolin, gouttes homéopathiques",D
3409,45068,"Dr. Reckeweg R 40 Diaglukon, gouttes",B
3412,45069,"Dr. Reckeweg R 41 Fortivirone, gouttes",D
3415,45070,"Dr. Reckeweg R 42 Haemovenin, gouttes homéopathiques",D
3419,45072,"Dr. Reckeweg R 44 Hypotonol, gouttes",D
3420,45073,"Dr. Reckeweg R 45 Laryngin, gouttes",D
3423,45074,"Dr. Reckeweg R 46 Manurheumin, gouttes",D
3428,45075,"Dr. Reckeweg R 47 Neuroglobin, gouttes homéopathiques",D
3429,45076,"Dr. Reckeweg R 48 Pulmosol, gouttes homéopathiques",D
3435,45077,"Dr. Reckeweg R 49 Rhinopulsan, gouttes homéopathiques",D
3301,45037,"Dr. Reckeweg R 5 Gastreu, gouttes",D
3462,45078,"Dr. Reckeweg R 50 Sacrogynol, gouttes homéopathiques",D
3465,45079,"Dr. Reckeweg R 51 Thyreosan, gouttes homéopathiques",B
3471,45080,"Dr. Reckeweg R 52 Vomisan, gouttes",D
3472,45081,"Dr. Reckeweg R 53 Comedonin, gouttes homéopathiques",D
3476,45082,"Dr. Reckeweg R 54 Imbelion, gouttes homéopathiques",D
3477,45083,"Dr. Reckeweg R 55 Rutavine, gouttes homéopathiques",D
3480,45085,"Dr. Reckeweg R 57 Scorosan, gouttes homéopathiques",D
3481,45086,"Dr. Reckeweg R 58 Vernadon, gouttes",B
3482,45087,"Dr. Reckeweg R 59 Vesiculine, gouttes homéopathiques",D
3308,45038,"Dr. Reckeweg R 6 Gripfektan, gouttes homéopathiques",D
3483,45088,"Dr. Reckeweg R 60 Purhaemine, gouttes homéopathiques",D
3493,45089,"Dr. Reckeweg R 62 Morbillin, gouttes",D
3494,45090,"Dr. Reckeweg R 63 Endangitin, gouttes homéopathiques",B
3495,45091,"Dr. Reckeweg R 64 Nephralbin, gouttes",D
3496,45092,"Dr. Reckeweg R 65 Psoriasin, gouttes homéopathiques",D
3497,45093,"Dr. Reckeweg R 66 Arrhythmin, gouttes",B
3498,45094,"Dr. Reckeweg R 67 Kollapsin, gouttes",D
3499,45095,"Dr. Reckeweg R 68 Nervisin, gouttes",D
3500,45096,"Dr. Reckeweg R 69 Intercostalin, gouttes",D
3315,45039,"Dr. Reckeweg R 7 Hepagalen, gouttes",D
3504,45097,"Dr. Reckeweg R 70 Prosopalgin, gouttes",D
3506,45098,"Dr. Reckeweg R 71 Ischialgin, gouttes",D
3507,45099,"Dr. Reckeweg R 72 Pankropatin, gouttes homéopathiques",D
3508,45100,"Dr. Reckeweg R 73 Spondarthrin, gouttes",D
3374,45060,"Dr. Reckeweg R 74 Nocturnin, gouttes buvables",D
3510,45101,"Dr. Reckeweg R 74 Nocturnin, gouttes buvables",D
3511,45102,"Dr. Reckeweg R 75 Dolomensin, gouttes",D
3316,45106,"Dr. Reckeweg R 9 Jutussin, gouttes",D
1436474,62385,"Dretine 21, Filmtabletten",B
1436475,62414,"Dretine 28, Filmtabletten",B
1436476,62386,"Dretinelle 21, Filmtabletten",B
1436477,62415,"Dretinelle 28, Filmtabletten",B
1014018,49615,"Drontal flavour Plus XL ad us. vet., Tabletten für Hunde",B
1373459,66837,"Dropa Bronchialpastillen mit Codein, Lutschpastillen",B
1510011,68956,"DROPA Bronchialpastillen neue Formel, Lutschpastillen",E
1138284,60720,"Dropa Wallwurzgel, Gel",D
1039906,56550,"Droperidol Sintetica 1 mg/2 ml, soluzione iniettabile",B
91000,58790,"Drosera compositum, Injektionslösung (s.c., i.c., i.m.)",B
1170745,54852,"Drosetux, sirop",D
19799,32043,"Drosinula, Bronchialsirup",D
19801,39798,"Drossadin 0.1 %, Lösung",D
19802,39798,"Drossadin 0.2 %, Lösung",D
1328669,65701,"Drossadin Spray 0.2%, Lösung",D
1005536,56272,"Drossafol, Tabletten",B
1502572,68228,"Drovelis 3 mg/14.2 mg, Filmtabletten",B
1172587,60156,"Dryopteris filix-mas comp., Tropfen",D
1107102,58494,"Duac Akne, Gel",B
1474134,68165,"Ducressa 1 mg / mL & 5 mg / mL, collyre en solution",A
1515492,704,"Dukoral, Suspension und Brausepulver zur Herstellung einer Suspension zum Einnehmen",B
1118091,59780,"Dulcamara / Lysimachia, Creme",D
1030098,23390,"Dulcolax Bisacodyl, magensaftresitente Tabletten",D
1030099,23391,"Dulcolax Bisacodyl, Zäpfchen",D
1022657,56893,"Dulcolax Picosulfat, Pearls/Kapseln",D
1035753,57507,"Dulcolax Picosulfat, Tropfen",D
1314091,65781,"Duloxetin Axapharm 30 mg, magensaftresistente Hartkapseln",B
1314092,65781,"Duloxetin Axapharm 60 mg, magensaftresistente Hartkapseln",B
1423900,67645,"Duloxetin NOBEL 30 mg, magensaftresistente Hartkapseln",B
1423901,67645,"Duloxetin NOBEL 60 mg, magensaftresistente Hartkapseln",B
1318090,65996,"Duloxetin Sandoz 30 mg, magensaftresistente Hartkapseln",B
1318091,65996,"Duloxetin Sandoz 60 mg, magensaftresistente Hartkapseln",B
1314772,65795,"Duloxetin Spirig HC 30 mg, magensaftresistente Hartkapseln",B
1314773,65795,"Duloxetin Spirig HC 60 mg, magensaftresistente Hartkapseln",B
1318813,65790,"Duloxetin Zentiva 30 mg, magensaftresistente Hartkapseln",B
1318814,65790,"Duloxetin Zentiva 60 mg, magensaftresistente Hartkapseln",B
1403003,66098,"Duloxetin-Mepha 30 mg, magensaftresistente Hartkapseln",B
1403004,66098,"Duloxetin-Mepha 60 mg, magensaftresistente Hartkapseln",B
1398176,12549,"Dul-X Classic, Crème",D
1398177,12548,"Dul-X Classic, Emulsion",D
1398178,38583,"Dul-X Crème Warm, Crème",D
1200075,43609,"DUL-X Gel cool Wallwurz comp., Gel",D
1028036,33186,"Dul-X Medizinalbad Classic, Badezussatz",D
1144728,60095,"Duodart, Kapseln",B
1058147,57624,"Duodopa, Gel zur intestinalen Anwendung",B
1392956,53048,"DuoFer Fol, Filmtabletten",D
1379457,38423,"Duofer, Filmtabletten",D
1328670,66001,"Duokopt 20 mg/ml, Augentropfen",B
1182547,57615,"Duotrav, Augentropfen",B
1237652,32894,"Duphalac, Sirup",D
19838,28079,"Duphaston, Filmtabletten",B
1608811,67661,"Dupixent 200 mg/ 1.14 ml, solution injectable en stylo pré-rempli",B
1462380,66649,"Dupixent 200 mg/1.14 ml, solution injectable en seringue préremplie avec système de sécurité",B
1609539,67661,"Dupixent 300 mg/ 2 ml, solution injectable en stylo pré-rempli",B
1411258,66649,"Dupixent 300 mg/2 ml, solution injectable en seringue préremplie avec système de sécurité",B
1031548,56696,"Duraphat Fluorid 5 mg/g, Zahnpaste",B
26635,47639,"Duspatalin Retard, Hartkapseln retardiert",B
1395628,66875,"Dutasterid Duo Spirig HC 0.5 mg/0.4 mg, Hartkapseln",B
1367717,66071,"Dutasterid Spirig HC 0.5mg, Weichgelatinekapseln",B
1446645,67835,"Dutasterid Tamsulosin Sandoz eco 0.5 mg/ 0.4 mg, Kapseln",B
1461205,67959,"Dutasterid Tamsulosin Zentiva 0.5 mg/ 0.4 mg, Kapseln",B
1480478,68212,"Dutasterid-Tamsulosin Xiromed 0,5 mg/0,4 mg, Hartkapseln",B
1395975,66798,"Dutasterid-Tamsulosin-Mepha 0.5 mg/0.4 mg, Kapseln",B
1238093,62675,"Dymista Nasenspray, Suspension",B
20087,50353,"Dynamisan forte Granulat, Sachets",D
20088,45422,"Dynamisan forte, Trinkampullen",D
1003514,56125,"Dynexan Mundgel, Gel zur Anwendung in der Mundhöhle",D
1226988,59596,"Dyskrasit D20, Ampullen (s.c.)",B
1267553,55057,"Dysport 300U, Lyophilisat",A
129029,55057,"Dysport 500U, Lyophilisat",A
1622438,69460,"Ebglyss 250 mg/2 ml, Injektionslösung in Fertigpen",B
1622437,69344,"Ebglyss 250 mg/2 ml, Injektionslösung in Fertigspritze",B
1150242,55828,"Ebixa 10 mg, Filmtabletten",B
1210198,55828,"Ebixa 10 mg, Filmtabletten",B
1210199,55828,"Ebixa 5 mg, Filmtabletten",B
20140,44486,"Ebrantil 50 mg, Injektionslösung",B
1618373,69052,"Ebvallo, Injektionsdispersion",A
1171166,58325,"Ecalta 100 mg, Pulver zur Herstellung einer Infusionslösung",A
1017536,58956,"Echinacea compositum ad us. vet., homöopathische Injektionslösung",B
20163,58898,"Echinacea compositum, Injektionslösung",B
103211,59899,"Echinacea/Quarz comp., Collyria",D
20165,18013,"Echinacin, Tropfen",D
1312643,65200,"Echinadoron, Lutschtabletten",D
1305064,65094,"Echinaforce Hot Drink, Konzentrat zur Herstellung einer Lösung zum Einnehmen",D
1416173,58192,"Echinaforce Resistenz - Erkältung Junior, Tabletten",D
1416174,30724,"Echinaforce Resistenz - Erkältung, Tropfen zum Einnehmen",D
1611945,57538,"Echinaforce Resistenz-Erkältung forte, Tabletten",D
1560929,48004,"Echinaforce Resistenz-Erkältung, Tabletten",D
1143342,61302,"Echinamed Halsschmerz-Spray, Spray",D
1604583,57812,"Echinamed Resistenz-Erkältung forte, Tabletten",D
1561206,54825,"Echinamed Resistenz-Erkältung, Tabletten",D
1374449,57752,"Echinarom Erkältungskrankheiten, Tropfen",D
26687,47823,"Ecofenac 25, Filmtabletten",B
28166,47823,"Ecofenac 50, Filmtabletten",B
96834,55513,"Ecofenac CR 150, Zweischichttabletten",B
96832,55513,"Ecofenac CR 75, Zweischichttabletten",B
1205439,54296,"Ecofenac Sandoz, Lipogel",D
1181869,47920,"Ecomucyl Sandoz 100, Granulat zur Herstellung einer Lösung zum Einnehmen mit Orangen-Aroma",B/D
1181865,50655,"Ecomucyl Sandoz 200, Brausetabletten mit Brombeer-Aroma",D
1181867,47920,"Ecomucyl Sandoz 200, Granulat zur Herstellung einer Lösung zum Einnehmen mit Orangen-Aroma",B/D
1181866,50655,"Ecomucyl Sandoz 600, Brausetabletten mit Brombeer-Aroma",D
1181868,47920,"Ecomucyl Sandoz 600, Granulat zur Herstellung einer Lösung zum Einnehmen mit Orangen-Aroma",B/D
1216617,62158,"Edarbi 20mg, Tabletten",B
1216618,62158,"Edarbi 40mg, Tabletten",B
1216619,62158,"Edarbi 80mg, Tabletten",B
1281907,63145,"Edarbyclor 40 mg/12.5 mg, Filmtabletten",B
1281908,63145,"Edarbyclor 40 mg/25 mg, Filmtabletten",B
94896,54159,"Edronax, Tabletten 4 mg",B
1232627,61548,"Edurant, Filmtabletten",A
1363684,66217,"Efavirenz-Emtricitabin-Tenofovir-Mepha 600 mg, 200 mg, 245 mg, Filmtabletten",A
1282358,63083,"Efavirenz-Mepha 600 mg, Filmtabletten",A
1036458,54168,"Efexor ER  37.5 mg, Hartkapsel, retardiert",B
58349,54168,"Efexor ER 150 mg, Hartkapsel, retardiert",B
58348,54168,"Efexor ER 75 mg, Hartkapsel, retardiert",B
1183527,61669,"Effentora 100 mcg, Buccaltabletten",A
1183528,61669,"Effentora 200 mcg, Buccaltabletten",A
1183529,61669,"Effentora 400 mcg, Buccaltabletten",A
1183530,61669,"Effentora 600 mcg, Buccaltabletten",A
1183531,61669,"Effentora 800 mcg, Buccaltabletten",A
112285,55429,"Effigel, gel",D
1292144,65175,"Effilevo 0.10 mg / 0.02 mg, comprimés pelliculés",B
1292143,65267,"Effilevo Conti, comprimés pelliculés",B
22125,24199,"Effortil, Tropfen zum Einnehmen, Lösung",B
1130123,59136,"Efient 10 mg, comprimés pelliculés",B
1130122,59136,"Efient 5 mg, comprimés pelliculés",B
1603480,67704,"Efluelda 0.7 ml, suspension injectable en seringue préremplie",B
1632158,67704,"Efluelda 0.7 ml, suspension injectable en seringue préremplie",B
1534720,36464,"Efudix, Crème",A
1496881,68458,"Eisencarboxymaltose Sandoz 100 mg / 2 ml, Injektions-/Infusionslösung",B
1496883,68458,"Eisencarboxymaltose Sandoz 1000 mg / 20 ml, Injektions-/Infusionslösung",B
1496882,68458,"Eisencarboxymaltose Sandoz 500 mg / 10 ml, Injektions-/Infusionslösung",B
1236151,62590,"Eklira Genuair, Pulver zum Inhalieren",B
1632739,69700,"ELAHERE 100 mg/20 ml, Konzentrat zur Herstellung einer Infusionslösung",A
1065897,57916,"Elaprase, Konzentrat zur Herstellung einer Infusionslösung",A
1331685,65924,"Eletriptan Axapharm 40 mg, Filmtabletten",B
1331686,65924,"Eletriptan Axapharm 80 mg, Filmtabletten",B
1523053,65687,"Eletriptan Viatris 40 mg, Filmtabletten",B
1523054,65687,"Eletriptan Viatris 80 mg, Filmtabletten",B
1306431,65602,"Eletriptan-Mepha 40 mg, Filmtabletten",B
1306432,65602,"Eletriptan-Mepha 80 mg, Filmtabletten",B
1516224,45604,"Elevit Pronatal, Filmtabletten",D
1557565,69257,"Elfabrio 20 mg/10 ml, solution à diluer pour perfusion",A
120197,55965,"Elidel 1 %, Crème",B
1420136,56892,"Eligard 22.5 mg, Pulver und Lösungsmittel zur Herstellung einer Depot-Injektionssuspension",A
1420137,58431,"Eligard 45 mg, Pulver und Lösungsmittel zur Herstellung einer Depot-Injektionssuspension",A
1420138,56852,"Eligard 7.5 mg, Pulver und Lösungsmittel zur Herstellung einer Depot-Injektionssuspension",A
1187239,61549,"Eliquis 2.5 mg, Filmtabletten",B
1250482,61549,"Eliquis 5 mg, Filmtabletten",B
1403991,66920,"ellaOne 30 mg, Filmtablette",B
1020084,56960,"Elleacnelle, dragées",B
1270816,46429,"Elmetacin, Lösung",D
1437861,26924,"Elmex fluid, Lösung zur Anwendung in der Mundhöhle",B
22361,34916,"Elmex gelée, Dentalgel",D
1454797,67306,"Elmiron 100 mg, Kapseln",B
1257493,50111,"Elocom, Crème",B
22407,51688,"Elocom, Lösung",B
22406,50112,"Elocom, Salbe",B
1324303,65843,"Elocta 1000 I.E., Pulver und Lösungsmittel zur Herstellung einer Injektionslösung",B
1324304,65843,"Elocta 1500 I.E., Pulver und Lösungsmittel zur Herstellung einer Injektionslösung",B
1324305,65843,"Elocta 2000 I.E., Pulver und Lösungsmittel zur Herstellung einer Injektionslösung",B
1324301,65843,"Elocta 250 I.E., Pulver und Lösungsmittel zur Herstellung einer Injektionslösung",B
1324306,65843,"Elocta 3000 I.E., Pulver und Lösungsmittel zur Herstellung einer Injektionslösung",B
1403716,65843,"Elocta 4000 I.E., Pulver und Lösungsmittel zur Herstellung einer Injektionslösung",B
1324302,65843,"Elocta 500 I.E., Pulver und Lösungsmittel zur Herstellung einer Injektionslösung",B
1307892,60568,"Eloine, Filmtabletten",B
22408,44644,"Elotrans, Pulver",D
1044558,57207,"Eloxatine 100 mg/20 ml, concentré pour perfusion",A
1124190,57207,"Eloxatine 200 mg/40 ml, concentré pour perfusion",A
1044557,57207,"Eloxatine 50 mg/10 ml, concentré pour perfusion",A
1548536,68646,"Elrexfio 44 mg/1.1 ml, Injektionslösung",A
1558561,68646,"Elrexfio 76 mg/1.9 ml, Injektionslösung",A
1133102,29812,"Eltroxin-LF, 0.05 mg, Tabletten",B
1133103,29812,"Eltroxin-LF, 0.1 mg, Tabletten",B
1612231,69037,"Elucirem 0.5 mmol/ml, Injektionslösung in einer Durchstechflasche",B
1612232,69037,"Elucirem 0.5 mmol/ml, Injektionslösung in einer Durchstechflasche",B
1612234,69037,"Elucirem 0.5 mmol/ml, Injektionslösung in einer Durchstechflasche",B
1604283,68791,"Elucirem 0.5 mmol/ml, Injektionslösung in einer Fertigspritze",B
1615444,68791,"Elucirem 0.5 mmol/ml, Injektionslösung in einer Fertigspritze",B
1342301,63023,"Elvanse 20 mg, Kapseln",A
1266425,63023,"Elvanse 30 mg, Kapseln",A
1342302,63023,"Elvanse 40 mg, Kapseln",A
1266426,63023,"Elvanse 50 mg, Kapseln",A
1342303,63023,"Elvanse 60 mg, Kapseln",A
1266427,63023,"Elvanse 70 mg, Kapseln",A
1167046,61655,"Elyfem 20, Dragées",B
1167047,61656,"Elyfem 30, Dragées",B
1558458,69020,"Elymbus 0.1 mg/g, gel ophtalmique",B
1541673,68797,"Elzonris 1mg / ml, Konzentrat zur Herstellung einer Infusionslösung",A
117078,56060,"Emadine SE, Augentropfen, Einmaldosen",D
81341,54881,"Emadine, Augentropfen",D
58399,53260,"Emedrin N, Sirup",B
1001291,56359,"Emend 125 mg, Kapseln",B
1410501,67026,"Emgality 120 mg, solution injectable en stylo prérempli",B
46005,52980,"Emla Patch, wirkstoffhaltiges Pflaster",B
28062,46850,"Emla, Creme",B
22608,43142,"Emovate, Crème",B
1322626,65920,"Empliciti 300mg, Pulver zur Herstellung einer Infusionslösung",A
1322627,65920,"Empliciti 400mg, Pulver zur Herstellung einer Infusionslösung",A
1363069,66180,"Empressin, Konzentrat zur Herstellung einer Infusionslösung",A
1049838,56871,"Emselex 15 mg, Retardtabletten",B
1049833,56871,"Emselex 7.5 mg, Retardtabletten",B
1240239,10167,Emser Salz,D
1266634,10167,Emser Salz,D
1355379,66181,"Emtricitabin-Tenofovir-Mepha, Filmtabletten",A
1009703,56880,"Emtriva, Kapseln",A
1601650,68915,"Emylif 50 mg, film orodispersibile",B
1436651,56499,"Enalapril HCT Zentiva, Tabletten",B
1220137,62149,"Enalapril Spirig HC 10 mg, Tabletten",B
1220138,62149,"Enalapril Spirig HC 20 mg, Tabletten",B
1231644,58866,"Enalapril-HCT-Mepha, Tabletten",B
1270298,63264,"Enalapril-Mepha 10 mg, Tabletten",B
1270299,63264,"Enalapril-Mepha 20 mg, Tabletten",B
1270297,63264,"Enalapril-Mepha 5 mg, Tabletten",B
1407979,11909,"Enavive, Injektionslösung",B
1067426,57711,"Enbrel 25 mg, Injektionslösung in Fertigspritzen",B
84106,55365,"Enbrel 25 mg, Pulver und Lösungsmittel zur Herstellung einer Injektionslösung",B
1067427,57711,"Enbrel 50 mg, Injektionslösung in Fertigspritzen",B
1344058,60025,"Enbrel MyClic 50 mg, Injektionslösung im Fertigpen",B
105793,628,"Encepur N Kinder, Injektionssuspension",B
1467379,628,"Encepur N Kinder, Injektionssuspension",B
105785,627,"Encepur N, Injektionssuspension",B
1467378,627,"Encepur N, Injektionssuspension",B
1027435,51377,"Endex 19.5% ad us.vet., Suspension",B
1027434,51376,"Endex 8.75% ad us. vet., Drench-Suspension",B
128683,25442,"Endoxan 1 g, Pulver zur Herstellung einer Infusionslösung",A
128681,25442,"Endoxan 200 mg, Pulver zur Herstellung einer Infusionslösung",A
128682,25442,"Endoxan 500 mg, Pulver zur Herstellung einer Infusionslösung",A
115609,25441,"Endoxan, Dragées",A
1454291,67596,"Enerzair Breezhaler 150/50/160 µg, Hartkapsel mit Pulver zur Inhalation",B
109516,551,"Engerix-B 10, Injektionssuspension",B
107397,534,"Engerix-B 20, Injektionssuspension",B
1610809,534,"Engerix-B 20, Injektionssuspension",B
60298,41436,"Engystol N, Injektionslösung (i.m., s.c., i.c., i.v.)",B
22753,52651,"Engystol, Tabletten",D
1485865,67967,"Enhertu 100 mg, Pulver für ein Konzentrat zur Herstellung einer Infusionslösung",A
1548673,68074,"Enjaymo 1100 mg/22 ml, solution pour perfusion",A
1616133,69073,"Enrylaze 10 mg/vial, Injektionslösung",A
1449496,67617,"Enspryng 120 mg, Injektionslösung zur subkutanen Anwendung",A
1332076,65893,"Enstilar, Schaum zur Anwendung auf der Haut",B
1336104,66449,"Entecavir Sandoz 0.5 mg, Filmtabletten",A
1336105,66449,"Entecavir Sandoz 1 mg, Filmtabletten",A
1369502,66709,"Entecavir-Mepha 0.5mg, Lactab",A
1369503,66709,"Entecavir-Mepha 1.0mg, Lactab",A
68225,53305,"Entocort CIR 3 mg, Hartkapsel mit veränderter Wirkstofffreisetzung",B
34314,52042,"Entocort Enema, Klistier",B
1168386,57574,"Entonox, Gas zur medizinischen Anwendung, druckverdichtet",B
1305395,65673,"Entresto 100 mg, Filmtabletten",B
1624110,69255,"Entresto 15 mg/16 mg, filmüberzogenes Granulat",B
1305396,65673,"Entresto 200 mg, Filmtabletten",B
1305394,65673,"Entresto 50 mg, Filmtabletten",B
1624109,69255,"Entresto 6 mg/6 mg, filmüberzogenes Granulat",B
22767,33639,"Entumin 40 mg, Tabletten",B
1456318,67534,"Entyvio subkutan 108 mg, Injektionslösung  in einem Fertigpen",A
1456319,67537,"Entyvio subkutan 108 mg, Injektionslösung  in einer Fertigspritze",A
1282275,63285,"Entyvio, Pulver für ein Konzentrat zur Herstellung einer Infusionslösung",A
1373731,66275,"Envarsus 0.75 mg, comprimés à libération prolongée",A
1373732,66275,"Envarsus 1 mg, comprimés à libération prolongée",A
1373733,66275,"Envarsus 4 mg, comprimés à libération prolongée",A
1332251,66095,"Epclusa, Filmtabletten",A
1553982,65282,"Ephedrin Aguettant 3 mg/ml, solution injectable en seringue préremplie",B
28962,56510,"Ephedrin Amino, Injektionslösung",B
1133936,56476,"Ephedrin HCI Bichsel 5 mg/ml, Injektionslösung",B
1064838,56536,"Ephedrin Sintetica 10mg/ml ampoules, solution injectable",B
1005259,56536,"Ephedrin Sintetica 50mg/ml ampoules, solution injectable",B
1005258,56150,"Ephedrin Sintetica 5mg/ml vials, soluzione iniettabile",B
129265,52118,"Ephedrin Streuli, Injektionslösung",B
1208674,47382,"Ephynal, Kapseln",D
1387588,58460,"Epiduo forte, Gel",B
1123709,58460,"Epiduo, Gel",B
1467850,67590,"Epidyolex 100 mg / 1 ml, Lösung zum Einnehmen",A
55877,53836,"Epipen Junior, Injektionslösung im Fertiginjektor",B
55876,53836,"Epipen, Injektionslösung im Fertiginjektor",B
1216355,60256,"Epiphysis comp., Globuli velati",D
1171937,56243,"Epirubicin Sandoz 100mg/50ml, Konzentrat zur Injektion/Instillation",A
1171936,56243,"Epirubicin Sandoz 10mg/5ml, Konzentrat zur Injektion/Instillation",A
1171938,56243,"Epirubicin Sandoz 200mg/100ml, Konzentrat zur Injektion/Instillation",A
1171939,56243,"Epirubicin Sandoz 50mg/25ml, Konzentrat zur Injektion/Instillation",A
1356453,58274,"Epirubicin-Teva liquid 10 mg / 5 ml, Konzentrat zur Herstellung einer Injektionslösung i.v./Lösung zur Instillation i.ves.",A
1356456,58274,"Epirubicin-Teva liquid 100 mg / 50 ml, Konzentrat zur Herstellung einer Injektionslösung i.v./Lösung zur Instillation i.ves.",A
1356454,58274,"Epirubicin-Teva liquid 20 mg / 10 ml, Konzentrat zur Herstellung einer Injektionslösung i.v./Lösung zur Instillation i.ves.",A
1356457,58274,"Epirubicin-Teva liquid 200 mg / 100 ml, Konzentrat zur Herstellung einer Injektionslösung i.v./Lösung zur Instillation i.ves.",A
1356455,58274,"Epirubicin-Teva liquid 50 mg / 25 ml, Konzentrat zur Herstellung einer Injektionslösung i.v./Lösung zur Instillation i.ves.",A
1328307,66163,"Eplerenon Sandoz 25 mg, Filmtabletten",B
1328308,66163,"Eplerenon Sandoz 50 mg, Filmtabletten",B
1326636,66155,"Eplerenon Spirig HC 25mg, Filmtabletten",B
1326637,66155,"Eplerenon Spirig HC 50mg, Filmtabletten",B
1325063,66107,"Eplerenon-Mepha 25 mg, Filmtabletten",B
1325064,66107,"Eplerenon-Mepha 50 mg, Filmtabletten",B
1548679,54281,"Epogam 1000, Flüssigkeit zum Einnehmen",D
1195738,59636,"EpoTheta-Teva 1000, Fertigspritze mit Injektionslösung",A
1195743,59636,"EpoTheta-Teva 10'000, Fertigspritze mit Injektionslösung",A
1195739,59636,"EpoTheta-Teva 2000, Fertigspritze mit Injektionslösung",A
1195744,59636,"EpoTheta-Teva 20'000, Fertigspritze mit Injektionslösung",A
1195740,59636,"EpoTheta-Teva 3000, Fertigspritze mit Injektionslösung",A
1195745,59636,"EpoTheta-Teva 30'000, Fertigspritze mit Injektionslösung",A
1195741,59636,"EpoTheta-Teva 4000, Fertigspritze mit Injektionslösung",A
1195742,59636,"EpoTheta-Teva 5000, Fertigspritze mit Injektionslösung",A
1103020,49078,"Eprex 1000 U, Injektionslösung (Fertigspritzen)",A
1103027,49078,"Eprex 10000 U, Injektionslösung (Fertigspritzen)",A
1103021,49078,"Eprex 2000 U, Injektionslösung (Fertigspritzen)",A
1103028,49078,"Eprex 20000 U, Injektionslösung (Fertigspritzen)",A
1103022,49078,"Eprex 3000 U, Injektionslösung (Fertigspritzen)",A
1103029,49078,"Eprex 30000 U, Injektionslösung (Fertigspritzen)",A
1103023,49078,"Eprex 4000 U, Injektionslösung (Fertigspritzen)",A
1103019,49078,"Eprex 40000 U, Injektionslösung (Fertigspritzen)",A
1103024,49078,"Eprex 5000 U, Injektionslösung (Fertigspritzen)",A
1067108,55229,"Epril 40, Tabletten",B
84027,55229,"Epril mite, Tabletten",B
84028,55229,"Epril submite, Tabletten",B
84026,55229,"Epril, Tabletten",B
1627989,68041,"Eprinex Multi 5 mg/ml ad us. vet., Lösung zum Auftragen für Rinder, Schafe und Ziegen",B
1008583,55745,"Equimax ad us. vet., Paste",B
1037651,45439,"Equipalazone Paste ad us. vet., orale Paste für Pferde und Ponies",B
1037653,38110,"Equipalazone Pulver Flavour ad us. vet., Pulver zur oralen Verabreichung für Pferde und Ponies",B
1211352,62652,"Equisetum arvense/Formica, Globuli velati",D
1282235,62712,"Equisetum arvense/Formica, Solutio ad injectionem",B
1008584,54943,"Eraquell ad us. vet., Paste zur oralen Anwendung beim Pferd",B
1081305,56072,"Erbitux 100mg/20ml, Infusionslösung",A
1281992,56072,"Erbitux 500mg/100ml, Infusionslösung",A
1372341,66175,"Erelzi 25 mg/0.5 ml, Injektionslösung in Fertigspritzen",B
1372342,66175,"Erelzi 50 mg/1 ml, Injektionslösung in Fertigspritzen",B
1372353,66176,"Erelzi SensoReady 50 mg/1 ml, Injektionslösung im Fertigpen",B
1230707,62497,"Erivedge, Kapseln",A
1558668,67072,"Erleada 240 mg, Filmtabletten",B
1423449,67072,"Erleada 60 mg, Filmtabletten",B
23053,20258,"Erythrocin i.v., Pulver zur Herstellung einer Infusionslösung",B
1369499,66422,"Esbriet 267mg, Filmtabletten",B
1369501,66422,"Esbriet 801mg, Filmtabletten",B
1360134,63238,"Escitalopram Axapharm 10mg, Filmtabletten",B
1360135,63238,"Escitalopram Axapharm 20mg, Filmtabletten",B
1444074,67544,"Escitalopram NOBEL 10 mg, Filmtabletten",B
1444075,67544,"Escitalopram NOBEL 20 mg, Filmtabletten",B
1237655,62641,"Escitalopram Sandoz 10 mg, Filmtabletten",B
1365976,65995,"Escitalopram Sandoz 10 mg, Schmelztabletten",B
1237657,62641,"Escitalopram Sandoz 20 mg, Filmtabletten",B
1365977,65995,"Escitalopram Sandoz 20 mg, Schmelztabletten",B
1284150,65625,"Escitalopram Sandoz 20mg/ml, Tropfen zum Einnehmen, Lösung",B
1259527,63059,"Escitalopram Spirig HC 10 mg, Filmtabletten",B
1259528,63059,"Escitalopram Spirig HC 20 mg, Filmtabletten",B
1634111,69750,"Escitalopram Spirig HC 20 mg/ml, Tropfen zum Einnehmen, Lösung",B
1495370,62960,"Escitalopram Zentiva 10 mg, Filmtabletten",B
1495371,62960,"Escitalopram Zentiva 20 mg, Filmtabletten",B
1256219,62787,"Escitalopram-Mepha 10 mg, Lactab",B
1256220,62787,"Escitalopram-Mepha 20 mg, Lactab",B
1288565,65460,"Escitalopram-Mepha 20 mg/ml, Tropfen zum Einnehmen, Lösung",B
1348626,62608,"Escitalopram-Mepha Teva 10 mg, Filmtabletten",B
1348627,62608,"Escitalopram-Mepha Teva 20 mg, Filmtabletten",B
1367146,66357,"Escitax 10mg, Filmtabletten",B
1367147,66357,"Escitax 20mg, Filmtabletten",B
1312366,55815,"Esconarkon ad us.vet., Injektionslösung",A
23209,24958,"Esidrex 25 mg, Tabletten",B
1488880,67994,"Esketamin Sintetica 25 mg/ml, soluzione iniettabile o per infusione",B
1488881,67994,"Esketamin Sintetica 25 mg/ml, soluzione iniettabile o per infusione",B
1488879,67994,"Esketamin Sintetica 5 mg/ml, soluzione iniettabile o per infusione",B
53107,52686,Esmeron 100mg/10ml Injektionslösung,B
53106,52686,Esmeron 50mg/5ml  Injektionslösung,B
1047582,57413,"Esmolol OrPha 100 mg/10 ml, Injektionslösung",B
1317230,65741,"Esmolol OrPha LYO 2500 mg, Pulver zur Herstellung einer Infusionslösung",B
1152180,60574,"Esomep 20 mg, MUPS-Tabletten",B
1152181,60574,"Esomep 40 mg, MUPS-Tabletten",B
1152179,60576,"Esomep i.v., Injektions-/Infusionspräparat",B
1284662,65553,"Esomeprazol Axapharm 20 mg, magensaftresistente Filmtabletten",B
1284663,65553,"Esomeprazol Axapharm 40 mg, magensaftresistente Filmtabletten",B
1376874,66479,"Esomeprazol Labatec i.v. 40 mg/ml, poudre pour solution pour injection ou infusion",B
1317231,65960,"Esomeprazol MUT Sandoz 20 mg, magensaftresistente Tabletten",B
1317232,65960,"Esomeprazol MUT Sandoz 40 mg, magensaftresistente Tabletten",B
1298549,65828,"Esomeprazol Spirig HC 20 mg, magensaftresistente Tabletten",B
1298550,65828,"Esomeprazol Spirig HC 40 mg, magensaftresistente Tabletten",B
1461902,62358,"Esomeprazol Zentiva 20 mg, Kapseln",B
1461903,62358,"Esomeprazol Zentiva 40 mg, Kapseln",B
1354775,62581,"Esomeprazol-Mepha 20 mg, Filmtabletten",B
1354776,62581,"Esomeprazol-Mepha 40 mg, Filmtabletten",B
1421625,67156,"Esperoct 1000 IE, Pulver und Lösungsmittel zur Herstellung einer Injektionslösung",B
1421626,67156,"Esperoct 1500 IE, Pulver und Lösungsmittel zur Herstellung einer Injektionslösung",B
1421627,67156,"Esperoct 2000 IE, Pulver und Lösungsmittel zur Herstellung einer Injektionslösung",B
1421628,67156,"Esperoct 3000 IE, Pulver und Lösungsmittel zur Herstellung einer Injektionslösung",B
1630744,67156,"Esperoct 4000 IE, Pulver und Lösungsmittel zur Herstellung einer Injektionslösung",B
1421624,67156,"Esperoct 500 IE, Pulver und Lösungsmittel zur Herstellung einer Injektionslösung",B
81946,54704,"Estalis 50/140, transdermale Pflaster",B
81947,54704,"Estalis 50/250, transdermale Pflaster",B
1089664,58152,"Estinette 20, Dragées",B
1120274,58321,"Estinette 30, Dragées",B
109765,55976,"Estradot 100, Transdermales Pflaster",B
120050,55976,"Estradot 25, Transdermales Pflaster",B
109762,55976,"Estradot 37.5, Transdermales Pflaster",B
109763,55976,"Estradot 50, Transdermales Pflaster",B
109764,55976,"Estradot 75, Transdermales Pflaster",B
1186100,40050,"Estrofem 1 mg N, Filmtabletten",B
1186101,40050,"Estrofem 2 mg N, Filmtabletten",B
1523301,68635,"Etodolac NOBEL retard 600 mg, Filmtabletten",B
1501210,52303,"Etomidat-Lipuro, Emulsion zur Injektion",B
1166929,53557,"Etopophos 113.6 mg, Pulver zur Herstellung einer Infusionslösung",A
1166927,53557,"Etopophos 1136 mg, Pulver zur Herstellung einer Infusionslösung",A
1171946,55165,"Etoposid Sandoz 100 mg/5 ml, Konzentrat zur Herstellung einer Infusionslösung",A
1171947,55165,"Etoposid Sandoz 1000 mg/50 ml, Konzentrat zur Herstellung einer Infusionslösung",A
1442941,67853,"Etoricoxib Sandoz 30 mg, Filmtabletten",B
1442942,67853,"Etoricoxib Sandoz 60 mg, Filmtabletten",B
1475787,67428,"Etoricoxib Spirig HC 30 mg, Filmtabletten",B
1475788,67428,"Etoricoxib Spirig HC 60 mg, Filmtabletten",B
1557862,68091,"Etoricoxib Viatris 30 mg, Filmtabletten",B
1557863,68091,"Etoricoxib Viatris 60 mg, Filmtabletten",B
1500584,68245,"Etoricoxib Zentiva 30 mg, Filmtabletten",B
1500585,68245,"Etoricoxib Zentiva 60 mg, Filmtabletten",B
1444911,67489,"Etoricoxib-Mepha 30 mg, Lactab",B
1444912,67489,"Etoricoxib-Mepha 60 mg, Lactab",B
23561,47395,"Euphorbium compositum S Heel, Nasenspray",D
62301,59893,"Euphrasia comp., Augensalbe",D
1270020,59900,"Euphrasia/Rosae aetherolum, Collyria",D
1285056,59900,"Euphrasia/Rosae aetherolum, Collyria",D
1175203,60172,"Euspongia officinalis comp., Tropfen zum Einnehmen",D
1374404,54949,"Euthyrox 100, Tabletten",B
1374405,54949,"Euthyrox 125, Tabletten",B
1374406,54949,"Euthyrox 150, Tabletten",B
1374407,54949,"Euthyrox 175, Tabletten",B
1374408,54949,"Euthyrox 200, Tabletten",B
1374401,54949,"Euthyrox 25, Tabletten",B
1374402,54949,"Euthyrox 50, Tabletten",B
1374403,54949,"Euthyrox 75, Tabletten",B
1450706,67033,"Evenity 105 mg/1.17 ml, solution injectable en stylo prérempli",B
1475791,68000,"Everolimus Zentiva 10 mg, Tabletten",A
1475789,68000,"Everolimus Zentiva 2.5 mg, Tabletten",A
1475790,68000,"Everolimus Zentiva 5 mg, Tabletten",A
1233221,62155,"Eviplera, Filmtabletten",A
84851,54597,"Evista 60 mg, comprimés filmés",B
127140,56039,"Evra, transdermales Patch",B
1521380,67251,"Evrysdi 0.75 mg/ml, Pulver zur Herstellung einer Lösung zum Einnehmen",A
1642217,69919,"Evrysdi 5 mg, Filmtabletten",A
27974,42428,"Excipial U Hydrolotio, Emulsion zur Anwendung auf der Haut",D
1180882,49620,"Excipial U Lipolotio ohne Parfum, Emulsion",D
23645,49620,"Excipial U Lipolotio, Emulsion zur Anwendung auf der Haut",D
56349,54275,"Exelon 1,5 mg, Kapseln",B
78932,55051,"Exelon 2 mg/ml, Lösung zum Einnehmen",B
56350,54275,"Exelon 3 mg, Kapseln",B
56351,54275,"Exelon 4,5 mg, Kapseln",B
56352,54275,"Exelon 6 mg, Kapseln",B
1081601,58078,"Exelon Patch 10, transdermales Pflaster",B
1243451,58078,"Exelon Patch 15, transdermales Pflaster",B
1081599,58078,"Exelon Patch 5, transdermales Pflaster",B
1403330,65909,"Exemestan Devatis 25 mg, Filmtabletten",B
1178009,61522,"Exemestan Sandoz 25, Filmtabletten",B
1560448,61523,"Exemestan Viatris, Filmtabletten",B
1057932,57771,"Exforge 10/160 mg, Filmtabletten",B
1057931,57771,"Exforge 5/160 mg, Filmtabletten",B
1057930,57771,"Exforge 5/80 mg, Filmtabletten",B
1134826,59407,"Exforge HCT 10 mg/160 mg/12.5 mg, Filmtabletten",B
1134828,59407,"Exforge HCT 10 mg/160 mg/25 mg, Filmtabletten",B
1134825,59407,"Exforge HCT 5 mg/160 mg/12.5 mg, Filmtabletten",B
1134827,59407,"Exforge HCT 5 mg/160 mg/25 mg, Filmtabletten",B
34824,52137,"Exmykehl D3, Zäpfchen",B
91003,54127,"Exmykehl D5, homöopathische Injektionslösung",B
91004,54132,"Exmykehl D5, homöopathische Tropfen",B
64453,23476,"Exsepta, Tabletten",D
1257457,51793,"EXspot ad us.vet., Lösung",B
1261969,53631,"Extraneal, Peritonealdialyselösung",B
1427198,62393,"Eylea 2 mg/0.05 ml, Injektionslösung in einer Fertigspritze",B
1603482,62397,"Eylea 8 mg/0.07 ml, Injektionslösung in Durchstechflasche",B
1626547,62393,"Eylea 8 mg/0.07ml, Injektionslösung in einer Fertigspritze",B
1219891,62397,"Eylea, 2 mg/0,05 ml, Injektionslösung in Durchstechflasche",B
1472533,68284,"Ezetimib Atorvastatin Sandoz 10 mg / 10 mg, Filmtablette",B
1472534,68284,"Ezetimib Atorvastatin Sandoz 10 mg / 20 mg, Filmtablette",B
1472535,68284,"Ezetimib Atorvastatin Sandoz 10 mg / 40 mg, Filmtablette",B
1472536,68284,"Ezetimib Atorvastatin Sandoz 10 mg / 80 mg, Filmtablette",B
1470593,68105,"Ezetimib Atorvastatin Spirig HC 10 mg / 10 mg, Tabletten",B
1470594,68105,"Ezetimib Atorvastatin Spirig HC 10 mg / 20 mg, Tabletten",B
1470595,68105,"Ezetimib Atorvastatin Spirig HC 10 mg / 40 mg, Tabletten",B
1470596,68105,"Ezetimib Atorvastatin Spirig HC 10 mg / 80 mg, Tabletten",B
1408587,67060,"Ezetimib axapharm 10 mg, Tabletten",B
1552637,69004,"Ezetimib Rosuvastatin axapharm 10 mg/10 mg, Filmtabletten",B
1552638,69004,"Ezetimib Rosuvastatin axapharm 10 mg/20 mg, Filmtabletten",B
1482883,68692,"Ezetimib Rosuvastatin Sandoz 10 mg / 10 mg, Filmtabletten",B
1482884,68692,"Ezetimib Rosuvastatin Sandoz 10 mg / 20 mg, Filmtabletten",B
1476645,68069,"Ezetimib Rosuvastatin Spirig HC 10 mg / 10 mg, Filmtabletten",B
1476646,68069,"Ezetimib Rosuvastatin Spirig HC 10 mg / 20 mg, Filmtabletten",B
1621623,68069,"Ezetimib Rosuvastatin Spirig HC 10 mg / 5 mg, Filmtabletten",B
1515374,68526,"Ezetimib Rosuvastatin Zentiva 10 mg / 10 mg, Filmtabletten",B
1515375,68526,"Ezetimib Rosuvastatin Zentiva 10 mg / 20 mg, Filmtabletten",B
1292167,65100,"Ezetimib Sandoz 10 mg, Tabletten",B
1403723,66233,"Ezetimib Simva Spirig HC 10/10 mg, Tabletten",B
1403724,66233,"Ezetimib Simva Spirig HC 10/20 mg, Tabletten",B
1403725,66233,"Ezetimib Simva Spirig HC 10/40 mg, Tabletten",B
1403726,66233,"Ezetimib Simva Spirig HC 10/80, mg Tabletten",B
1361160,66234,"Ezetimib Simvastatin Sandoz 10/10 mg, Tabletten",B
1361161,66234,"Ezetimib Simvastatin Sandoz 10/20 mg, Tabletten",B
1361159,66234,"Ezetimib Simvastatin Sandoz 10/40 mg, Tabletten",B
1361162,66234,"Ezetimib Simvastatin Sandoz 10/80 mg, Tabletten",B
1417530,67242,"Ezetimib Simvastatin Zentiva 10/10 mg, Tabletten",B
1417531,67242,"Ezetimib Simvastatin Zentiva 10/20 mg, Tabletten",B
1417532,67242,"Ezetimib Simvastatin Zentiva 10/40 mg, Tabletten",B
1354743,66003,"Ezetimib Spirig HC, Tabletten",B
1335412,66068,"Ezetimib Zentiva 10mg, Tabletten",B
1495504,68282,"Ezetimib-Atorvastatin-Mepha 10/10 mg, Filmtabletten",B
1495505,68282,"Ezetimib-Atorvastatin-Mepha 10/20 mg, Filmtabletten",B
1495506,68282,"Ezetimib-Atorvastatin-Mepha 10/40 mg, Filmtabletten",B
1495507,68282,"Ezetimib-Atorvastatin-Mepha 10/80 mg, Filmtabletten",B
1467851,66551,"Ezetimibe Organon 10 mg, Tabletten",B
1363104,65892,"Ezetimib-Mepha Teva 10 mg, Tabletten",B
1557051,67276,"Ezetimib-Rosuvastatin Viatris 10 mg / 10 mg, Filmtabletten",B
1557052,67276,"Ezetimib-Rosuvastatin Viatris 10 mg / 20 mg, Filmtabletten",B
1509332,68437,"Ezetimib-Rosuvastatin-Mepha 10 mg / 10 mg, Filmtabletten",B
1509333,68437,"Ezetimib-Rosuvastatin-Mepha 10 mg / 20 mg, Filmtabletten",B
1646002,68437,"Ezetimib-Rosuvastatin-Mepha 10 mg / 40 mg, Filmtabletten",B
1509331,68437,"Ezetimib-Rosuvastatin-Mepha 10 mg / 5 mg, Filmtabletten",B
1392848,67074,"Ezetimib-Simvastatin-Mepha Teva 10/10 mg, Tabletten",B
1392849,67074,"Ezetimib-Simvastatin-Mepha Teva 10/20 mg, Tabletten",B
1392850,67074,"Ezetimib-Simvastatin-Mepha Teva 10/40 mg, Tabletten",B
1392851,67074,"Ezetimib-Simvastatin-Mepha Teva 10/80 mg, Tabletten",B
117809,56195,"Ezetrol, Tabletten",B
1455077,56261,"Fabrazyme 5 mg, poudre pour solution à diluer pour perfusion",A
1006669,56261,"Fabrazyme, poudre pour solution à diluer pour perfusion",A
1448183,41304,"Faktor VII NF Takeda, Injektionspräparat",B
23928,41983,"Faktu, Salbe",B
1499245,41984,"Faktu, Suppositorien",B
1422958,67139,"Fampyra 10 mg, Retardtabletten",B
50281,52693,"Famvir 125 mg, Filmtabletten",A
50282,52693,"Famvir 250 mg, Filmtabletten",A
66142,52693,"Famvir 500 mg, Filmtabletten",A
23972,44307,"Farlutal, Tabletten",B
23983,50359,"Farmorubicin RD 10 mg, Pulver und Lösungsmittel zur Herstellung einer Lösung zur intravesikalen Anwendung/Injektionslösung",A
1030408,50359,"Farmorubicin RD 50 mg, Pulver zur Herstellung einer Lösung zur intravesikalen Anwendung/Injektionslösung",A
36964,51579,"Farmorubicin Solution 10 mg/5 ml, Lösung zur intravesikalen Anwendung/Injektionslösung",A
1116049,51579,"Farmorubicin Solution 200 mg/100 ml, Lösung zur intravesikalen Anwendung/Injektionslösung",A
36966,51579,"Farmorubicin Solution 50 mg/25 ml, Lösung zur intravesikalen Anwendung/Injektionslösung",A
59560,54292,"Faros 300, dragées",D
1312533,61878,"Farydak 10 mg, Hartkapseln",A
1312534,61878,"Farydak 15 mg, Hartkapseln",A
1312535,61878,"Farydak 20 mg, Hartkapseln",A
1446058,67581,"Fasenra Pen 30 mg /1 ml, lnjektionslösung",B
1385120,66582,"Fasenra, Injektionslösung",B
1003414,56778,"Faslodex, Injektionslösung",B
58453,50227,"Fastum, Gel",B
1555080,55789,"Fasturtec 1.5 mg / 1 ml, poudre et solvant pour solution à diluer pour perfusion",A
1005532,55789,"Fasturtec 7.5 mg / 5 ml, poudre et solvant pour solution à diluer pour perfusion",A
1087139,41352,"Feiba NF 1000 E., Pulver und Lösungsmittel zur Herstellung einer Injektionslösung",B
1428686,67700,Felan Bronchialpastillen,E
1102300,56170,"Felodipin  Sandoz eco 10 mg, Retardtabletten",B
1203951,56170,"Felodipin  Sandoz eco 2.5 mg, Retardtabletten",B
1102298,56170,"Felodipin Sandoz eco 5 mg, Retardtabletten",B
1052744,57429,"Felodipin-Mepha 10 mg, Retardtabletten",B
1052741,57429,"Felodipin-Mepha 2,5 mg, Retardtabletten",B
1052743,57429,"Felodipin-Mepha 5 mg, Retardtabletten",B
1087007,58323,"Femadiol-Mepha 20, Dragées",B
1087003,58328,"Femadiol-Mepha 30, Dragées",B
1332897,54018,"Femara 2,5 mg, Filmtabletten",B
1417324,67301,"FEMARA 2.5 mg, Filmtabletten",B
1000815,56722,"Feminac 35, Dragées",B
1383875,66569,"FemiRing, Ring zur vaginalen Anwendung",B
82607,53128,"Femoston 1/10 mg, Tabletten",B
61758,53128,"Femoston 2/10 mg, Tabletten",B
1179171,54986,"Femoston conti 0.5/2.5, Filmtabletten",B
1186210,54986,"Femoston conti 1/5, Filmtabletten",B
1107424,54888,"Femoston mono, Filmtabletten",B
1108942,27528,"Feniallerg, Tropfen",D
1143269,60809,"Fenipic Plus, Gel",D
1143262,60810,"Fenipic Plus, Lösung zur Anwendung auf der Haut",D
24371,38762,"Fenistil, Gel",D
1132919,53680,"Fenivir, Crème",D
1223592,62647,"Fenivir, Crème teintée",D
1462178,67800,"Fentalis 100 µg/h, Transdermales Pflaster",A
1462173,67800,"Fentalis 12 μg/h, Transdermales Pflaster",A
1462174,67800,"Fentalis 25 µg/h, Transdermales Pflaster",A
1462175,67800,"Fentalis 37.5 µg/h, Transdermales Pflaster",A
1462176,67800,"Fentalis 50 µg/h, Transdermales Pflaster",A
1462177,67800,"Fentalis 75 µg/h, Transdermales Pflaster",A
1259847,53987,"Fentanyl Sintetica 0.02 mg/1 ml, soluzione iniettabile",A
1259846,53987,"Fentanyl Sintetica 0.05 mg/1 ml, soluzione iniettabile",A
1259907,53987,"Fentanyl Sintetica 0.05 mg/1 ml, soluzione iniettabile",A
1227135,59132,"Fentanyl Spirig HC 100 ug/h, Transdermales Pflaster",A
1227136,59132,"Fentanyl Spirig HC 12 ug/h, Transdermales Pflaster",A
1227132,59132,"Fentanyl Spirig HC 25 ug/h, Transdermales Pflaster",A
1227133,59132,"Fentanyl Spirig HC 50 ug/h, Transdermales Pflaster",A
1227134,59132,"Fentanyl Spirig HC 75 ug/h, Transdermales Pflaster",A
1477848,58341,"Fentanyl Zentiva TTS 100, Pflaster",A
1477849,58341,"Fentanyl Zentiva TTS 12, Pflaster",A
1477845,58341,"Fentanyl Zentiva TTS 25, Pflaster",A
1477846,58341,"Fentanyl Zentiva TTS 50, Pflaster",A
1477847,58341,"Fentanyl Zentiva TTS 75, Pflaster",A
1098007,57362,"Fentanyl-Mepha 100, transdermale Pflaster",A
1107967,57362,"Fentanyl-Mepha 12, transdermale Pflaster",A
1098004,57362,"Fentanyl-Mepha 25, transdermale Pflaster",A
1098005,57362,"Fentanyl-Mepha 50, transdermale Pflaster",A
1098006,57362,"Fentanyl-Mepha 75, transdermale Pflaster",A
1453739,53484,"Fentanyl-Mepha, Injektionslösung",A
1453740,53484,"Fentanyl-Mepha, Injektionslösung",A
1481493,31110,"Fentanyl-Piramal, Injektions-/Infusionslösung",A
1481494,31110,"Fentanyl-Piramal, Injektions-/Infusionslösung",A
1080875,57851,"Ferinject 100 mg / 2 ml, Dispersion zur Injektion/Infusion",B
1298265,57851,"Ferinject 1000mg / 20 ml, Dispersion zur Injektion/Infusion",B
1080876,57851,"Ferinject 500 mg / 10 ml, Dispersion zur Injektion/Infusion",B
1452587,57851,"Ferinject 500mg, Injektionslösung zur i.v. Verabreichung (Stechampullen zu 10ml)",B
1473358,68220,"FerMed 20 mg/ml, Injektions-/Infusionslösung",B
24529,36185,"Fero-Folic-500, compresse a rilascio prolungato",D
118094,55679,"Ferriprox, Filmtabletten",B
1058731,36527,"ferro sanol, gélules à libération modifiée",D
56124,53400,"Ferrodona, Tropfen",B
24538,31644,"Ferro-Gradumet, compresse a rilascio prolungato",D
1197394,60162,"Ferrum chloratum comp., Tropfen",D
1069903,35102,"Ferrum Hausmann, Retardkapseln",D
1118138,59562,"Ferrum hydroxydatum 5%, Pulvis",D
1118141,59622,"Ferrum hydroxydatum D6, Injektionslösung (s.c.)",B
1165151,59581,"Ferrum sidereum D6, Pulver zum Einnehmen",D
1623179,68493,"Ferrum-Mepha Inject 100 mg / 2 ml, Dispersion zur Injektion/Infusion",B
1623181,68493,"Ferrum-Mepha Inject 1000 ml  / 20 ml, Dispersion zur Injektion/Infusion",B
1623180,68493,"Ferrum-Mepha Inject 500 mg / 10 ml, Dispersion zur Injektion/Infusion",B
1085518,58121,"Fertifol, compresse",D
1552639,69412,"Feryxa 100 mg / 2 ml, Dispersion zur Injektion/Infusion",B
1552641,69412,"Feryxa 1000 mg / 20 ml, Dispersion zur Injektion/Infusion",B
1552640,69412,"Feryxa 500 mg / 10 ml, Dispersion zur Injektion/Infusion",B
1625003,69550,"Fesoterodin Spirig HC retard 4 mg, Retardtabletten",B
1625004,69550,"Fesoterodin Spirig HC retard 8 mg, Retardtabletten",B
1507765,68694,"Fesoterodin Zentiva 4 mg, Retardtabletten",B
1507766,68694,"Fesoterodin Zentiva 8 mg, Retardtabletten",B
1510012,68790,"Fesoterodin-Mepha 4 mg, Retardtabletten",B
1510013,68790,"Fesoterodin-Mepha 8 mg, Retardtabletten",B
1521712,68854,"Fexo Allerg Spirig HC 120 mg, Filmtabletten",D
1521713,68854,"Fexo Allerg Spirig HC 180 mg, Filmtabletten",D
1341238,66342,"Fexo Pollen Sandoz, Filmtabletten",D
1607822,69659,"Fexofelan 120 mg, Filmtabletten",D
1341239,66343,"Fexofenadin Sandoz 120 mg,  Filmtabletten",D
1341240,66343,"Fexofenadin Sandoz 180 mg, Filmtabletten",D
1510494,68435,"Fexofenadin Spirig HC 120 mg, Filmtabletten",D
1510495,68435,"Fexofenadin Spirig HC 180 mg, Filmtabletten",D
1183129,58327,"Fexofenadine Zentiva 120 mg, Filmtabletten",D
1183130,58327,"Fexofenadine Zentiva 180 mg, Filmtabletten",D
1419650,67369,"Fexofenadin-Mepha 120 mg, Filmtabletten",D
1419651,67369,"Fexofenadin-Mepha 180 mg, Filmtabletten",D
1419649,67382,"Fexo-Mepha Allergie 120 mg, Filmtabletten",D
1473119,67809,"Fiasp 100 E/ml ultra-fast-acting PumpCart, Injektionslösung in einer Patrone",B
1358730,66200,"Fiasp ultra-fast-acting FlexTouch, Injektionslösung",B
1358731,66201,"Fiasp ultra-fast-acting Penfill, Injektionslösung",B
1358732,66202,"Fiasp ultra-fast-acting, Injektionslösung",B
1289522,671,"Fibrogammin 1'250 E., Lyophilisat zur intravenösen Anwendung",B
1289521,671,"Fibrogammin 250 E., Lyophilisat zur intravenösen Anwendung",B
1605670,66836,"Fibryga 1g, Pulver und Lösungsmittel zur Herstellung einer Injektions-/Infusionslösung",B
1145383,60722,"Filgrastim-Teva 30 / 0.5 ml, Injektionslösung in Fertigspritzen",A
1145384,60722,"Filgrastim-Teva 48 / 0.8 ml, Injektionslösung in Fertigspritzen",A
1627104,69241,"Filspari 200 mg, Filmtabletten",B
1627105,69241,"Filspari 400 mg, Filmtabletten",B
1123715,58867,"Finacapil, Filmtabletten",B
1080115,58039,"Finasterax, Filmtabletten",B
1073032,57890,"Finasterid Sandoz 5, Filmtabletten",B
1224065,57979,"Finasterid Spirig HC 5, Filmtabletten",B
1079959,58107,"Finasterid-Mepha 5, Filmtabletten",B
1211045,58492,"Finasterid-Mepha Procapil, Filmtablette",B
1507815,68406,"Fingolimod Devatis 0.5 mg, Kapseln",B
1453381,68176,"Fingolimod Sandoz 0.5 mg, Kapseln",B
1482411,67616,"Fingolimod Spirig HC 0,5 mg, Kapseln",B
1507591,68601,"Fingolimod Viatris 0,5 mg, Hartkapseln",B
1495147,68007,"Fingolimod-Mepha 0,5 mg, Kapseln",B
1635623,69371,"Fintepla 2.2 mg/ml, solution buvable",A
1354339,65550,"Fiproclear Spot-on Hunde L ad us. vet., Lösung",D
1354338,65550,"Fiproclear Spot-on Hunde M ad us. vet., Lösung",D
1354337,65550,"Fiproclear Spot-on Hunde S ad us. vet., Lösung",D
1354336,65631,"Fiproclear Spot-on Katzen ad us. vet., Lösung",D
1127658,58178,"Firazyr 30 mg, Injektionslösung",B
1216800,61853,"Firdapse, Tabletten",B
1227346,59455,"Firmagon 120 mg, Pulver und Lösungsmittel zur Herstellung einer Injektionssuspension (Lösungsmittel in Fertigspritze)",A
1227345,59455,"Firmagon 80 mg, Pulver und Lösungsmittel zur Herstellung einer Injektionssuspension (Lösungsmittel in Fertigspritze)",A
1328672,66257,"Fisherman’s Friend Spearmint Halspastillen, Lutschtabletten",E
1200711,62156,"Fisherman's Friend Cassis Halspastillen, Lutschtabletten",E
125108,56379,"Fisherman's Friend Cherry Halspastillen, Lutschtabletten",E
77928,55270,"Fisherman's Friend Cinnamon Halspastillen, Lutschtabletten",E
1038153,57560,"Fisherman's Friend Citrus Halspastillen, Lutschtabletten",E
24602,46633,"Fisherman's Friend Eucalyptus Halspastillen, Lutschtabletten",E
1376876,66782,"Fisherman's Friend Honey-Lemon Halspastillen, Lutschtabletten",E
24603,51431,"Fisherman's Friend Mint Halspastillen, Lutschtabletten",E
1476522,68268,"Fisherman's Friend Raspberry Halspastillen, Lutschtabletten",E
1444953,67295,"Fixaprost, collyre en récipient unidose",B
24660,26313,"Flagyl 250 mg, comprimés pelliculés",B
24661,26313,"Flagyl 500 mg, comprimés pelliculés",B
24665,26313,"Flagyl 500 mg, comprimés pelliculés",B
1265426,26314,"Flagyl, ovules",B
24667,38607,"Flammazine, Crème",B/D
1493856,67296,Flam-X Dolo forte 2 % Gel,D
24728,29792,"Flatulex, Kautabletten",D
1182168,42045,"Flatulex, Tropfen",D
1047557,57347,"Flectoparin Tissugel, cerotto medicato",D
1442573,63258,"Flector 25 mg, soluzione iniettabile (siringa preriempita)",B
1294817,63258,"Flector 25 mg, soluzione iniettabile s.c., i.m. (siringa preriempita)",B
1442574,63258,"Flector 50 mg, soluzione iniettabile (siringa preriempita)",B
1294818,63258,"Flector 50 mg, soluzione iniettabile s.c., i.m. (siringa preriempita)",B
1483047,67855,"Flector Dolo Forte Liquid Caps 25 mg, capsula molle",D
37176,49065,"Flector EP 50 mg, granulare bustine",B
37041,52022,"Flector EP Tissugel, cerotto medicato",D
1319515,65998,"Flector Plus Tissugel, plaster",D
24995,31095,"Florinef, Tabletten",B
105893,55383,"Floxal UD, Augentropfen",A
30585,51358,"Floxal, Augensalbe",A
30584,51357,"Floxal, Augentropfen",A
24999,37404,"Floxapen 1 g i.v./i.m., Pulver zur Herstellung einer Injektions-/Infusionslösung",B
1210074,37404,"Floxapen 2 g i.v., Pulver zur Herstellung einer Injektions-/Infusionslösung",B
24998,37404,"Floxapen 500 mg i.v./i.m., Pulver zur Herstellung einer Injektions-/Infusionslösung",B
25002,44603,"Floxyfral 100 mg, Filmtabletten mit Bruchrille",B
108347,44603,"Floxyfral junior 50 mg, Filmtabletten mit Bruchrille",B
1207290,62047,"Fluanxol 0.5 mg, Filmtabletten",B
1207291,62047,"Fluanxol 1 mg, Filmtabletten",B
1207292,62047,"Fluanxol 5 mg, Filmtabletten",B
25008,35407,"Fluanxol Depot 100 mg/ml, Depot-Injektionslösung",B
25009,35407,"Fluanxol Depot 20 mg/ml, Depot-Injektionslösung",B
1629085,62961,"Fluarix Tetra 15 µg / 0.5 ml, Injektionssuspension",B
1627239,67482,"Flucelvax Tetra, Injektionssuspension",B
1555651,60092,"Flucloxacilline Stragen 1 g, poudre pour solution injectable / pour perfusion",B
1555652,60092,"Flucloxacilline Stragen 2 g, poudre pour solution injectable / pour perfusion",B
1076753,58061,"Flucoderm 100 mg, Kapseln",B
1076754,58061,"Flucoderm 150 mg, Kapseln",B
1076755,58061,"Flucoderm 200 mg, Kapseln",B
1076752,58061,"Flucoderm 50 mg, Kapseln",B
1013109,57182,"Fluconax 150 mg, Kapseln",B
1013111,57182,"Fluconax 200 mg, Kapseln",B
1013104,57182,"Fluconax 50 mg, Kapseln",B
1076757,58454,"Fluconazol Axapharm 150 mg, Kapseln",B
1076758,58454,"Fluconazol Axapharm 200 mg, Kapseln",B
1076756,58454,"Fluconazol Axapharm 50 mg, Kapseln",B
1145648,59527,"Fluconazol Labatec 200 mg, solution pour perfusion",B
1108014,56235,"Fluconazol Sandoz eco 150, Kapseln",B
1108015,56235,"Fluconazol Sandoz eco 200, Kapseln",B
1108012,56235,"Fluconazol Sandoz eco 50, Kapseln",B
1439670,56978,"Fluconazol Zentiva 150 mg, Kapseln",B
1439671,56978,"Fluconazol Zentiva 200 mg, Kapseln",B
1439669,56978,"Fluconazol Zentiva 50 mg, Kapseln",B
1510498,68461,"Fluconazol-Mepha Teva 150 mg, Hartkapseln",B
1510499,68461,"Fluconazol-Mepha Teva 200 mg, Hartkapseln",B
1510496,68461,"Fluconazol-Mepha Teva 50 mg, Hartkapseln",B
1395351,66750,"Fludarabin Accord 25 mg/ml, Konzentrat zur Herstellung einer Injektions- /Infusionslösung",A
1098438,58535,"Fludarabin-Teva 50 mg/2 ml, Konzentrat für Injektions-/Infusionslösung",A
65188,53975,"Fludex SR, comprimés retard",B
25018,10445,"Flügge Kieselerde, Pulver",E
25019,23336,"Flügge Kieselerde, Tabletten",E
1079388,57779,"Fluidose, Augentropfen, Lösung",D
1374448,66860,"Fluimucil 10 %, soluzione iniettabile",B
1441875,37561,"Fluimucil 100, granulato per soluzione orale",D
25025,31954,"Fluimucil 20 %, soluzione per infusione",B
1018672,57337,"Fluimucil 200 tosse grassa, compresse effervescenti",D
1443799,57336,"Fluimucil 200 tosse grassa, granulato",D
25031,45179,"Fluimucil 200, compresse effervescenti",D
1441877,37561,"Fluimucil 200, granulato per soluzione orale",B/D
1237626,57279,"Fluimucil 600 mg, compresse",B
1269175,57279,"Fluimucil 600 mg, compresse",D
1347682,57279,"Fluimucil 600 mg, compresse",D
1018673,57337,"Fluimucil 600 tosse grassa, compresse effervescenti",D
1443800,57336,"Fluimucil 600 tosse grassa, granulato",D
25033,45179,"Fluimucil 600, compresse effervescenti",B/D
1441879,37561,"Fluimucil 600, granulato per soluzione orale",B
1292168,65500,"Fluimucil Erkältungshusten 600 mg, Tabletten",D
1047560,57256,"Fluimucil Grippe Day & Night, compresse effervescenti",D
1007862,55604,"Fluimucil tosse grassa, compresse linguali",D
1195021,54081,"Fluimucil tosse grassa, sciroppo pronto all'uso",D
1305119,54081,"Fluimucil tosse grassa, sciroppo pronto all'uso",D
1143385,59466,"Flumazenil Labatec 0,5 mg/5 ml, solution injectable",B
1141467,59400,"Flumazenil Sintetica 0,5 mg/5 ml, soluzione iniettabile",B
124827,55919,"Fluomizin, Vaginaltabletten",B
62614,46996,"Fluorescéine 0,5 % SDU Faure, Augentropfen",B
123292,54604,"Fluoresceine 10 % Faure, Injektionslösung",B
73584,54756,"Fluoresceine Oxybuprocaine SDU Faure, Augentropfen",B
1395354,66825,"Fluorouracil Accord 1000 mg/20 ml, Injektions-/Infusionslösung",A
1395353,66825,"Fluorouracil Accord 500 mg/10 ml, Injektions-/Infusionslösung",A
1395356,66825,"Fluorouracil Accord 5000 mg/100 ml, Injektions-/Infusionslösung",A
1320444,65688,"Fluorouracil Labatec 1000 mg/20 ml, Solution injectable/pour perfusion",A
1320445,65688,"Fluorouracil Labatec 5000 mg/100 ml, Solution injectable/pour perfusion",A
1171955,60186,"Fluorouracil Sandoz 1000 mg/20 ml, Konzentrat zur Herstellung einer Injektions- /Infusionslösung",A
1171953,60186,"Fluorouracil Sandoz 250 mg/5 ml, Konzentrat zur Herstellung einer Injektions- /Infusionslösung",A
1171954,60186,"Fluorouracil Sandoz 500 mg/10 ml, Konzentrat zur Herstellung einer Injektions- /Infusionslösung",A
1171957,60186,"Fluorouracil Sandoz 5000 mg/100 ml, Konzentrat zur Herstellung einer Injektions- /Infusionslösung",A
1022573,47160,"Fluorouracil-Teva, Injektions-/Infusionslösung",A
1022575,47160,"Fluorouracil-Teva, Injektions-/Infusionslösung",A
1080289,47160,"Fluorouracil-Teva, Injektions-/Infusionslösung",A
1413157,67152,"Fluoxetin Axapharm 20 mg, Filmtabletten",B
1122798,59410,"Fluoxetin Axapharm, Kapseln",B
1018091,57175,"Fluoxetin Sandoz 20, dispergierbare Tabletten",B
1168121,54469,"Fluoxetin Sandoz eco, Kapseln",B
1254457,60485,"Fluoxetin Spirig HC, Kapseln",B
1439672,57925,"Fluoxetin Zentiva, dispergierbare Tabletten",B
1439673,54327,"Fluoxetin Zentiva, Kapseln",B
1028816,57235,"Fluoxetin-Mepha Dispersible 20 mg, Tabletten zur Herstellung einer Suspension zum Einnehmen",B
56508,54049,"Fluoxetin-Mepha, Hartkapseln",B
1539955,69186,"Flurbifelan Dolo 8.75 mg, Lutschtabletten",D
1622452,69312,"Fluticason-Mepha 27.5 μg, Nasenspray, Suspension",B
1261812,63032,"Flutiform 125/5, Dosieraerosol",B
1261813,63032,"Flutiform 250/10, Dosieraerosol",B
1261811,63032,"Flutiform 50/5, Dosieraerosol",B
1343367,58671,"Fluvastatin-Mepha 20 mg, Kapseln",B
1343368,58671,"Fluvastatin-Mepha 40 mg, Kapseln",B
1154368,58763,"Fluvastin-Mepha 80 retard, Depotabs",B
25101,38084,"FML Liquifilm, Augentropfensuspension",A
1143545,59245,"Focalin XR 10 mg, Kapseln",A
1143546,59245,"Focalin XR 15 mg, Kapseln",A
1143547,59245,"Focalin XR 20 mg, Kapseln",A
1143544,59245,"Focalin XR 5 mg, Kapseln",A
1218629,58840,"Folliculi lymphatici aggregati D12, Injektionslösung",B
1158351,58829,"Folliculi lymphatici aggregati D4, homöopathische Kapseln",D
1149534,58840,"Folliculi lymphatici aggregati D5, Injektionslösung",B
1215443,58829,"Folliculi lymphatici aggregati D6, homöopathische Kapseln",D
1253798,62657,"Folotyn 20 mg/1 ml, Infusionslösung",A
38161,52845,"Foradil 12 mcg, Trockenpulver-Kapseln zur Inhalation",B
91009,53426,"Formasan, Injektionslösung (i.m., s.c.)",B
91010,53425,"Formasan, Tropfen zum Einnehmen",D
26872,59896,"Formica D3, Ampullen (s.c.)",B
1118140,59896,"Formica D3, Ampullen (s.c.)",B
1118145,59896,"Formica D3, Ampullen (s.c.)",B
1124094,60349,"Formica/Oxalis, Solutio ad injectionem",B
127478,56007,"Forsteo, solution injectable en stylo prérempli",B
27752,52949,"Fortakehl D3, Zäpfchen",D
27749,50287,"Fortakehl D4, Hartkapseln",D
91011,54133,"Fortakehl D5, homöopathische Injektionslösung",B
27750,50288,"Fortakehl D5, Tabletten",D
27751,50289,"Fortakehl D5, Tropfen zum Einnehmen und Einreiben",D
1250136,11066,"Fortalis Baume/Balsam, Salbe",D
25189,46050,"Fortam 1 g, Pulver zur Herstellung einer Injektions- oder Infusionslösung",A
25190,46050,"Fortam 2 g, Pulver zur Herstellung einer Injektions- oder Infusionslösung",A
25188,46050,"Fortam 500 mg, Pulver zur Herstellung einer Injektionslösung",A
25192,48670,"Fortecortin 4 mg, Tabletten",B
81158,48669,"Fortecortin Inject 4 mg, Injektionslösung",B
81159,48669,"Fortecortin Inject 8 mg, Injektionslösung",B
1027416,53095,"Fortekor 2.5 ad us.vet., teilbare Filmtabletten",B
1109587,57576,"Fortekor Flavour 20mg ad us. vet., Hefetabletten",B
1108519,57576,"Fortekor Flavour 5mg ad us. vet., Hefetabletten",B
1277815,65176,"Forxiga 10 mg, Filmtabletten",B
1277814,65176,"Forxiga 5 mg, Filmtabletten",B
95147,55475,"Fosamax 70 mg, Tabletten",B
1030243,57386,"Fosavance 70/2800, Wochentabletten",B
1118350,57386,"Fosavance 70/5600, Wochentabletten",B
1482412,68218,"Foscarnet Ideogen 24 mg/ml, Infusionslösung",A
32670,52357,"Foscavir, Infusionslösung",A
1340779,66165,"Fosfolag 3 g, granulato per soluzione orale",A
1375500,66690,"Fosfomycin Sandoz 3 g, Granulat zur Herstellung einer Lösung zum Einnehmen",A
1420084,67227,"Fosfomycin Spirig HC 3 g, Granulat zur Herstellung einer Lösung zum Einnehmen",A
1478199,66141,"Fosfomycin-Mepha 3 g, Pulver im Beutel zur Herstellung einer Lösung zum Einnehmen",A
1083663,58073,"Fosrenol 1000 mg, Kautabletten",B
1083657,58073,"Fosrenol 500 mg, Kautabletten",B
1083659,58073,"Fosrenol 750 mg, Kautabletten",B
1520271,66747,"Foster 200 μg / 6 μg, solution pour inhalation en flacon pressurisé",B
1384292,66747,"Foster, Solution pour inhalation en flacon pressurisé",B
1124195,52974,"Fostimon 150 U.I., preparazione iniettabile i.m., s.c. (siringa preriempita con solvente)",A
1124193,52974,"Fostimon 75 U.I., preparazione iniettabile i.m., s.c. (siringa preriempita con solvente)",A
25211,47249,"Fragmin 10'000 I.E./0,4 ml, Injektionslösung",B
71384,47249,"Fragmin 10'000 I.E./4 mL, Injektionslösung",B
71383,47249,"Fragmin 100'000 I.E./4 mL, Injektionslösung",B
25212,47249,"Fragmin 12'500 I.E./0,5 ml, Injektionslösung",B
25213,47249,"Fragmin 15'000 I.E./0,6 ml, Injektionslösung",B
25214,47249,"Fragmin 18'000 I.E./0,72 ml, Injektionslösung",B
25207,47249,"Fragmin 2'500 I.E./0.2 ml, Injektionslösung",B
25208,47249,"Fragmin 5'000 I.E./0.2 ml, Injektionslösung",B
25210,47249,"Fragmin 7'500 I.E./0,3 ml, Injektionslösung",B
59887,54499,"Fraxiforte 0,6 mL, Injektionslösung",B
70280,54499,"Fraxiforte 0,8 mL, Injektionslösung",B
70281,54499,"Fraxiforte 1 mL, Injektionslösung",B
25222,47408,"Fraxiparine 0,2 mL, Injektionslösung",B
70282,47408,"Fraxiparine 0,3 mL, Injektionslösung",B
70283,47408,"Fraxiparine 0,4 mL, Injektionslösung",B
70284,47408,"Fraxiparine 0,6 mL, Injektionslösung",B
70285,47408,"Fraxiparine 0,8 mL, Injektionslösung",B
70286,47408,"Fraxiparine 1 mL, Injektionslösung",B
43009,36308,"Freka-Clyss, Klistier",D
1227311,40795,"Froben 100 mg, Dragées",B
1227310,40795,"Froben 50 mg, Dragées",B
1014453,56044,"Frontline Combo Spot-on chats et furets ad us.vet., solution",B
1014456,56045,"Frontline Combo Spot-on chiens L ad us.vet., solution",B
1014455,56045,"Frontline Combo Spot-on chiens M ad us.vet., solution",B
1014454,56045,"Frontline Combo Spot-on chiens S ad us.vet., solution",B
1288953,53752,"Frontline spot on chat ad us.vet., solution",D
1288956,53840,"Frontline spot on chiens L ad us.vet., solution",D
1288955,53840,"Frontline spot on chiens M ad us.vet., solution",D
1288954,53840,"Frontline spot on chiens S ad us.vet., solution",D
1620827,69524,"Fruzaqla 1 mg, Hartkapseln",A
1620828,69524,"Fruzaqla 5 mg, Hartkapseln",A
1269220,683,"FSME-Immun 0.25 ml Junior, Suspension zur intramuskulären Injektion",B
1364943,683,"FSME-Immun 0.25 ml Junior, Suspension zur intramuskulären Injektion",B
1364944,450,"FSME-Immun CC, Suspension zur i.m. Injektion",B
1269221,450,"FSME-Immun CC, Suspension zur intramuskulären Injektion",B
25292,46897,"Fucicort, Crème",B
60664,54283,"Fucidin H, Crème",B
25293,46898,"Fucidin, Creme",B
25295,34371,"Fucidin, Filmtabletten",B
25294,34370,"Fucidin, Salbe",B
34932,48165,"Fucithalmic, steriles Tropfgel",A
1178091,60669,"Fucus vesiculosus / Phyllitis scolopendrium comp., Tropfen zum Einnehmen",D
1438565,67478,"Fulphila 6 mg, Injektionslösung",A
1305709,65651,"Fulvestrant Sandoz 250 mg/5 ml, Injektionslösung in einer Fertigspritze",B
1475680,68281,"Fulvestrant Zentiva 250 mg/5 ml, Injektionslösung in einer Fertigspritze",B
1363687,66470,"Fulvestrant-Teva 250mg/5ml, Injektionslösung in einer Fertigspritze",B
25309,31096,"Fungizone, Injektionspräparat (i.v.)",A
1188495,49767,"Fungotox, Crème",D
26327,49768,"Fungotox-200, Vaginaltabletten",D
1312410,63109,"Fung-X Derma, Crème",D
1321426,65836,"Fung-X Nail, Nagellack",D
25311,34921,"Furadantin retard, capsules",B
25316,45510,"Furospir, Filmtabletten",B
1385963,66731,"Fusicutan plus, Creme",B
1192911,62252,"Fusicutan Salbe, Salbe",B
1175202,61359,"Fusicutan, Creme",B
1444954,67665,"Fycompa 0.5 mg / mL, Suspension zum Einnehmen",B
1226330,62440,"Fycompa 10mg, Filmtabletten",B
1226331,62440,"Fycompa 12mg, Filmtabletten",B
1226326,62440,"Fycompa 2mg, Filmtabletten",B
1226327,62440,"Fycompa 4mg, Filmtabletten",B
1226328,62440,"Fycompa 6mg, Filmtabletten",B
1226329,62440,"Fycompa 8mg, Filmtabletten",B
1544670,68794,"Fynzur 2,275 mg/ml, solution pour pulvérisation cutanée",B
1466278,68289,"Gabapentin Sandoz 600 mg, Filmtabletten",B
1466279,68289,"Gabapentin Sandoz 800 mg, Filmtabletten",B
1155007,61375,"Gabapentin Sandoz eco 100, Kapseln",B
1155006,61375,"Gabapentin Sandoz eco 300, Kapseln",B
1155034,61375,"Gabapentin Sandoz eco 400, Kapseln",B
1363887,66594,"Gabapentin Spirig HC 100mg, Kapseln",B
1363888,66594,"Gabapentin Spirig HC 300mg, Kapseln",B
1363889,66594,"Gabapentin Spirig HC 400mg, Kapseln",B
1220139,57634,"Gabapentin Spirig HC 600 mg, Filmtabletten",B
1220140,57634,"Gabapentin Spirig HC 800 mg, Filmtabletten",B
1543047,61264,"Gabapentin Viatris 100 mg, Kapseln",B
1543048,61264,"Gabapentin Viatris 300 mg, Kapseln",B
1543049,61264,"Gabapentin Viatris 400 mg, Kapseln",B
1543050,61265,"Gabapentin Viatris 600 mg, Filmtabletten",B
1543051,61265,"Gabapentin Viatris 800 mg, Filmtabletten",B
1239134,57777,"Gabapentin-Mepha 100 mg, Hartkapseln",B
1239135,57777,"Gabapentin-Mepha 300 mg, Hartkapseln",B
1239136,57777,"Gabapentin-Mepha 400 mg, Hartkapseln",B
1363869,66088,"Gabapentin-Mepha 600mg, Filmtabletten",B
1363870,66088,"Gabapentin-Mepha 800mg, Filmtabletten",B
121134,54423,"Gadovist 1,0, Injektionslösung",B
1627998,54423,"Gadovist 1,0, Injektionslösung",B
1627999,54423,"Gadovist 1,0, Injektionslösung",B
1628000,54423,"Gadovist 1,0, Injektionslösung",B
1628001,54423,"Gadovist 1,0, Injektionslösung",B
1628002,54423,"Gadovist 1,0, Injektionslösung",B
1628003,54423,"Gadovist 1,0, Injektionslösung",B
1334691,66108,"Galafold 123 mg, Kapseln",B
1474607,62890,"Galantamin SR Zentiva 16 mg, Retardkapseln",B
1474608,62890,"Galantamin SR Zentiva 24 mg, Retardkapseln",B
1474606,62890,"Galantamin SR Zentiva 8 mg, Retardkapseln",B
1182178,59013,"Galium aparine compositum, Tropfen zum Einnehmen",D
1138800,58451,"Galvumet 50/1000, Filmtabletten",B
1138798,58451,"Galvumet 50/500, Filmtabletten",B
1138799,58451,"Galvumet 50/850, Filmtabletten",B
1072556,57834,"Galvus 50 mg, Tabletten",B
1266435,65063,"Ganfort Unit Dose, Augentropfen",B
1059034,57630,"Ganfort, Augentropfen",B
1509769,68549,"Ganirelix Labatec 0,25 mg, solution injectable en seringue préremplie",A
62813,52918,"Garamycin, Schwamm 10 x 10 x 0,5 cm",A
62812,52918,"Garamycin, Schwamm 5 x 5 x 0,5 cm",A
1327722,65387,"Gardasil 9, Injektionssuspension in Fertigspritze",B
1424765,67127,"Gaspan, magensaftresistente Weichkapsel",D
254,47396,"Gastricumeel, Tabletten",D
261,27620,"Gastrografin, Lösung zum Einnehmen / Rektallösung",B
288,37585,"Gatinar, Sirup",D
1313791,62889,"Gaviscon Erdbeer, Kautabletten",D
1241932,62887,"Gaviscon Liquid Mint, Suspension zum Einnehmen im Beutel",D
1239043,62889,"Gaviscon Mint, Kautabletten",D
1400264,66997,"Gavisconell Liquid Mint, Suspension zum Einnehmen in Flaschen",D
1269832,63172,"Gazyvaro 1000 mg/40 ml, Konzentrat zur Herstellung einer Infusionslösung",A
1197918,55928,"GeloDurat, Magensaftresistente Weichkapseln",D
1191461,62423,"GeloMyrtol 300 mg, Kapseln",D
1124340,60347,"Gelsemium comp., Solutio ad injectionem",B
1391841,15898,"GEM Antitussivum, Sirup",B
1134633,60450,"GEM Bronchialpastillen mit Codein, Lutschpastillen",B
1501031,68802,"GEM Bronchialpastillen neo, Lutschpastillen",E
1391840,43902,"GEM Mucolyticum, Sirup",D
1395179,66735,"Gemcitabin Accord 1000 mg/10 ml, Konzentrat zur Herstellung einer Infusionslösung",A
1395178,66735,"Gemcitabin Accord 200 mg/2 ml, Konzentrat zur Herstellung einer Infusionslösung",A
1395181,66735,"Gemcitabin Accord 2000 mg/20 ml, Konzentrat zur Herstellung einer Infusionslösung",A
1174489,61449,"Gemcitabin Sandoz 1000 mg/25 ml, Konzentrat zur Herstellung einer Infusionslösung",A
1174487,61449,"Gemcitabin Sandoz 200 mg/5 ml, Konzentrat zur Herstellung einer Infusionslösung",A
1174488,61449,"Gemcitabin Sandoz 2000 mg/50 ml, Konzentrat zur Herstellung einer Infusionslösung",A
1356516,65005,"Gemcitabin-Teva liquid 1 g / 25 ml, Konzentrat zur Herstellung einer Infusionslösung",A
1356517,65005,"Gemcitabin-Teva liquid 2 g / 50 ml, Konzentrat zur Herstellung einer Infusionslösung",A
1356515,65005,"Gemcitabin-Teva liquid 200 mg / 5 ml, Konzentrat zur Herstellung einer Infusionslösung",A
1489072,68079,"Gemmo Gelenkbeschwerden, Spray zur Anwendung in der Mundhöhle",D
1482413,67993,"Gemmo Magenbeschwerden, Spray zur Anwendung in der Mundhöhle",D
1453589,67364,"Gemmo Menopause, Spray zur Anwendung in der Mundhöhle",D
1484554,67986,"Gemmo Schlaf & Beruhigung, Spray zur Anwendung in der Mundhöhle",D
449,18346,"Gencydo 1%, Injektionslösung (s.c)",B
93037,55300,"Gencydo 1%, Nasenspray, anthroposophisches Arzneimittel",D
450,18346,"Gencydo 3%, Injektionslösung (s.c.)",B
451,18346,"Gencydo 5%, Injektionslösung (s.c.)",B
103393,50823,"Genotropin 12 mg, Pulver und Lösungsmittel zur Herstellung einer Injektionslösung",A
1179447,61421,"Genotropin 12 mg, Pulver und Lösungsmittel zur Herstellung einer Injektionslösung im Fertigpen GoQuick",A
95627,50823,"Genotropin 5 mg, Pulver und Lösungsmittel zur Herstellung einer Injektionslösung",A
1179446,61421,"Genotropin 5 mg, Pulver und Lösungsmittel zur Herstellung einer Injektionslösung im Fertigpen GoQuick",A
1254743,63056,"Gentiana/Zingiber comp., Extractum aquosum",D
1329667,65793,"Genvoya 150mg/150mg/200mg/10mg, Filmtabletten",A
1333360,66300,"Gerti Gynial 2 mg/30 mcg, Filmtabletten",B
1387366,66300,"Gerti Gynial 2mg/30mcg, Filmtabletten",B
1168364,60916,"Gilenya, Kapseln",B
1183981,51294,"Ginkgo Sandoz 120, Filmtabletten",B
1510505,68362,"Ginkgo Spirig HC 240 mg, Filmtabletten",B
91012,50190,"Ginkgobakehl D4, homöopathische Injektionslösung",B
38087,50189,"Ginkgobakehl TM, Tropfen",D
1343287,50558,"Ginkgoforce, Tropfen zum Einnehmen",D
1312365,63202,"Ginkgo-Mepha 120 mg, Filmtabletten",B
1312364,63202,"Ginkgo-Mepha 80 mg, Filmtabletten",B
1623582,42593,"Ginsana tonico con aroma di ciliegia, fluido per uso orale",D
1623580,52321,"Ginsana, capsula rigida",D
1256131,63042,"Giotrif 20 mg, Filmtabletten",A
1256132,63042,"Giotrif 30 mg, Filmtabletten",A
1256133,63042,"Giotrif 40 mg, Filmtabletten",A
1369029,63042,"Giotrif 50 mg, Filmtabletten",A
1473439,67895,"Givlaari 189 mg/ml, Injektionslösung",B
1158762,59018,"Glandula thymi D6, Injektionslösung",B
1158763,59020,"Glandula thymi D6, Kapseln",D
1601925,68833,"Glassia 20 mg/ml, Infusionslösung",B
1328673,65626,"Glatiramyl  20 mg/ml, Injektionslösung in einer Fertigspritze",B
1445764,67526,"Glatiramyl 40 mg/ml, Injektionslösung in einer Fertigspritze",B
1382,38412,"Glaupax, Tabletten",B
1335525,65967,"Gliclazid MR Sandoz 60mg, Retardtabletten",B
1470159,58740,"Gliclazid retard Zentiva 30 mg, Tabletten",B
1288420,65362,Gliclazid retard Zentiva 60mg Tabletten,B
1296559,65441,Gliclazid Spirig HC Retard 60 mg Tabletten mit veränderter Wirkstofffreisetzung,B
1102377,58504,"Gliclazid-Mepha 30 retard, Depotabs",B
1288177,65571,"Gliclazid-Mepha 60 retard, Depotabs",B
1052003,57611,"Glimeryl-Mepha 1 mg, Tabletten",B
1052057,57611,"Glimeryl-Mepha 2 mg, Tabletten",B
1052097,57611,"Glimeryl-Mepha 4 mg, Tabletten",B
126563,56395,"Glivec 100 mg, Filmtabletten (teilbar)",A
1118351,56395,"Glivec 400 mg, Filmtabletten (teilbar)",A
1310472,65814,"Glivec GIST 100 mg, Filmtabletten (teilbar)",A
1310473,65814,"Glivec GIST 400 mg, Filmtabletten (teilbar)",A
29653,31489,"GlucaGen Novo, Injektionspräparat",B
122963,26061,"Glucophage 1000, Filmtabletten",B
122966,26061,"Glucophage 500, Filmtabletten",B
122965,26061,"Glucophage 850, Filmtabletten",B
83253,29551,"GlucoSaline 1 : 1 B. Braun, Infusionslösung",B
1219229,29551,"GlucoSaline 2 : 1 B. Braun, Infusionslösung",B
1219447,29551,"GlucoSaline 2 : 1 B. Braun, Infusionslösung",B
1219448,29551,"GlucoSaline 2 : 1 B. Braun, Infusionslösung",B
1219449,29551,"GlucoSaline 2 : 1 B. Braun, Infusionslösung",B
83773,29550,"Glucose  5 % B. Braun, Infusionslösung",B
1220208,29550,"Glucose  5 % B. Braun, Infusionslösung",B
1220209,29550,"Glucose  5 % B. Braun, Infusionslösung",B
1220210,29550,"Glucose  5 % B. Braun, Infusionslösung",B
1220211,29550,"Glucose  5 % B. Braun, Infusionslösung",B
1220212,29550,"Glucose  5 % B. Braun, Infusionslösung",B
1220213,29550,"Glucose  5 % B. Braun, Infusionslösung",B
1220214,29550,"Glucose  5 % B. Braun, Infusionslösung",B
1220215,29550,"Glucose  5 % B. Braun, Infusionslösung",B
1220216,29550,"Glucose  5 % B. Braun, Infusionslösung",B
1220217,29550,"Glucose  5 % B. Braun, Infusionslösung",B
1468387,29550,"Glucose  5 % B. Braun, Infusionslösung",B
1221219,29550,"Glucose 10 % B. Braun, Infusionslösung",B
1221220,29550,"Glucose 10 % B. Braun, Infusionslösung",B
1221221,29550,"Glucose 10 % B. Braun, Infusionslösung",B
83775,29550,"Glucose 20 % B. Braun, Infusionslösung",B
1221260,29550,"Glucose 20 % B. Braun, Infusionslösung",B
31306,33099,"Glucose 25 g B. Braun, Zusatzampullen",B
123642,29550,"Glucose 40 % B. Braun, Infusionslösung",B
1219119,41203,"Glucose 5 % Baxter, Infusionslösung",B
1219120,41203,"Glucose 5 % Baxter, Infusionslösung",B
1219121,41203,"Glucose 5 % Baxter, Infusionslösung",B
1219122,41203,"Glucose 5 % Baxter, Infusionslösung",B
109007,42423,"Glucose 5 % Fresenius, Infusionslösung",B
1219266,42423,"Glucose 5 % Fresenius, Infusionslösung",B
1219267,42423,"Glucose 5 % Fresenius, Infusionslösung",B
1219268,42423,"Glucose 5 % Fresenius, Infusionslösung",B
1219269,42423,"Glucose 5 % Fresenius, Infusionslösung",B
1219270,42423,"Glucose 5 % Fresenius, Infusionslösung",B
1221661,42423,"Glucose 5 % Fresenius, Infusionslösung",B
1516085,52371,"Glucose 5% Sintetica, soluzione per perfusione",B
1222509,49685,"Glucose 5%-NaCl 0,9% 2:1 Fresenius, Infusionslösung",B
1222511,49685,"Glucose 5%-NaCl 0,9% 2:1 Fresenius, Infusionslösung",B
29320,56502,"Glucose Amino 10%, Injektionslösung",B
29319,56502,"Glucose Amino 20%, Injektionslösung",B
29318,56502,"Glucose Amino 40%, Injektionslösung",B
29317,56502,"Glucose Amino 5%, Injektionslösung",B
73810,32920,"Glucosum ""Bichsel"" 10 %, Infusionslösung",B
1272114,32920,"Glucosum ""Bichsel"" 10 %, Infusionslösung",B
119145,32920,"Glucosum ""Bichsel"" 20 %, Infusionslösung",B
1272119,32920,"Glucosum ""Bichsel"" 20 %, Infusionslösung",B
1272120,32920,"Glucosum ""Bichsel"" 20 %, Infusionslösung",B
70350,32920,"Glucosum ""Bichsel"" 40 %, Infusionslösung",B
119146,32920,"Glucosum ""Bichsel"" 40 %, Infusionslösung",B
1272135,32920,"Glucosum ""Bichsel"" 40 %, Infusionslösung",B
1514,32920,"Glucosum ""Bichsel"" 5 %, Infusionslösung",B
1271932,32920,"Glucosum ""Bichsel"" 5 %, Infusionslösung",B
1271934,32920,"Glucosum ""Bichsel"" 5 %, Infusionslösung",B
1271936,32920,"Glucosum ""Bichsel"" 5 %, Infusionslösung",B
1307281,32920,"Glucosum ""Bichsel"" 5 %, Infusionslösung",B
1321664,32920,"Glucosum ""Bichsel"" 5 %, Infusionslösung",B
1321665,32920,"Glucosum ""Bichsel"" 5 %, Infusionslösung",B
1452767,32920,"Glucosum ""Bichsel"" 5 %, Infusionslösung",B
1452768,32920,"Glucosum ""Bichsel"" 5 %, Infusionslösung",B
1452769,32920,"Glucosum ""Bichsel"" 5 %, Infusionslösung",B
119147,32920,"Glucosum ""Bichsel"" 50 %, Infusionslösung",B
1272136,32920,"Glucosum ""Bichsel"" 50 %, Infusionslösung",B
1297725,65284,"Glycerin ELK Pharma, Suppositorien",D
121105,52780,"Glycophos, Konzentrat zur Herstellung einer Infusionslösung",B
1560,25385,"Gly-Coramin, Lutschtabletten",D
1562,44470,"Glypressin, Injektionspräparat",B
1355384,66132,"Glyxambi 10 mg / 5 mg, Filmtabletten",B
1383018,66132,"Glyxambi 10 mg / 5 mg, Filmtabletten",B
1284953,60206,"Gnaphalium comp., Globuli velati",D
1124351,60207,"Gnaphalium comp., Injektionslösung (s.c.)",B
1179382,56689,"Gonal-f PEN 300 U.I./0.48 ml, Injektionslösung",A
1179383,56689,"Gonal-f PEN 450 U.I./0.72 ml, Injektionslösung",A
1179384,56689,"Gonal-f PEN 900 U.I./1.44 ml, Injektionslösung",A
1267724,46626,"Gorgonium, Salbe",D
42487,51193,"Gracial, Tabletten",B
1298364,52412,"GRAFALON, Infusionslösungskonzentrat",B
1273688,65050,"Granisetron Fresenius i.v. 1mg/1ml, Infusionskonzentrat",B
1273689,65050,"Granisetron Fresenius i.v. 3mg/3ml, Infusionskonzentrat",B
1304548,65189,"Granufink Blase, Hartkapseln",D
1304550,65193,"Granufink femina, Hartkapseln",D
1304549,65135,"Granufink Prosta forte, Hartkapseln",D
1173246,60670,"Graphites / Pimpinella comp., Tropfen zum Einnehmen",D
1474613,68166,"Grasustek 6 mg, solution injectable en seringue préremplie",A
1315318,60671,"Gratiola officinalis / Thuja occidentalis comp., Tropfen zum Einnehmen",D
1073033,57850,"Grazax, Lyophilisat zum Einnehmen",A
1326826,59109,"Grifola frondosa D5, Tropfen zum Einnehmen",D
1621,41442,"Gripp-Heel, Tabletten",D
1632,47702,"Grofenac Retard, Filmtabletten",B
1629,47701,"Grofenac, Filmtabletten",B
1628,47835,"Grofenac, Injektionslösung",B
1630,47703,"Grofenac, Suppositorien",B
38381,48606,"Gromazol, Crème",D
38382,48607,"Gromazol, Pumpspray",D
1708,44976,"Gutron, Tabletten",B
1709,44977,"Gutron, Tropfen zum Einnehmen",B
1717,44438,"Gynipral, Injektions-/Infusionslösung",B
1718,44438,"Gynipral, Injektions-/Infusionslösung",B
1522612,68353,"Gyno-Canesten, Kombi FORTE, 500 mg und 20 g 1%",D
1302145,60954,"Gyno-Canesten, Kombipack",D
1287275,43401,"Gyno-Canesten, Vaginalcrème",D
1144922,37512,"Gyno-Canesten, Vaginaltabletten",D
1722,47358,"Gynoflor, Vaginaltabletten",B
1732,38825,"Gyno-Pevaryl 150 mg, Vaginalovula",B
1729,38825,"Gyno-Pevaryl 50 mg, Vaginalovula",B
1730,38825,"Gyno-Pevaryl 50 mg, Vaginalovula",B
1463001,39859,"Gyno-Tardyferon, Retardtabletten",D
1555609,69016,"Gyselle 20, Tabletten",B
1601651,69017,"Gyselle 30, Tabletten",B
1277665,63201,"Gyselle petite 28, Filmtabletten",B
1448182,45780,Haemate P 1000 IE/2400 IE Pulver und Lösungsmittel zur Herstellung einer Injektionslösung,B
1448181,45780,Haemate P 500 IE/1200 IE Pulver und Lösungsmittel zur Herstellung einer Injektionslösung,B
1452526,50203,"Haemocomplettan P 1 g, Pulver zur Herstellung einer Injektions-/Infusionslösung",B
1452525,50203,"Haemocomplettan P 2 g, Pulver zur Herstellung einer Injektions-/Infusionslösung",B
1436502,60094,"Haemoctin 1000 I.E., Pulver und Lösungsmittel zur Herstellung einer Injektionslösung",B
1399545,60094,"Haemoctin 250 I.E., Pulver und Lösungsmittel zur Herstellung einer Injektionslösung",B
1436503,60094,"Haemoctin 500 I.E., Pulver und Lösungsmittel zur Herstellung einer Injektionslösung",B
1179603,59489,"Halaven, Injektionslösung",A
1977,27304,"Haldol 1 mg, Tabletten",B
1978,27304,"Haldol 10 mg, Tabletten",B
1979,26892,"Haldol 2 mg/mL, Tropfen",B
1993,44008,"Haldol Decanoas 100 mg/mL, Injektionslösung",B
1992,44008,"Haldol Decanoas 50 mg/mL, Injektionslösung",B
1976,26891,"Haldol, Injektionslösung i.m.",B
2033,49533,"Halset, Lutschtabletten",D
27109,60053,"Hamamelis destillata / Stibium metallicum praeperatum, Salbe",B
2054,16710,"Hamamelis Salbe Haas, Salbe",D
1303427,65855,"Hametum Haemo, Suppositorien",D
1377749,8653,"Hametum, Salbe",D
1377750,8653,"Hametum, Salbe",D
1408244,66526,"Hänseler Achillea, Filmtabletten",D
1311048,65980,"Hänseler Menopause, Filmtabletten",D
1057371,57871,"Harpagomed, Tabletten",D
1610811,558,"Havrix 1440, Injektionssuspension",B
1610812,599,"Havrix 720, Injektionssuspension",B
128006,663,"HBVAXPRO 10, Injektionssuspension",B
1176852,663,"HBVAXPRO 10, Injektionssuspension",B
1049117,545,"HBVAXPRO 40, Injektionssuspension",B
1436538,65642,"Heidak Halsschmerzen, Spray zur Anwendung in der Mundhöhle",D
1442803,66363,"Heidak Heuschnupfen, Spray zur Anwendung in der Mundhöhle",D
1442804,65641,"Heidak Nervosität und Überlastung, Spray zur Anwendung in der Mundhöhle",D
1442805,65640,"Heidak Schlafstörungen, Spray zur Anwendung in der Mundhöhle",D
1006502,54685,"Helicobacter Test INFAI 45 mg, In-vivo Diagnostikum",B
1006501,54685,"Helicobacter Test INFAI 75 mg, In-vivo Diagnostikum",B
1051776,56206,"Helixor A 0,01 mg, Injektionslösung (s.c.)",A
1051777,56206,"Helixor A 0,1 mg, Injektionslösung (s.c.)",A
1051778,56206,"Helixor A 1 mg, Injektionslösung (s.c.)",A
1087963,56206,"Helixor A 1 mg, Injektionslösung (s.c.)",A
1087969,56206,"Helixor A 1 mg, Injektionslösung (s.c.)",A
1051780,56206,"Helixor A 10 mg, Injektionslösung (s.c.)",A
1087966,56206,"Helixor A 10 mg, Injektionslösung (s.c.)",A
1051784,56206,"Helixor A 100 mg, Injektionslösung (s.c.)",A
1051781,56206,"Helixor A 20 mg, Injektionslösung (s.c.)",A
1087972,56206,"Helixor A 20 mg, Injektionslösung (s.c.)",A
1051782,56206,"Helixor A 30 mg, Injektionslösung (s.c.)",A
1051779,56206,"Helixor A 5 mg, Injektionslösung (s.c.)",A
1051783,56206,"Helixor A 50 mg, Injektionslösung (s.c.)",A
1051813,56207,"Helixor M 0,01 mg, Injektionslösung (s.c.)",A
1051814,56207,"Helixor M 0,1 mg, Injektionslösung (s.c.)",A
1051815,56207,"Helixor M 1 mg, Injektionslösung (s.c.)",A
1088118,56207,"Helixor M 1 mg, Injektionslösung (s.c.)",A
1088120,56207,"Helixor M 1 mg, Injektionslösung (s.c.)",A
1051817,56207,"Helixor M 10 mg, Injektionslösung (s.c.)",A
1088119,56207,"Helixor M 10 mg, Injektionslösung (s.c.)",A
1051821,56207,"Helixor M 100 mg, Injektionslösung (s.c.)",A
1051818,56207,"Helixor M 20 mg, Injektionslösung (s.c.)",A
1088121,56207,"Helixor M 20 mg, Injektionslösung (s.c.)",A
1051819,56207,"Helixor M 30 mg, Injektionslösung (s.c.)",A
1051816,56207,"Helixor M 5 mg, Injektionslösung (s.c.)",A
1051820,56207,"Helixor M 50 mg, Injektionslösung (s.c.)",A
1051827,56208,"Helixor P 0,01 mg, Injektionslösung (s.c.)",A
1051828,56208,"Helixor P 0,1 mg, Injektionslösung (s.c.)",A
1051829,56208,"Helixor P 1 mg, Injektionslösung (s.c.)",A
1088122,56208,"Helixor P 1 mg, Injektionslösung (s.c.)",A
1088124,56208,"Helixor P 1 mg, Injektionslösung (s.c.)",A
1051831,56208,"Helixor P 10 mg, Injektionslösung (s.c.)",A
1088123,56208,"Helixor P 10 mg, Injektionslösung (s.c.)",A
1051835,56208,"Helixor P 100 mg, Injektionslösung (s.c.)",A
1051832,56208,"Helixor P 20 mg, Injektionslösung (s.c.)",A
1088125,56208,"Helixor P 20 mg, Injektionslösung (s.c.)",A
1051833,56208,"Helixor P 30 mg, Injektionslösung (s.c.)",A
1051830,56208,"Helixor P 5 mg, Injektionslösung (s.c.)",A
1051834,56208,"Helixor P 50 mg, Injektionslösung (s.c.)",A
1500466,68070,"Helleborus niger aquos. D4, Injektionslösung (s.c.)",B
1500467,68070,"Helleborus niger aquos. D4, Injektionslösung (s.c.)",B
1500468,68070,"Helleborus niger aquos. D4, Injektionslösung (s.c.)",B
1500469,68070,"Helleborus niger aquos. D4, Injektionslösung (s.c.)",B
1500470,68070,"Helleborus niger aquos. D4, Injektionslösung (s.c.)",B
1500471,68070,"Helleborus niger aquos. D4, Injektionslösung (s.c.)",B
1276149,61214,"Hemangiol 3.75 mg/ml, Propranololhydrochlorid Lösung",B
1399654,66694,"Hemlibra 105mg/0.7ml, Injektionslösung",A
1628091,66694,"Hemlibra 12mg/0.4ml, Injektionslösung",A
1399655,66694,"Hemlibra 150mg/1ml, Injektionslösung",A
1628090,66694,"Hemlibra 300mg/2ml, Injektionslösung",A
1399652,66694,"Hemlibra 30mg/1ml, Injektionslösung",A
1399653,66694,"Hemlibra 60mg/0.4ml, Injektionslösung",A
1160879,56202,"Hemosol B0, Hämofiltrationslösung",B
2341,38459,"HepaGel, Gel",D
2342,58970,"Hepar compositum, Injektionslösung (s.c., i.m.)",B
1124352,60208,"Hepar sulfuris comp., Solutio ad injectionem",B
1001279,56332,"Heparin Bichsel 100 I.E./ml, Injektionslösung",B
1118243,46240,"Heparin Bichsel 1000 I.E./ml, Injektionslösung",B
1475083,46240,"Heparin Bichsel 417 I.E./ml, Infusionslösung",B
1200046,46240,"Heparin Bichsel 5000 I.E./ml, Injektionslösung",B
1490726,67780,"Heparin Sintetica 20`000 UI/48 ml, soluzione per infusione",B
1006265,46613,"Heparin-Na 25'000 I.E./5 mL B. Braun, Injektionslösung",B
1118177,60027,"Hepar-Magnesium D10, Ampullen (i.v.)",B
1118178,59300,"Hepar-Magnesium D4, Ampullen s.c.",B
1118184,60034,"Hepar-Stannum D4, Ampullen (s.c.)",B
51039,53355,"Hepa-S, capsules",D
1607824,67424,"Hepasin Leber-Galletropfen, Tropfen zum Einnehmen",D
64015,488,"Hepatect CP, Infusionslösung",B
1005463,488,"Hepatect CP, Infusionslösung",B
1190686,488,"Hepatect CP, Infusionslösung",B
1001745,674,"Hepatitis-B-Immunglobulin Behring, Injektionslösung",B
1266127,674,"Hepatitis-B-Immunglobulin Behring, Injektionslösung",B
2354,18604,"Hepatodoron, Tabletten",D
1484564,67702,"Hepaxane 10'000 IE/UI (100 mg)/1 ml, solution injectable en seringue préremplie",B
1484565,67702,"Hepaxane 12'000 IE/UI (120 mg)/0.8 ml, solution injectable en seringue préremplie",B
1484566,67702,"Hepaxane 15'000 IE/UI (150 mg)/1 ml, solution injectable en seringue préremplie",B
1484560,67702,"Hepaxane 2000 IE/UI (20 mg)/0.2 ml, solution injectable en seringue préremplie",B
1484561,67702,"Hepaxane 4000 IE/UI (40 mg)/0.4 ml, solution injectable en seringue préremplie",B
1484562,67702,"Hepaxane 6000 IE/UI (60 mg)/0.6 ml, solution injectable en seringue préremplie",B
1484563,67702,"Hepaxane 8000 IE/UI (80 mg)/0.8 ml, solution injectable en seringue préremplie",B
1607582,68338,"Hepcludex 2 mg, Pulver zur Herstellung einer Injektionslösung",A
2359,41444,"Hepeel, homöopathische Tabletten",D
1029677,57471,"Herbalance, Tropfen zum Einnehmen",D
122601,54513,"Herballerg, homöopathische Heuschnupfentropfen",D
1020502,44136,"Herbapect Bronchialpastillen, Pastillen",E
114281,55065,"Herceptin 150 mg, Pulver für ein Konzentrat zur Herstellung einer Infusionslösung",A
77118,55065,"Herceptin 440 mg, Pulver für ein Konzentrat zur Herstellung einer Infusionslösung",A
1336632,65964,"Herceptin subkutan 600mg/5ml, Lösung zur subkutanen Injektion",A
1479120,67892,"Herzuma 150 mg, poudre pour solution à diluer pour perfusion",A
1479121,67892,"Herzuma 440 mg, poudre pour solution à diluer pour perfusion",A
2496,45174,"Hexamedal, Spüllösung",D
1249259,32899,"Hextril, Lösung",D
1395557,58015,"Hexvix, Pulver zur Herstellung einer Lösung zur intravesikalen Anwendung",B
58438,603,"Hiberix, Pulver und Lösungsmittel zur Herstellung einer Injektionslösung",B
1437227,44490,"Hibidil, sterile Lösung",D
2505,37551,"Hibiscrub, Lösung",D
1124421,60346,"Hirudo comp., Globuli velati",D
1124355,60345,"Hirudo comp., Injektionslösung (s.c.)",B
1278073,39324,"Hirudoid forte, Creme",D
1423551,39324,"Hirudoid forte, Creme",D
1270849,40550,"Hirudoid forte, Gel",D
1423550,40550,"Hirudoid forte, Gel",D
128684,16105,"Hirudoid, Creme",D
1273014,36120,"Hirudoid, Gel",D
1182697,61547,"Hizentra, Injektionslösung zur s.c. Anwendung",B
1183481,61547,"Hizentra, Injektionslösung zur s.c. Anwendung",B
1183482,61547,"Hizentra, Injektionslösung zur s.c. Anwendung",B
1233808,61547,"Hizentra, Injektionslösung zur s.c. Anwendung",B
1112615,57562,"Holgyeme, comprimé pelliculé",B
1162042,38256,"Holle Holunder, Sirup",E
3099,41217,"Holoxan 1 g, Trockensubstanz zur intravenösen Infusion",A
3100,41217,"Holoxan 2 g, Trockensubstanz zur intravenösen Infusion",A
3098,41217,"Holoxan 500 mg, Trockensubstanz zur intravenösen Infusion",A
3116,44749,"Homeogene 9, comprimés",D
3121,44791,"Homeoplasmine, pommade nasale",D
33593,50557,"Homeovox, comprimés",D
3310,51838,"Hova, Filmtabletten",D
94429,40408,"Hübner Silicea Balsam, Gel zum Einnehmen",D
1620338,69892,"Huile de Menthe Carmol, Gouttes buvables, Liquide cutané et voie inhalée",D
1502879,68234,"Hukyndra 40mg/0.4ml, Injektionslösung im Fertigpen",B
1502880,68232,"Hukyndra 40mg/0.4ml, Injektionslösung in einer Fertigspritze",B
1502881,68232,"Hukyndra 80mg/0.8ml, Injektionslösung in einer Fertigspritze",B
1445848,67611,"Hulio 40 mg/0.8 ml, Injektionslösung im Fertigpen",B
1445849,67613,"Hulio 40 mg/0.8 ml, Injektionslösung in einer Fertigspritze",B
3325,25229,"Humatin, Kapseln",B
51983,53052,"Humatrope 12 mg, poudre et solvant pour solution injectable",A
105928,53052,"Humatrope 24 mg, poudre et solvant pour solution injectable",A
105572,53052,"Humatrope 6 mg, poudre et solvant pour solution injectable",A
1401359,56221,"Humira 20 mg/0.2 ml, Injektionslösung in einer Fertigspritze",B
1353147,57862,"Humira 40 mg/0.4 ml, Injektionslösung im Fertigpen",B
1353148,56221,"Humira 40 mg/0.4 ml, Injektionslösung in einer Fertigspritze",B
1401360,57862,"Humira 80 mg/0.8 ml, Injektionslösung im Fertigpen",B
1401361,56221,"Humira 80 mg/0.8 ml, Injektionslösung in einer Fertigspritze",B
1121333,58589,"Hycamtin 0.25 mg, Kapseln",A
1121335,58589,"Hycamtin 1 mg, Kapseln",A
89043,53857,"Hycamtin 1 mg, Lyophilisat",A
52903,53857,"Hycamtin 4 mg, Lyophilisat",A
1188529,60163,"Hydrargyrum bichloratum comp., Tropfen zum Einnehmen",D
3366,57970,"Hydrocortison Galepharm, Tabletten",B
1272582,63125,"Hydrocortison-POS 1%, Augensalbe",B
1411193,66873,"Hydromorphone Sintetica 0.2 mg/ml, soluzione per infusione",A
1315320,56556,"Hydromorphoni HCl Streuli 1 mg/ml, Tropfen zum Einnehmen",A
1426612,67491,"Hydroxycarbamid Devatis 500 mg, Kapseln",A
1325267,66131,"Hydroxycarbamid Labatec 500 mg, capsules",A
1177649,62215,"Hydroxychloroquine Zentiva, Filmtabletten",B
1641247,69932,"Hylvastam 14 mg/ml, solution pour perfusion",B
1633012,69556,"Hympavzi 150 mg, Injektionslösung im Fertigpen",A
1541700,68970,"Hyoscyamus/Valeriana N, Tropfen zum Einnehmen",B
1118201,59613,"Hypericum Auro cultum Rh D2, Ampullen (s.c.)",B
105953,59907,"Hypericum Flos 25 %, Öl zur Anwendung auf der Haut",D
53157,59707,"Hypericum TM, Tropfen",D
1294826,53790,"Hyperiforce, Tabletten",D
1147561,58544,"Hyperiplant Rx, Filmtabletten",B
1216356,60284,"Hypophysis comp., Globuli velati",D
1211630,60282,"Hypophysis comp., Solutio ad injectionem",B
1439404,66684,"HyQvia 100 mg/ml, Infusionslösung zur subkutanen Anwendung",B
1439719,66684,"HyQvia 100 mg/ml, Infusionslösung zur subkutanen Anwendung",B
1439720,66684,"HyQvia 100 mg/ml, Infusionslösung zur subkutanen Anwendung",B
1439721,66684,"HyQvia 100 mg/ml, Infusionslösung zur subkutanen Anwendung",B
1439722,66684,"HyQvia 100 mg/ml, Infusionslösung zur subkutanen Anwendung",B
1618806,67258,"Hyrimoz 20 mg/0.2 ml, Injektionslösung in Fertigspritzen",B
1618807,67258,"Hyrimoz 40 mg/0.4 ml, Injektionslösung in Fertigspritzen",B
1618808,67258,"Hyrimoz 80 mg/0.8 ml, Injektionslösung in Fertigspritzen",B
1618809,67259,"Hyrimoz SensoReady 40 mg/0.4 ml, Injektionslösung im Fertigpen",B
1618810,67259,"Hyrimoz SensoReady 80 mg/0.8 ml, Injektionslösung im Fertigpen",B
37580,52342,"Hytrin BPH 1 mg, Tabletten, Hytrin BPH 2 mg, Tabletten",B
37581,52342,"Hytrin BPH 5 mg, Tabletten",B
1482182,68027,"Ialugen Plus Akut, Creme",D
1159334,60185,"ialugen Plus Visc, crema",B
31582,51722,"Ialugen plus, crema",B/D
31584,51970,"Ialugen plus, garze medicate",B/D
3430,48119,"Ialugen, crema",D
3431,48118,"Ialugen, garza impregnata",D
1163640,60442,"Ibandronat Sandoz 150, Filmtabletten",B
1159335,60532,"Ibandronat Sandoz i.v., Injektionslösung",B
1403728,63119,"Ibandronat Spirig HC 150 mg Monatstabletten, Filmtabletten",B
1287032,65476,"Ibandronat Spirig HC i.v. 3 mg/3 ml, Injektionslösung",B
1466270,62412,"Ibandronat Zentiva Osteo, Injektionslösung",B
1394065,61317,"Ibandronat-Mepha 150 mg Monatstabletten, Filmtabletten",B
1255012,62719,"Ibandronat-Mepha Osteo i.v. 3 mg/ 3 ml, Fertigspritzen",B
1518906,47827,"Iberogast Classic, Tropfen zum Einnehmen",D
1612365,69025,"Iberogast Magen, Tropfen zum Einnehmen",D
1558460,69183,"Ibrance 100 mg, Filmtabletten",A
1344446,66138,"Ibrance 100 mg, Hartkapseln",A
1558461,69183,"Ibrance 125 mg, Filmtabletten",A
1344447,66138,"Ibrance 125 mg, Hartkapseln",A
1558459,69183,"Ibrance 75 mg, Filmtabletten",A
1344445,66138,"Ibrance 75 mg, Hartkapseln",A
1185604,56298,"Ibu Sandoz 400, Filmtabletten",D
1495976,67991,"Ibu Zentiva 400 mg, Filmtabletten",B
1495977,67991,"Ibu Zentiva 600 mg, Filmtabletten",B
1381875,66888,"Ibufelan 400 mg, Filmtabletten",D
3434,39893,"Ibufen-L, Tabletten",B
1489421,68450,"Ibuprofen Fresenius i.v. 400 mg / 100 ml, Infusionslösung",B
1176906,48164,"Ibuprofen Sandoz 400, Filmtabletten",B
1176907,48164,"Ibuprofen Sandoz 600, Filmtabletten",B
1603609,67940,"Ibuprofen Viatris 200 mg, Filmtabletten",B
1603610,67940,"Ibuprofen Viatris 400 mg, Filmtabletten",B
1603611,67940,"Ibuprofen Viatris 600 mg, Filmtabletten",B
1557435,67939,"Ibuprofen Viatris retard, Filmtabletten",B
1602195,67942,"Ibuprofen Viatris, Brausegranulat",B
1634746,68263,"Icatibant Spirig HC 30 mg, Injektionslösung in einer Fertigspritze",B
3441,10751,"Ichtholan 10% Zugsalbe, Salbe",D
3442,10751,"Ichtholan 20% Zugsalbe, Salbe",D
3443,10751,"Ichtholan 50% Zugsalbe, Salbe",D
1263198,63097,"Iclusig 15mg, comprimés pelliculés",A
1332023,63097,"Iclusig 30mg, comprimés pelliculés",A
1263199,63097,"Iclusig 45mg, comprimés pelliculés",A
1443445,66828,"Idacio 40 mg/ 0.8 ml, Injektionslösung in Fertigspritze",B
1443444,67310,"Idacio 40 mg/0.8 ml, Injektionslösung im Fertigpen",B
1510318,68373,"Idefirix 11 mg, poudre pour solution à diluer pour perfusion",A
1393130,65743,"Idelvion 1000 IU, Pulver und Lösungsmittel zur Herstellung einer Injektionslösung",B
1393131,65743,"Idelvion 2000 IU, Pulver und Lösungsmittel zur Herstellung einer Injektionslösung",B
1393128,65743,"Idelvion 250 IU, Pulver und Lösungsmittel zur Herstellung einer Injektionslösung",B
1457758,65743,"Idelvion 3500 IU, Pulver und Lösungsmittel zur Herstellung einer Injektionslösung",B
1393129,65743,"Idelvion 500 IU, Pulver und Lösungsmittel zur Herstellung einer Injektionslösung",B
1645614,68708,"Ifinwil 192 mg, Tabletten",A
1121259,58157,"Ig Vena Kedrion 50 g/I, solution pour infusion",B
1121260,58157,"Ig Vena Kedrion 50 g/I, solution pour infusion",B
1332697,66093,"Ikervis, 1 mg/ml collyre en émulsion (unidoses)",B
58420,40377,"Il Hwa Ginseng, estratto liquido",D
1357923,66191,"Ilaris, Injektionslösung",A
94928,50064,"Ilomedin 20 i.v., Infusionslösungskonzentrat",B
94929,50064,"Ilomedin 50 i.v., Infusionslösungskonzentrat",B
1407856,66784,"Ilumetri 100 mg/1 ml, Injektionslösung",B
1515878,66784,"Ilumetri 200 mg/2 ml, Injektionslösung",B
1559669,69316,"Ilumetri, 100 mg/1 ml, Injektionslösung im Fertigpen",B
3492,45860,"Imacort, Crème",B
1417423,67097,"Imatinib Accord 100 mg, Filmtabletten",A
1417424,67097,"Imatinib Accord 400 mg, Filmtabletten",A
1403331,65580,"Imatinib Devatis 100 mg (teilbar), Filmtabletten",A
1403333,65580,"Imatinib Devatis 400 mg, Filmtabletten",A
1361585,66621,"Imatinib GIST-Teva 100 mg, Filmtabletten",A
1361586,66621,"Imatinib GIST-Teva 400 mg, Filmtabletten",A
1315529,65911,"Imatinib Sandoz 100mg, Filmtabletten",A
1315530,65911,"Imatinib Sandoz 400mg, Filmtabletten",A
1311205,65353,"Imatinib Zentiva 100mg, Filmtabletten",A
1311206,65353,"Imatinib Zentiva 400mg, Filmtabletten",A
1270077,65155,"Imatinib-Teva 100 mg, Filmtabletten",A
1270078,65155,"Imatinib-Teva 400 mg, Filmtabletten",A
3503,45861,"Imazol, Crème",B
3505,45862,"Imazol, Pâte-crème",D
1412704,67109,"Imbruvica 140 mg, Filmtabletten",A
1412705,67109,"Imbruvica 280 mg, Filmtabletten",A
1412706,67109,"Imbruvica 420 mg, Filmtabletten",A
1412707,67109,"Imbruvica 560 mg, Filmtabletten",A
1385122,66548,"Imfinzi 120 mg/2.4 ml, Konzentrat zur Herstellung einer Infusionslösung",A
1385121,66548,"Imfinzi 500 mg/10 ml, Konzentrat zur Herstellung einer Infusionslösung",A
62624,53708,"Imigran 10 mg, Nasenspray",B
62625,53708,"Imigran 20 mg, Nasenspray",B
39519,51685,"Imigran 50 mg, Filmtabletten",B
35951,51684,"Imigran 6 mg/0.5 ml, Injektionslösung in einer Patrone",B
1001829,56411,"Imigran T 50 mg, Filmtabletten",B
1143537,59764,"Imipenem-Cilastatin Labatec, poudre pour solution pour perfusion",A
1350999,60262,"Imipenem-Cilastatin-Mepha i.v., Pulver für ein Konzentrat zur Herstellung einer Infusionslösung",A
1601652,69277,"Imiquimod Leman 5%, crème",A
1555880,68706,"Imjudo 25 mg/1,25 ml, Konzentrat zur Herstellung einer Infusionslösung",A
1555881,68706,"Imjudo 300 mg/15 ml, Konzentrat zur Herstellung einer Infusionslösung",A
1327204,65812,"Imlygic 10e6, Injektionslösung",A
1327205,65812,"Imlygic 10e8, Injektionslösung",A
1019643,52715,"Immunate S/D 1'000 I.E., Pulver und Lösungsmittel zur Herstellung einer Injektionslösung",B
1019642,52715,"Immunate S/D 500 I.E., Pulver und Lösungsmittel zur Herstellung einer Injektionslösung",B
62707,52474,"Immunine STIM Plus 1200, Pulver und Lösungsmittel zur Herstellung einer Injektionslösung",B
62708,52474,"Immunine STIM Plus 600, Pulver und Lösungsmittel zur Herstellung einer Injektionslösung",B
1268449,61249,"Imnovid 1mg, Hartkapseln",A
1268450,61249,"Imnovid 2mg, Hartkapseln",A
1268451,61249,"Imnovid 3mg, Hartkapseln",A
1268452,61249,"Imnovid 4mg, Hartkapseln",A
1207232,54880,"Imodium duo, Tabletten",D
1332160,58059,"Imodium lingual akut, Schmelztablette",D
53208,52975,"Imodium lingual, Schmelztabletten",D
3517,40363,"Imodium, Kapseln",B/D
42701,47111,"Imovane, comprimés pélliculés",B
1240805,61298,"Implanon NXT, Implantat",B
3523,46787,"Importal 10 g, polvere orale",D
3525,52785,"Importal, soluzione orale",D
1634189,67582,"Imraldi 40 mg/0.4 ml, Injektionslösung im Fertigpen",B
1634188,67427,"Imraldi 40 mg/0.4 ml, Injektionslösung in einer Fertigspritze",B
1442982,67427,"Imraldi 40 mg/0.8 ml, Injektionslösung in einer Fertigspritze",B
1442983,67582,"Imraldi 40 mg/0.8 ml, Injektionslösung in Fertigpen",B
62709,51947,"Imukin, Injektionslösung",A
1304567,31887,"Imurek 25 mg, Filmtabletten",B
3540,31887,"Imurek 50 mg, Filmtabletten",B
1279777,65091,"Incruse Ellipta, einzeldosiertes Pulver zur Inhalation",B
1015627,54913,"Incurin ad us.vet., Tabletten",B
1371977,58463,"Indapamide Spirig HC Retard, Filmtabletten",B
1251606,62976,"Indapamid-Mepha 1.5 retard, Depotab",B
54621,53304,"Indapamid-Mepha, Kapseln",B
1384565,31706,"Inderal 10 mg, Filmtabletten",B
1384566,31706,"Inderal 40 mg, Filmtabletten",B
29943,56500,"Indigocarmin 4mg/ml Amino, Injektionslösung",B
1089343,46160,"Indium DTPA (In-111) injection Mallinckrodt, Injektionslösung",A
98824,55288,"Indivina 1 mg/2.5 mg, Tabletten",B
98825,55288,"Indivina 1 mg/5 mg, Tabletten",B
98826,55288,"Indivina 2 mg/5 mg, Tabletten",B
3563,40454,"Indocid-Retard, Kapseln",B
83172,54517,"Indophtal 0,1 % UD, gebrauchsfertige Augentropfen (Monodosen)",B
81297,54264,"Indophtal 0,1 %, gebrauchsfertige Augentropfen",B
1023197,56828,"InductOs 1.5 mg/ml, poudre 12 mg, solvant et matrice pour matrice pour implantation",B
1366266,56828,"InductOs 1.5 mg/ml, poudre 4 mg, solvant et matrice pour matrice pour implantation",B
1029782,56953,"Inegy 10/10 mg, Tabletten",B
1029784,56953,"Inegy 10/20 mg, Tabletten",B
1029785,56953,"Inegy 10/40 mg, Tabletten",B
1029787,56953,"Inegy 10/80 mg, Tabletten",B
1610937,619,"Infanrix DTPa-IPV + Hib, Injektionssuspension",B
1610936,638,"Infanrix DTPa-IPV, Injektionssuspension",B
91474,640,"Infanrix hexa, Injektionssuspension",B
1610814,640,"Infanrix hexa, Injektionssuspension",B
3572,47314,"Inflamac 25 mg, Kapseln",B
95511,55926,"Inflamac 50 rapid, Filmtabletten",B
1062599,58122,"Inflamac 75 retard, Filmtabletten",B
1047627,57457,"Inflamac Dolo 25, Kapseln",D
1014110,55375,"Inflamac Lotio, Emulsion",D
1310477,65367,"Inflectra 100 mg, Pulver für ein Konzentrat zur Herstellung einer Infusionslösung",A
1437328,66910,"Infludo, Tropfen zum Einnehmen",D
1552642,68682,"Infludoron N, Globuli",D
3582,46444,"Infludoron, Globuli",D
18674,59682,"Influenzinum (Influenzinum-Nosode) C15, Globules",D
1046273,59682,"Influenzinum (Influenzinum-Nosode) C15, Granules",D
1046274,59682,"Influenzinum (Influenzinum-Nosode) C30, Granules",D
18676,59682,"Influenzinum (Influenzinum-Nosode) C9, Granules",D
1058878,59682,"Influenzinum (Influenzinum-Nosode) C9, Granules/Globules",D
1627085,68087,"Influvac Tetra 0.5 ml, Injektionssuspension",B
11003,33767,"Inhalant, Lösung",D
3585,50373,"Inhibace 5 mg, Filmtabletten",B
3586,50373,"Inhibace mite 2,5 mg, Filmtabletten",B
42610,52472,"Inhibace Plus, Filmtabletten",B
3587,50373,"Inhibace submite 1 mg, Filmtabletten",B
1440711,67454,"Inhixa 10000 IE (100 mg), Injektionslösung",B
1440780,67454,"Inhixa 12000 IE (120 mg), Injektionslösung",B
1440712,67454,"Inhixa 15000 IE (150 mg), Injektionslösung",B
1440707,67454,"Inhixa 2000 IE (20 mg), Injektionslösung",B
1440708,67454,"Inhixa 4000 IE (40 mg), Injektionslösung",B
1440709,67454,"Inhixa 6000 IE (60 mg), Injektionslösung",B
1440710,67454,"Inhixa 8000 IE (80 mg), Injektionslösung",B
1442377,67455,"Inhixa Multi 30000 IE (300 mg), Injektionslösung",B
1202893,62281,"Inlyta 1 mg, Filmtabletten",A
1258922,62281,"Inlyta 3 mg, Filmtabletten",A
1202894,62281,"Inlyta 5 mg, Filmtabletten",A
1258923,62281,"Inlyta 7 mg, Filmtabletten",A
1012038,56809,"INOmax 400 ppm, Inhalationsgas",A
1277481,56809,"INOmax 800 ppm, Inhalationsgas",A
1105951,58097,"Inovelon 200 mg, Filmtabletten",B
1212383,62066,"Inovelon 40 mg/ml, orale Suspension",B
1105952,58097,"Inovelon 400 mg, Filmtabletten",B
3599,28053,"Insidon, Dragées",B
1033316,57147,"Inspra 25 mg, Filmtabletten",B
1033318,57147,"Inspra 50 mg, Filmtabletten",B
1473932,68006,"Instillagel, Gel",B
1478796,68006,"Instillagel, Gel",B
1383112,59354,"Insulin Lilly Humalog 100 U.I./ml Junior KwikPen stylo pré-remplies, solution injectable",B
1117267,59354,"Insulin Lilly Humalog 100 U.I./ml KwikPen stylo pré-remplies, solution injectable",B
1327308,59354,"Insulin Lilly Humalog 200 U.I./ml KwikPen stylo pré-remplies, solution injectable",B
54795,53553,"Insulin Lilly Humalog cartouches 3,0 ml, solution injectable",B
43231,53290,"Insulin Lilly Humalog Flacon, solution injectable",B
69191,54762,"Insulin Lilly Humalog Mix 25 cartouches 3,0 ml, suspension injectable",B
1117280,59355,"Insulin Lilly Humalog Mix 25 KwikPen seringues pré-remplies, suspension injectable",B
79620,54763,"Insulin Lilly Humalog Mix 50 cartouches 3,0 ml, suspension injectable",B
1117281,59356,"Insulin Lilly Humalog Mix 50 KwikPen seringues pré-remplies, suspension injectable",B
32581,51750,"Insulin Lilly Huminsulin Basal cartouches 3,0 ml, suspension injectable",B
1207316,61550,"Insulin Lilly Huminsulin Basal KwikPen stylo prérempli, suspension injectable",B
1197018,46875,"Insulin NovoNordisk Actrapid HM 100 IE/mL Penfill 3, Injektionslösung",B
1234915,44610,"Insulin NovoNordisk Actrapid HM 100 IE/ml, Injektionslösung",B
29144,49008,"Insulin NovoNordisk Insulatard HM 100 IE/mL Penfill 3, Injektionssuspension",B
29146,45495,"Insulin NovoNordisk Insulatard HM 100 IE/ml, Injektionssuspension",B
98988,55891,"Insulin NovoNordisk Insulatard HM FlexPen, Injektionssuspension",B
1000800,56371,"Insulin NovoNordisk Levemir 100 E/ml FlexPen, Injektionslösung",B
1000799,56370,"Insulin NovoNordisk Levemir 100 E/ml Penfill, Injektionslösung",B
98987,55712,"Insulin NovoNordisk NovoRapid FlexPen, Injektionslösung",B
1197708,62260,"Insulin NovoNordisk NovoRapid FlexTouch, Injektionslösung",B
78072,55046,"Insulin NovoNordisk NovoRapid Penfill, Injektionslösung",B
1317233,65630,"Insulin NovoNordisk NovoRapid PumpCart 100 E/ml, Injektionslösung",B
78070,55045,"Insulin NovoNordisk NovoRapid, Injektionslösung",B
1192526,58483,"Intelence 200 mg, Tabletten",A
1445646,67323,"Intrarosa 6.5 mg, Ovule",B
1249355,62913,"Intratect 10%, Infusionslösung",B
1249356,62913,"Intratect 10%, Infusionslösung",B
1249357,62913,"Intratect 10%, Infusionslösung",B
1249358,62913,"Intratect 10%, Infusionslösung",B
1250827,57676,"Intratect 5%, Infusionslösung",B
1250828,57676,"Intratect 5%, Infusionslösung",B
1250829,57676,"Intratect 5%, Infusionslösung",B
1250830,57676,"Intratect 5%, Infusionslösung",B
1367721,66130,"Intuniv 1 mg, Retardtabletten",B
1367722,66130,"Intuniv 2 mg, Retardtabletten",B
1367723,66130,"Intuniv 3 mg, Retardtabletten",B
1367724,66130,"Intuniv 4 mg, Retardtabletten",B
1324555,55902,"Invanz, Pulver für ein Konzentrat zur Herstellung einer Infusionslösung",A
1089704,57961,"Invega 3 mg, Retardtabletten",B
1089705,57961,"Invega 6 mg, Retardtabletten",B
1089706,57961,"Invega 9 mg, Retardtabletten",B
1259520,62956,"Invokana 100mg, Filmtabletten",B
1259521,62956,"Invokana 300mg, Filmtabletten",B
1000581,53602,"Iomeron 300 mg/ml, soluzione iniettabile",B
1555254,53602,"Iomeron 300 mg/ml, soluzione iniettabile",B
1555255,53602,"Iomeron 300 mg/ml, soluzione iniettabile",B
1000579,53602,"Iomeron 350 mg/ml, soluzione iniettabile",B
1555256,53602,"Iomeron 350 mg/ml, soluzione iniettabile",B
1555257,53602,"Iomeron 350 mg/ml, soluzione iniettabile",B
1555258,53602,"Iomeron 350 mg/ml, soluzione iniettabile",B
1000570,53602,"Iomeron 400 mg/ml, soluzione iniettabile",B
1555259,53602,"Iomeron 400 mg/ml, soluzione iniettabile",B
1555260,53602,"Iomeron 400 mg/ml, soluzione iniettabile",B
1555261,53602,"Iomeron 400 mg/ml, soluzione iniettabile",B
1275925,44140,"Iopamiro 300, soluzione iniettabile",B
1275926,44140,"Iopamiro 300, soluzione iniettabile",B
1275927,44140,"Iopamiro 300, soluzione iniettabile",B
1453330,44140,"Iopamiro 300, soluzione iniettabile",B
1275920,44140,"Iopamiro 370, soluzione iniettabile",B
1275921,44140,"Iopamiro 370, soluzione iniettabile",B
1275922,44140,"Iopamiro 370, soluzione iniettabile",B
1275923,44140,"Iopamiro 370, soluzione iniettabile",B
56133,52813,"Iopidine 0,5 %, Augentropfen",B
65111,53737,"Iopidine 1%, Augentropfen (Monodosen)",B
30400,49632,"Ipocol Divistyramine, polvere per sospensione orale",B
1092207,58253,"Ipramol Steri-Nebs, Lösung für einen Vernebler",B
1187147,62278,"Irbesartan HCT Zentiva 150/12.5 mg, Filmtabletten",B
1187148,62278,"Irbesartan HCT Zentiva 300/12.5 mg, Filmtabletten",B
1187149,62278,"Irbesartan HCT Zentiva 300/25 mg, Filmtabletten",B
1147567,59183,"Irbesartan Sandoz 150, Filmtabletten",B
1147569,59183,"Irbesartan Sandoz 300, Filmtabletten",B
1220144,62410,"Irbesartan Spirig HC 150, Filmtabletten",B
1220145,62410,"Irbesartan Spirig HC 300, Filmtabletten",B
1187150,62280,"Irbesartan Zentiva 150 mg, Filmtabletten",B
1187151,62280,"Irbesartan Zentiva 300 mg, Filmtabletten",B
1240447,61497,"Irbesartan-HCT-Mepha 150mg/12.5mg, Filmtabletten",B
1240448,61497,"Irbesartan-HCT-Mepha 300mg/12.5mg, Filmtabletten",B
1240449,61497,"Irbesartan-HCT-Mepha 300mg/25mg, Filmtabletten",B
1169433,61511,"Irbesartan-Mepha 150 mg, Filmtabletten",B
1169435,61511,"Irbesartan-Mepha 300 mg, Filmtabletten",B
1001227,56154,"Iressa, Filmtabletten",A
1601443,67373,"Irfen 200 mg, Filmtabletten",B
1601444,67373,"Irfen 400 mg, Filmtabletten",B
1601442,67373,"Irfen 600 mg, Filmtabletten",B
1601339,67372,"Irfen Dolo 200 mg, Filmtabletten",D
1472180,67815,"Irfen Dolo comp 200 / 500 mg, Filmtabletten",D
1601340,67372,"Irfen Dolo forte 400 mg, Filmtabletten",D
1400932,66932,"Irfen Dolo Junior 100 mg / 5 ml, Suspension",D
1175830,61210,"Irfen Dolo L 200 mg, Lactab",D
1391386,61210,"Irfen Dolo L forte 400 mg, Lactab",D
1558552,69050,"Irfen Dolo liquid caps 400 mg, Weichkapseln",D
1400933,66933,"Irfen Junior, Suspension",B
1395977,66766,"Irinotecan Accord 100 mg/5 ml, Konzentrat zur Herstellung einer Infusionslösung",A
1395978,66766,"Irinotecan Accord 300 mg/15 ml, Konzentrat zur Herstellung einer Infusionslösung",A
1395976,66766,"Irinotecan Accord 40 mg/2 ml, Konzentrat zur Herstellung einer Infusionslösung",A
1395979,66766,"Irinotecan Accord 500 mg/25 ml, Konzentrat zur Herstellung einer Infusionslösung",A
1391388,61246,"Irinotecan Fresenius 100 mg/5 ml, Infusionskonzentrat",A
1391389,61246,"Irinotecan Fresenius 300 mg/15 ml, Infusionskonzentrat",A
1391387,61246,"Irinotecan Fresenius 40 mg/2 ml, Infusionskonzentrat",A
1391390,61246,"Irinotecan Fresenius 500 mg/25 ml, Infusionskonzentrat",A
1143666,59284,"Irinotecan Labatec 100 mg/5 ml, solution à diluer pour perfusion",A
1208675,59284,"Irinotecan Labatec 300 mg/15 ml, solution à diluer pour perfusion",A
1143665,59284,"Irinotecan Labatec 40 mg/2 ml, solution à diluer pour perfusion",A
1283054,65645,"Irinotecan Sandoz eco 100 mg/5 ml, Infusionskonzentrat",A
1283055,65645,"Irinotecan Sandoz eco 300 mg/15 ml, Infusionskonzentrat",A
1283053,65645,"Irinotecan Sandoz eco 40 mg/2 ml, Infusionskonzentrat",A
1283056,65645,"Irinotecan Sandoz eco 500 mg/25 ml, Infusionskonzentrat",A
1346006,59217,"Irinotecan-Teva liquid 100 mg/5 ml, Infusionskonzentrat",A
1346007,59217,"Irinotecan-Teva liquid 300 mg/15 ml, Infusionskonzentrat",A
1346005,59217,"Irinotecan-Teva liquid 40 mg/2 ml, Infusionskonzentrat",A
1346008,59217,"Irinotecan-Teva liquid 500 mg/25 ml, Infusionskonzentrat",A
1227347,43836,"Iropect Bronchialpastillen, Lutschpastillen",B
1393094,56830,"Iscador A 0,01 mg, Injektionslösung",B
1393099,56830,"Iscador A 0,01 mg, Injektionslösung",B
1393095,56830,"Iscador A 0,1 mg, Injektionslösung",B
1393100,56830,"Iscador A 0,1 mg, Injektionslösung",B
1393096,56830,"Iscador A 1 mg, Injektionslösung",B
1393101,56830,"Iscador A 1 mg, Injektionslösung",B
1393097,56830,"Iscador A 10 mg, Injektionslösung",B
1393098,56830,"Iscador A 20 mg, Injektionslösung",B
1393222,56829,"Iscador M 0,01 mg, Injektionslösung",B
1393245,56829,"Iscador M 0,01 mg, Injektionslösung",B
1393223,56829,"Iscador M 0,1 mg, Injektionslösung",B
1393246,56829,"Iscador M 0,1 mg, Injektionslösung",B
1393224,56829,"Iscador M 1 mg, Injektionslösung",B
1393247,56829,"Iscador M 1 mg, Injektionslösung",B
1393225,56829,"Iscador M 10 mg, Injektionslösung",B
1393226,56829,"Iscador M 20 mg, Injektionslösung",B
1393227,56829,"Iscador M c. Arg. 0,01 mg, Injektionslösung",B
1393248,56829,"Iscador M c. Arg. 0,01 mg, Injektionslösung",B
1393228,56829,"Iscador M c. Arg. 0,1 mg, Injektionslösung",B
1393249,56829,"Iscador M c. Arg. 0,1 mg, Injektionslösung",B
1393229,56829,"Iscador M c. Arg. 1 mg, Injektionslösung",B
1393250,56829,"Iscador M c. Arg. 1 mg, Injektionslösung",B
1393230,56829,"Iscador M c. Arg. 10 mg, Injektionslösung",B
1393231,56829,"Iscador M c. Arg. 20 mg, Injektionslösung",B
1393232,56829,"Iscador M c. Cu 0,01 mg, Injektionslösung",B
1393251,56829,"Iscador M c. Cu 0,01 mg, Injektionslösung",B
1393233,56829,"Iscador M c. Cu 0,1 mg, Injektionslösung",B
1393252,56829,"Iscador M c. Cu 0,1 mg, Injektionslösung",B
1393234,56829,"Iscador M c. Cu 1 mg, Injektionslösung",B
1393253,56829,"Iscador M c. Cu 1 mg, Injektionslösung",B
1393235,56829,"Iscador M c. Cu 10 mg, Injektionslösung",B
1393236,56829,"Iscador M c. Cu 20 mg, Injektionslösung",B
1393237,56829,"Iscador M c. Hg 0,01 mg, Injektionslösung",B
1393254,56829,"Iscador M c. Hg 0,01 mg, Injektionslösung",B
1393238,56829,"Iscador M c. Hg 0,1 mg, Injektionslösung",B
1393255,56829,"Iscador M c. Hg 0,1 mg, Injektionslösung",B
1393239,56829,"Iscador M c. Hg 1 mg, Injektionslösung",B
1393256,56829,"Iscador M c. Hg 1 mg, Injektionslösung",B
1393240,56829,"Iscador M c. Hg 10 mg, Injektionslösung",B
1393241,56829,"Iscador M c. Hg 20 mg, Injektionslösung",B
1393242,56829,"Iscador M spezifiziert / spécifié 1mg, Injektionslösung",B
1393243,56829,"Iscador M spezifiziert / spécifié 2mg, Injektionslösung",B
1393244,56829,"Iscador M spezifiziert / spécifié 5mg, Injektionslösung",B
1393104,56831,"Iscador P 0,01 mg, Injektionslösung",B
1393114,56831,"Iscador P 0,01 mg, Injektionslösung",B
1393105,56831,"Iscador P 0,1 mg, Injektionslösung",B
1393115,56831,"Iscador P 0,1 mg, Injektionslösung",B
1393106,56831,"Iscador P 1 mg, Injektionslösung",B
1393116,56831,"Iscador P 1 mg, Injektionslösung",B
1393107,56831,"Iscador P 10 mg, Injektionslösung",B
1393108,56831,"Iscador P 20 mg, Injektionslösung",B
1393109,56831,"Iscador P c. Hg 0,01 mg, Injektionslösung",B
1393117,56831,"Iscador P c. Hg 0,01 mg, Injektionslösung",B
1393110,56831,"Iscador P c. Hg 0,1 mg, Injektionslösung",B
1393118,56831,"Iscador P c. Hg 0,1 mg, Injektionslösung",B
1393111,56831,"Iscador P c. Hg 1 mg, Injektionslösung",B
1393119,56831,"Iscador P c. Hg 1 mg, Injektionslösung",B
1393112,56831,"Iscador P c. Hg 10 mg, Injektionslösung",B
1393113,56831,"Iscador P c. Hg 20 mg, Injektionslösung",B
1393628,56833,"Iscador Qu 0,01 mg, Injektionslösung",B
1393651,56833,"Iscador Qu 0,01 mg, Injektionslösung",B
1393629,56833,"Iscador Qu 0,1 mg, Injektionslösung",B
1393652,56833,"Iscador Qu 0,1 mg, Injektionslösung",B
1393630,56833,"Iscador Qu 1 mg, Injektionslösung",B
1393653,56833,"Iscador Qu 1 mg, Injektionslösung",B
1393631,56833,"Iscador Qu 10 mg, Injektionslösung",B
1393632,56833,"Iscador Qu 20 mg, Injektionslösung",B
1393633,56833,"Iscador Qu c. Arg. 0,01 mg, Injektionslösung",B
1393654,56833,"Iscador Qu c. Arg. 0,01 mg, Injektionslösung",B
1393634,56833,"Iscador Qu c. Arg. 0,1 mg, Injektionslösung",B
1393655,56833,"Iscador Qu c. Arg. 0,1 mg, Injektionslösung",B
1393635,56833,"Iscador Qu c. Arg. 1 mg, Injektionslösung",B
1393656,56833,"Iscador Qu c. Arg. 1 mg, Injektionslösung",B
1393636,56833,"Iscador Qu c. Arg. 10 mg, Injektionslösung",B
1393637,56833,"Iscador Qu c. Arg. 20 mg, Injektionslösung",B
1393638,56833,"Iscador Qu c. Cu 0,01 mg, Injektionslösung",B
1393657,56833,"Iscador Qu c. Cu 0,01 mg, Injektionslösung",B
1393639,56833,"Iscador Qu c. Cu 0,1 mg, Injektionslösung",B
1393658,56833,"Iscador Qu c. Cu 0,1 mg, Injektionslösung",B
1393640,56833,"Iscador Qu c. Cu 1 mg, Injektionslösung",B
1393659,56833,"Iscador Qu c. Cu 1 mg, Injektionslösung",B
1393641,56833,"Iscador Qu c. Cu 10 mg, Injektionslösung",B
1393646,56833,"Iscador Qu c. Cu 10 mg, Injektionslösung",B
1393642,56833,"Iscador Qu c. Cu 20 mg, Injektionslösung",B
1393643,56833,"Iscador Qu c. Hg 0,01 mg, Injektionslösung",B
1393660,56833,"Iscador Qu c. Hg 0,01 mg, Injektionslösung",B
1393644,56833,"Iscador Qu c. Hg 0,1 mg, Injektionslösung",B
1393661,56833,"Iscador Qu c. Hg 0,1 mg, Injektionslösung",B
1393645,56833,"Iscador Qu c. Hg 1 mg, Injektionslösung",B
1393662,56833,"Iscador Qu c. Hg 1 mg, Injektionslösung",B
1393647,56833,"Iscador Qu c. Hg 20 mg, Injektionslösung",B
1393648,56833,"Iscador Qu spezifiziert / spécifié 1mg, Injektionslösung",B
1393649,56833,"Iscador Qu spezifiziert / spécifié 2mg, Injektionslösung",B
1393650,56833,"Iscador Qu spezifiziert / spécifié 5mg, Injektionslösung",B
1393120,56832,"Iscador U c. Hg 0,01 mg, Injektionslösung",B
1393125,56832,"Iscador U c. Hg 0,01 mg, Injektionslösung",B
1393121,56832,"Iscador U c. Hg 0,1 mg, Injektionslösung",B
1393126,56832,"Iscador U c. Hg 0,1 mg, Injektionslösung",B
1393122,56832,"Iscador U c. Hg 1 mg, Injektionslösung",B
1393625,56832,"Iscador U c. Hg 1 mg, Injektionslösung",B
1393123,56832,"Iscador U c. Hg 10 mg, Injektionslösung (s.c.)",B
1393124,56832,"Iscador U c. Hg 20 mg, Injektionslösung",B
1085550,58267,"Isentress 400 mg, Filmtabletten",A
1374035,58267,"Isentress 600 mg, Filmtabletten",A
1003938,53250,"Isofluran Baxter, Flüssigkeit zur Herstellung eines Dampfs zur Inhalation",B
3835,41390,"Isoket 1 mg/ml, Konzentrat zur Herstellung einer Infusionslösung",B
3838,38470,"Isoket 5 mg, Sublingualtabletten",B
3841,35797,"Isoket retard 20 mg, Retardtabletten",B
3845,45979,"Isoket retard, Retardkapseln",B
3837,39387,"Isoket, Spray zur Anwendung in der Mundhöhle, Lösung",B
125236,55966,"Isola Capsicum N, kutanes Pflaster",D
1538309,69140,"Isoniaz-TB 100 mg, comprimés",B
1538310,69140,"Isoniaz-TB 300 mg, comprimés",B
3905,53374,"Isoptin 80 mg, Filmtabletten",B
1318475,40783,"Isoptin retard 120, Filmtabletten",B
1211020,46364,"Isoptin RR retard 240, Filmtabletten",B
1466587,68109,"Isotretinoin Sandoz 10mg, Weichkapseln",A
1466588,68109,"Isotretinoin Sandoz 20mg, Weichkapseln",A
1466586,68109,"Isotretinoin Sandoz 5mg, Weichkapseln",A
116902,55972,"Isotretinoin-Mepha 10 mg, Weichkapseln",A
116903,55972,"Isotretinoin-Mepha 20 mg, Weichkapseln",A
1066547,55972,"Isotretinoin-Mepha 40 mg, Weichkapseln",A
1380897,55972,"Isotretinoin-Mepha 5mg, Weichkapseln",A
1463004,67262,"Isturisa 1 mg, Filmtabletten",A
1463006,67262,"Isturisa 10 mg, Filmtabletten",A
1463005,67262,"Isturisa 5 mg, Filmtabletten",A
1269401,56457,"Isuprel, Injektionslösung / Konzentrat zur Herstellung einer Infusionslösung",B
1111438,40770,"Itinerol B6, capsules",D
1111440,18383,"Itinerol B6, suppositoires pour adultes et adolescents",D
1111439,23560,"Itinerol B6, suppositoires pour bébés et enfants",B
1111441,18383,"Itinerol B6, suppositoires pour enfants",D
78987,55250,"Itires, Tropfen zum Einnehmen",B
1634513,69792,"Itovebi 3 mg, Filmtabletten",A
1634514,69792,"Itovebi 9 mg, Filmtabletten",A
1123873,60137,"Itraconazol axapharm, Kapseln",B
1131227,60137,"Itraconazol axapharm, Kapseln",B
1323417,59319,"Itraconazol Sandoz eco 100 mg, Kapseln",B
1323418,59319,"Itraconazol Sandoz eco 100 mg, Kapseln",B
1043014,57368,"Itraconazol-Mepha 100, Kapseln",B
1105586,57368,"Itraconazol-Mepha 100, Kapseln",B
1446644,67275,"Itulazax, Lyophilisat zum Einnehmen",A
1602015,67253,"Ivabradin Viatris 5 mg, Filmtabletten",B
1602016,67253,"Ivabradin Viatris 7.5 mg, Filmtabletten",B
1177533,57913,"Ivemend 150 mg, Infusionspräparat",B
61981,53283,"Ivracain 5mg/ml, soluzione iniettabile",B
1154268,59147,"IXIARO, Injektionssuspension",B
1344314,65867,"Jadenu 180 mg, Filmtabletten",B
1344315,65867,"Jadenu 360 mg, Filmtabletten",B
1344313,65867,"Jadenu 90 mg, Filmtabletten",B
1302057,62126,"Jakavi 10 mg, Tabletten",A
1226460,62126,"Jakavi 15 mg, Tabletten",A
1226461,62126,"Jakavi 20 mg, Tabletten",A
1226459,62126,"Jakavi 5 mg, Tabletten",A
1639700,69722,"Jakavi 5 mg/ml, Lösung zum Einnehmen",A
1087909,58450,"Janumet 50/1000, Filmtabletten",B
1087907,58450,"Janumet 50/500, Filmtabletten",B
1087908,58450,"Janumet 50/850, Filmtabletten",B
1274363,65052,"Janumet XR 100 mg/1000 mg, Filmtabletten",B
1274362,65052,"Janumet XR 50 mg/1000 mg, Filmtabletten",B
1274361,65052,"Janumet XR 50 mg/500 mg, Filmtabletten",B
1065209,57863,"Januvia 100mg, Filmtabletten",B
1065197,57863,"Januvia 25mg, Filmtabletten",B
1065208,57863,"Januvia 50mg, Filmtabletten",B
1271782,63227,"Jardiance 10 mg, Filmtabletten",B
1383012,63227,"Jardiance 10 mg, Filmtabletten",B
1309053,65570,"Jardiance Met 5mg/1000mg, Filmtabletten",B
1383013,65570,"Jardiance Met 5mg/1000mg, Filmtabletten",B
1309055,65570,"Jardiance Met 5mg/500mg, Filmtabletten",B
1383015,65570,"Jardiance Met 5mg/500mg, Filmtabletten",B
1309054,65570,"Jardiance Met 5mg/850mg, Filmtabletten",B
1383014,65570,"Jardiance Met 5mg/850mg, Filmtabletten",B
61626,53148,"Jarsin 300, dragées",D
1022197,57009,"Jarsin 450, comprimés filmés",D
1253922,62688,"Jaydess 10 mcg/24 Stunden, Gestagen abgebendes Intrauterinsystem",B
1601654,68733,"Jaypirca 100 mg, comprimés pelliculés",A
1601653,68733,"Jaypirca 50 mg, comprimés pelliculés",A
1393389,67183,"Jeanine, Dragées",B
1495972,68023,"Jemperli 500 mg/10 ml, Konzentrat zur Herstellung einer Infusionslösung",A
1221731,62492,"Jentadueto 2.5 mg/1000 mg, Filmtabletten",B
1383011,62492,"Jentadueto 2.5 mg/1000 mg, Filmtabletten",B
1221729,62492,"Jentadueto 2.5 mg/500 mg, Filmtabletten",B
1221730,62492,"Jentadueto 2.5 mg/850 mg, Filmtabletten",B
1177829,61543,"Jevtana 60 mg/1.5 ml, solution à diluer et solvant pour solution pour perfusion",A
1169453,61315,"Jext 150 Mikrogramm, Injektionslösung im Fertigpen",B
1169454,61315,"Jext 300 Mikrogramm, Injektionslösung im Fertigpen",B
3998,38482,"JHP Rödler Japanisches Heilpflanzenöl, Tropfen zum Einnehmen, Flüssigkeit zur Anwendung auf der Haut und zur Inhalation",D
1320730,65676,"Jinarc 15 mg, Tabletten",A
1320731,65676,"Jinarc 30 mg, Tabletten",A
1320732,65676,"Jinarc 45 mg + 15 mg, Tabletten",A
1320733,65676,"Jinarc 60 mg + 30 mg, Tabletten",A
1320734,65676,"Jinarc 90 mg + 30 mg, Tabletten",A
1410058,66882,"Jivi 1000 IE, Pulver und Lösungsmittel zur Herstellung einer Injektionslösung",B
1410059,66882,"Jivi 2000 IE, Pulver und Lösungsmittel zur Herstellung einer Injektionslösung",B
1410060,66882,"Jivi 3000 IE, Pulver und Lösungsmittel zur Herstellung einer Injektionslösung",B
108099,60164,"Jodum comp., Tropfen zum Einnehmen",D
1474264,66999,"Jorveza 0.5 mg, Schmelztabletten",B
1384171,66999,"Jorveza 1 mg, Schmelztabletten",B
1443572,67466,"Juliette, Filmtabletten",B
1400854,66790,"Juluca 50 mg, Filmtabletten",A
1512828,68411,"Jylamvo 2 mg/ml, Lösung zum Einnehmen",A
1235713,62892,"Kadcyla 100 mg, Pulver zur Herstellung eines Infusionslösungskonzentrates",A
1235714,62892,"Kadcyla 160 mg, Pulver zur Herstellung eines Infusionslösungskonzentrates",A
1415310,67170,"Kadefemin Estriol Ovula 0.03 mg, Ovula",B
128624,56308,"Kafa plus caféine, poudre pour solution buvable",D
1270635,62202,"Kalcipos-D3 500/800, Filmtabletten",D
1090740,57555,"Kaletra 100/25, Filmtabletten",A
1049807,57555,"Kaletra 200/50, Filmtabletten",A
93171,55649,"Kaletra, Sirup",A
1086471,57799,"Kalinox 170 bar, Inhalationsgas",B
1118225,59991,"Kalium aceticum comp. D6, Ampullen (s.c.)",B
1196661,59524,"Kalium aceticum comp. D6, Trituratio",D
94396,51434,"Kalium chloratum 15% Sintetica, fiale supplementari per perfusioni",B
4209,21278,"Kalium Hausmann, Brausetabletten",B
108100,60165,"Kalium nitricum comp., Tropfen",D
26908,59702,Kalium phosphoricum comp. Tabletten,D
1219020,29552,"Kaliumchlorid 14,9 % B. Braun, Zusatzampullen",B
31593,29552,"Kaliumchlorid 7,45 % B. Braun, Zusatzampullen",B
1090253,56471,"Kaliumchlorid Bichsel 15%, Zusatz zu Infusionslösungen (Ampulle)",B
1090252,56471,"Kaliumchlorid Bichsel 7.5%, Zusatz zu Infusionslösungen (Vial)",B
1272012,57068,"Kaliumiodid 65 AApot, Tabletten",D
1499900,57068,"Kaliumiodid 65 SERB, Tabletten",D
1411194,67017,"Kaliumiodid Axapharm 65 mg, Tabletten",D
37092,45880,"Kaliumphosphat 1 molar B. Braun, Zusatzampulle für Infusionslösungen",B
1515376,68555,"Kaloba Direct, Granulat",D
1481170,67425,"Kaloba, Sirup",D
1120014,60060,"Kaloba, Tropfen zum Einnehmen",D
1415958,62686,"Kalydeco 150 mg, Filmtabletten",A
1458993,66169,"Kalydeco 25mg , Granulat",A
1344582,66169,"Kalydeco 50mg, Granulat",A
1344583,66169,"Kalydeco 75mg , Granulat",A
4235,40231,"Kamillex, flüssig",D
4241,16858,"Kamillofluid, flüssig",D
4243,46180,"Kamillosan Crème, Creme",D
4245,12537,"Kamillosan Liquidum, Flüssigkeit zur Anwendung auf der Haut",D
4250,46205,"Kamillosan Mund- und Rachenspray, Spray zur Anwendung in der Mundhöhle",D
4242,52562,"Kamillosan Salbe, Salbe",D
1425939,67205,"Kanjinti 150 mg, Pulver für ein Konzentrat zur Herstellung einer Infusionslösung",A
1425940,67205,"Kanjinti 440 mg, Pulver für ein Konzentrat zur Herstellung einer Infusionslösung",A
1328292,66160,"Kanuma 2 mg/ml, Konzentrat zur Herstellung einer Infusionslösung",B
60873,53842,"Kapanol 100 mg, Retardkapseln",A
60875,53842,"Kapanol 20 mg, Retardkapseln",A
1617603,53842,"Kapanol 200 mg, Retardkapseln",A
60874,53842,"Kapanol 50 mg, Retardkapseln",A
1510539,68653,"Kapruvia 50 µg/ml, Injektionslösung",B
1013392,48049,"Karsivan 100 ad us. vet., Filmtabletten",B
1013391,48049,"Karsivan 50 ad us.vet., Filmtabletten",B
1111224,56521,"KCL 7,45% Sintetica, concentrato per soluzione per infusione",B
1111225,56521,"KCL 7,45% Sintetica, concentrato per soluzione per infusione",B
4203,36360,"KCl Retard Hausmann, Retardtabletten",B
4402,38210,"Kefzol 1 g, Pulver zur Herstellung einer Injektions-/Infusionslösung",A
4401,38210,"Kefzol 2 g, Pulver zur Herstellung einer Injektions-/Infusionslösung",A
1504859,47456,"Keli-med, Crème",D
4410,43770,"Kelosoft, Crème",D
4414,22562,"Kemadrin, Tabletten",B
4418,24206,"Kenacort, Tabletten",B
4421,26177,"Kenacort-A 10 10 mg/ml, Injektionssuspension",B
1091454,26177,"Kenacort-A 10 50 mg/5 ml, Injektionssuspension",B
1091477,32990,"Kenacort-A 40 200 mg/5 ml, Injektionssuspension",B
4422,32990,"Kenacort-A 40 40 mg/ml, Injektionssuspension",B
4423,35039,"Kenacort-A Orabase, Paste",B
1216891,38774,"Kenacort-A Solubile 40 mg/1 mL, Injektionslösung",B
4420,36566,"Kenacort-A, Tinktur",B
4428,35366,"Kendural, compresse a rilascio prolungato",D
1310481,65335,"Kengrexal 50mg, poudre pour solution à diluer pour solution injectable/ pour perfusion",B
1067481,57733,"Kentera, transdermales Pflaster",B
1039962,57489,"Keppra 100 mg/ml, solution buvable",B
1216600,57489,"Keppra 100 mg/ml, solution buvable",B
1216601,57489,"Keppra 100 mg/ml, solution buvable",B
82937,55297,"Keppra 1000 mg, comprimés pelliculés",B
82935,55297,"Keppra 250 mg, comprimés pelliculés",B
82936,55297,"Keppra 500 mg, comprimés pelliculés",B
1091451,57519,"Keppra 500 mg/5 ml, solution à diluer pour perfusion",B
1423783,47122,"Keppur, Gel",D
4436,43996,"Keppur, Salbe",D
1487362,68130,"Kerendia 10 mg, Filmtabletten",B
1487363,68130,"Kerendia 20 mg, Filmtabletten",B
29576,9941,"Kernosan Meerrettich-ELIXIR, Lösung zum Einnehmen",D
1466242,67758,"Kesimpta, Injektionslösung in Fertigpen",B
4495,35073,"Ketalar 10 mg/ml, Injektions- (i.v., i.m.)/Infusionslösung (i.v.)",B
4496,35073,"Ketalar 50 mg/ml, Injektions- (i.v., i.m.)/Infusionslösung (i.v.)",B
1166757,14770,"Ketalgin 1 mg, Tabletten",A
1158208,56512,"Ketalgin 1 mg/ml, Lösung zum Einnehmen",A
4498,19932,"Ketalgin 10 mg, Suppositorien",A
1166759,14770,"Ketalgin 10 mg, Tabletten",A
1158211,56512,"Ketalgin 10 mg/ml, Lösung zum Einnehmen",A
1166742,19932,"Ketalgin 100 mg, Suppositorien",A
1166744,19932,"Ketalgin 150 mg, Suppositorien",A
1166737,19932,"Ketalgin 20 mg, Suppositorien",A
1166760,14770,"Ketalgin 20 mg, Tabletten",A
1166738,19932,"Ketalgin 30 mg, Suppositorien",A
1166739,19932,"Ketalgin 40 mg, Suppositorien",A
1310957,14770,"Ketalgin 40 mg, Tabletten",A
1166736,19932,"Ketalgin 5 mg, Suppositorien",A
4499,14770,"Ketalgin 5 mg, Tabletten",A
1166740,19932,"Ketalgin 50 mg, Suppositorien",A
1166741,19932,"Ketalgin 75 mg, Suppositorien",A
1278105,63231,"Ketamin Labatec 10 mg/ml, solution injectable / solution à diluer pour perfusion",B
1278106,63231,"Ketamin Labatec 50 mg/ml, solution injectable / solution à diluer pour perfusion",B
1434961,67199,"Ketamin Sintetica 1 mg/ml, soluzione per infusione",B
1277835,65214,"Ketamin Sintetica 10 mg/ml, soluzione iniettabile",B
1277834,65214,"Ketamin Sintetica 50 mg/ml, soluzione iniettabile",B
1314142,49556,"Ketanarkon 100 ad us. vet., Injektionslösung",A
93135,54752,"Ketesse 25, Filmtabletten",B
1010904,56059,"Ketesse, Injektions-/Infusionslösung",B
1366262,57500,"Keto-med, Shampoo",B
1270232,61219,"KetoVision, Augentropfen",B
1368463,55586,"Ketozol-Mepha, Shampoo",B
1383750,66424,"Kevzara 150 mg/1.14 ml, solution pour injection en seringue pré-remplie",B
1383749,66425,"Kevzara 150 mg/1.14 ml, solution pour injection en stylo pré-rempli",B
1383752,66424,"Kevzara 200 mg/1.14 ml, solution pour injection en seringue pré-remplie",B
1383751,66425,"Kevzara 200 mg/1.14 ml, solution pour injection en stylo pré-rempli",B
1346803,66231,"Keytruda 100 mg/4 ml, Konzentrat zur Herstellung einer Infusionslösung",A
1547455,68846,"Kimmtrak 100 mcg / 0.5 ml, Konzentrat zur Herstellung einer Infusionslösung",A
1036500,57469,"Kiovig, Infusionslösung",B
1073955,57469,"Kiovig, Infusionslösung",B
1073957,57469,"Kiovig, Infusionslösung",B
1073959,57469,"Kiovig, Infusionslösung",B
1165247,57469,"Kiovig, Infusionslösung",B
1364163,66085,"Kisplyx 10 mg, Kapseln",A
1364162,66085,"Kisplyx 4 mg, Kapseln",A
1368322,66377,"Kisqali 200 mg, Filmtabletten",A
1024910,56977,"Kivexa, Filmtabletten",A
24551,50469,"Klacid 250 mg, Filmtabletten",A
42207,50469,"Klacid 500 mg, Filmtabletten",A
24552,51759,"Klacid i.v., Pulver für ein Konzentrat zur Herstellung einer Infusionslösung",A
1395812,51608,"Klaciped Forte, Granulat zur Herstellung einer Kindersuspension zum Einnehmen",A
1395811,51608,"Klaciped, Granulat zur Herstellung einer Kindersuspension zum Einnehmen",A
4559,32718,"Klimaktoplant, Tabletten",D
1186134,47526,"Kliogest N, Filmtabletten",B
1492037,68322,"Klisyri, Salbe",A
1333374,17097,"Klosterfrau Melissengeist, Alcoholat",D
1178105,60672,"Knautia arvensis / Petroleum rectificatum comp., Tropfen zum Einnehmen",D
4668,44157,"kodan forte farblos, Lösung zur Anwendung auf der Haut",D
1120250,44157,"kodan forte farblos, Lösung zur Anwendung auf der Haut",D
4670,44157,"kodan forte gefärbt, Lösung zur Anwendung auf der Haut",D
1225987,62598,"Kombiglyze XR 2.5mg/1000mg, Filmtabletten",B
1225986,62598,"Kombiglyze XR 5mg/1000mg, Filmtabletten",B
1225985,62598,"Kombiglyze XR 5mg/500mg, Filmtabletten",B
4702,48112,"Konakion MM paediatric, Injektionslösung / Lösung zum Einnehmen",B
4701,48112,"Konakion MM, Injektionslösung / Lösung zum Einnehmen",B
1417425,66762,"Korolind, Tropfen",D
1473924,67410,"Koselugo 10 mg, Hartkapseln",A
1473925,67410,"Koselugo 25 mg, Hartkapseln",A
1277482,65088,"Kosima 20, Tabletten",B
1277483,65088,"Kosima 30, Tabletten",B
1328353,65773,"Kovaltry 1000 I.E., Pulver und Lösungsmittel zur Herstellung einer Injektions- oder Infusionslösung",B
1328354,65773,"Kovaltry 2000 I.E., Pulver und Lösungsmittel zur Herstellung einer Injektions- oder Infusionslösung",B
1328352,65773,"Kovaltry 500 I.E., Pulver und Lösungsmittel zur Herstellung einer Injektions- oder Infusionslösung",B
34262,51567,"Krenosin, solution injectable",A
1182565,60673,"Kreosotum / Ruta graveolens comp., Tropfen",D
1444114,49969,"Künzle Venenbeschwerden Pinus Pygenol, überzogene Tabletten",D
1138301,58475,"Kuvan, Tabletten",B
1392138,46928,"Kybernin P 1000, Injektionslösung",B
1391950,46928,"Kybernin P 500, Injektionslösung",B
1344433,66148,"Kyleena 19.5 mg, Gestagen abegebendes Intrauterinsystem",B
1346374,65690,"Kyprolis 10mg, Pulver zur Herstellung einer Infusionslösung",A
1346375,65690,"Kyprolis 30mg, Pulver zur Herstellung einer Infusionslösung",A
1310624,65690,"Kyprolis 60mg, Pulver zur Herstellung einer Infusionslösung",A
28862,52354,"Kytril 1 mg, Filmtabletten",B
28860,52354,"Kytril 2 mg, Filmtabletten",B
28861,51198,"Kytril, Konzentrat zur Herstellung einer Infusionslösung 1 mg",B
28863,51198,"Kytril, Konzentrat zur Herstellung einer Infusionslösung 3 mg",B
1552643,69393,"Kytta med, crème",D
5294,20713,"Kytta Pommade, crème",D
36967,53055,"Lacdigest, Kautabletten",D
1124428,60344,"Lachesis comp., Solutio ad injectionem",B
108102,60167,"Lachesis comp., Tropfen",D
1489131,68278,"Lacosamid Desitin 10 mg / ml, Infusionslösung",B
1489133,68279,"Lacosamid Desitin 10 mg / ml, Sirup",B
1489128,68277,"Lacosamid Desitin 100 mg, Filmtabletten",B
1489129,68277,"Lacosamid Desitin 150 mg, Filmtabletten",B
1489130,68277,"Lacosamid Desitin 200 mg, Filmtabletten",B
1489127,68277,"Lacosamid Desitin 50 mg, Filmtabletten",B
1442953,67713,"Lacosamid Sandoz 100 mg, Filmtabletten",B
1442954,67713,"Lacosamid Sandoz 150 mg, Filmtabletten",B
1442955,67713,"Lacosamid Sandoz 200 mg, Filmtabletten",B
1442952,67713,"Lacosamid Sandoz 50 mg, Filmtabletten",B
1482207,67630,"Lacosamid-Mepha 100 mg, Filmtabletten",B
1482208,67630,"Lacosamid-Mepha 150 mg, Filmtabletten",B
1482209,67630,"Lacosamid-Mepha 200 mg, Filmtabletten",B
1482206,67630,"Lacosamid-Mepha 50 mg, Filmtabletten",B
1077663,57824,"Lacrifluid, Augentropfen",D
128577,55262,"Lacrinorm F UD, Augentropfen",D
1395108,52594,"Lacrinorm, Augengel",D
1400138,66942,"Lacri-Vision, Augengel",B
107027,53674,"Lacrycon, Augen-Gel",B
1443630,66841,"Lactococcus lactis comp. D13, Spray zur Anwendung auf der Haut",D
1443629,66841,"Lactococcus lactis comp. D9, Spray zur Anwendung auf der Haut",B
5427,51102,"Lactoferment 10, Sachets",D
5429,53746,"Lactoferment 5, Kapseln",D
1289745,50369,"Lactovis, homöopathische Salbe",D
31646,50370,"Lactovis, homöopathische Tropfen",D
1140269,59492,"Ladonna, Filmtabletten",B
1354538,66500,"Laitea, Kapseln",D
31573,52853,"Lamictal 100 mg, Tabletten (suspendierbar/kaubar)",B
31574,52853,"Lamictal 200 mg, Tabletten (suspendierbar/kaubar)",B
31571,52853,"Lamictal 25 mg, Tabletten (suspendierbar/kaubar)",B
31575,52853,"Lamictal 5 mg, Tabletten (suspendierbar/kaubar)",B
31572,52853,"Lamictal 50 mg, Tabletten (suspendierbar/kaubar)",B
28889,51306,"Lamisil 125 mg, Tabletten",B
28887,51306,"Lamisil 250 mg, Tabletten",B
1091227,57223,"Lamisil Pedisan Once, Filmbildende Lösung",D
95820,55775,"Lamisil Pedisan, Crème",D
95819,55776,"Lamisil Pedisan, Spray",D
28888,51307,"Lamisil, Crème",D
1603323,60516,"Lamivudin-Mepha 150, Filmtabletten",A
1603324,60516,"Lamivudin-Mepha 300, Filmtabletten",A
1068741,57437,"Lamotrigin Desitin 100 mg, Tabletten",B
1068744,57437,"Lamotrigin Desitin 200 mg, Tabletten",B
1068736,57437,"Lamotrigin Desitin 25 mg, Tabletten",B
1509573,57437,"Lamotrigin Desitin 5 mg, Tabletten",B
1068739,57437,"Lamotrigin Desitin 50 mg, Tabletten",B
1036709,57412,"Lamotrigin Sandoz  100, Tabletten",B
1036710,57412,"Lamotrigin Sandoz  200, Tabletten",B
1036707,57412,"Lamotrigin Sandoz  25, Tabletten",B
1036708,57412,"Lamotrigin Sandoz  50, Tabletten",B
1440363,57367,"Lamotrigin Zentiva 100 mg, Tabletten",B
1440364,57367,"Lamotrigin Zentiva 200 mg, Tabletten",B
1440361,57367,"Lamotrigin Zentiva 25 mg, Tabletten",B
1440360,57367,"Lamotrigin Zentiva 5 mg, Tabletten",B
1440362,57367,"Lamotrigin Zentiva 50 mg, Tabletten",B
1022210,57137,"Lamotrin-Mepha 100 mg, Tabletten",B
1022211,57137,"Lamotrin-Mepha 200 mg, Tabletten",B
1022208,57137,"Lamotrin-Mepha 25 mg, Tabletten",B
1022207,57137,"Lamotrin-Mepha 5 mg, Tabletten",B
1022209,57137,"Lamotrin-Mepha 50 mg, Tabletten",B
1512818,68591,"Lamzede 10 mg, poudre pour solution pour perfusion",A
1088108,58131,"Lansoprazol Sandoz 15, Kapseln",B
1088109,58131,"Lansoprazol Sandoz 30, Kapseln",B
1440365,57801,"Lansoprazol Zentiva 15 mg, Hartkapseln",B
1440366,57801,"Lansoprazol Zentiva 30 mg, Hartkapseln",B
1079598,57323,"Lansoprazol-Mepha 15, Kapseln",B
1079600,57323,"Lansoprazol-Mepha 30, Kapseln",B
5652,32475,"Lansoyl, Gel zum Einnehmen",D
1075132,58044,"Lantus SoloStar (Stylo prérempli), solution injectable",B
122617,55346,"Lantus, solution injectable en cartouche",B
5657,37890,"Lanvis, Tabletten",A
31087,51533,"Larifikehl D4, Hartkapseln",B
31086,51339,"Larifikehl D5, homöopathische Injektionslösung",B
31088,51531,"Larifikehl D5, Tropfen zum Einnehmen",B
1124434,60368,"Larynx comp., Globuli velati",D
1321709,63019,"Lasea, Kapseln",D
5800,30630,"Lasix 20 mg/2 mL, solution injectable",B
5802,36442,"Lasix 250 mg, solution pour perfusion",B
5804,36443,"Lasix 500 mg, comprimés",B
5803,30629,"Lasix, comprimés",B
1534348,61544,"Latanoprost Viatris, Augentropfen",B
1360416,60612,"Latanoprost-Mepha, Augentropfen",B
1232630,62696,"LatanoTim-Vision, Augentropfen",B
1624315,69723,"Latano-Vision SDU 50 μg/ml, Augentropfen, Lösung im Einzeldosisbehältnis",B
1204662,62295,"Latano-Vision, Augentropfen",B
1436876,62785,"Latuda 20 mg, Filmtabletten",B
1246710,62785,"Latuda 40 mg, Filmtabletten",B
1246711,62785,"Latuda 80 mg, Filmtabletten",B
1628809,69242,"Laurak 1000 mg, Granulat zur Herstellung einer Lösung zum Einnehmen",B
1628810,69242,"Laurak 1500 mg, Granulat zur Herstellung einer Lösung zum Einnehmen",B
1628806,69242,"Laurak 250 mg, Granulat zur Herstellung einer Lösung zum Einnehmen",B
1628807,69242,"Laurak 500 mg, Granulat zur Herstellung einer Lösung zum Einnehmen",B
1628808,69242,"Laurak 750 mg, Granulat zur Herstellung einer Lösung zum Einnehmen",B
40650,50445,"Lavasept, gebrauchsfertige Verdünnung",B
40649,50445,"Lavasept, Konzentrat",B
1328098,49798,"Laxasan, Tropfen",D
1523777,62765,"Laxipeg banane, polvere per soluzione orale",D
1523778,62765,"Laxipeg banane, polvere per soluzione orale",D
1364973,62765,"Laxipeg senza aroma, polvere per soluzione orale",D
1443924,62765,"Laxipeg senza aroma, polvere per soluzione orale",D
1365155,62765,"Laxipeg, polvere per soluzione orale",D
5853,45197,"Laxiplant soft, Granulat",D
5854,37871,"Laxoberon, Tropfen zum Einnehmen, Lösung",B/D
1637313,69751,"Lazcluze 240 mg, Filmtabletten",A
1637312,69751,"Lazcluze 80 mg, Filmtabletten",A
5862,23420,"Lebewohl flüssig, Lösung",D
1541645,10379,"Lebewohl, Hühneraugenpflaster",D
5867,21109,"Lecicarbon, Suppositorien für Erwachsene",D
5866,21109,"Lecicarbon, Suppositorien für Kinder",D
1494905,68360,"Lecigon, Gel zur intestinalen Anwendung",B
1482268,67615,"Ledaga, Gel",A
5879,29621,"Ledermix, Paste zur Anwendung in der Mundhöhle",A
1198916,61443,"Leflunomid Gebro 10 mg, Filmtabletten",A
1198917,61443,"Leflunomid Gebro 20 mg, Filmtabletten",A
1175768,61505,"Leflunomid Sandoz 10, Filmtabletten",A
1175769,61505,"Leflunomid Sandoz 20, Filmtabletten",A
1255901,62987,"Leflunomid Spirig HC 10 mg, Filmtabletten",A
1255902,62987,"Leflunomid Spirig HC 20 mg, Filmtabletten",A
1183309,62248,"Leflunomide Zentiva 10 mg, Filmtabletten",A
1183311,62248,"Leflunomide Zentiva 100 mg, Filmtabletten",A
1183310,62248,"Leflunomide Zentiva 20 mg, Filmtabletten",A
1207293,62222,"Leflunomid-Mepha 10, Filmtabletten",A
1207294,62222,"Leflunomid-Mepha 20, Filmtabletten",A
1183720,52120,"Legadyn Artischocken Leber-Galle-Dragées, Dragées",D
5883,38296,"Legalon 140, Kapseln",B
5882,38296,"Legalon 70, Kapseln",B
1005409,48080,"Legalon SIL, Durchstechflasche mit Trockensubstanz",A
1284097,63025,"Lemtrada 10 mg/ml, solution à diluer pour perfusion",A
1471080,67714,"Lenalidomid Accord 10 mg, Hartkapseln",A
1471081,67714,"Lenalidomid Accord 15 mg, Hartkapseln",A
1471077,67714,"Lenalidomid Accord 2.5 mg, Hartkapseln",A
1471082,67714,"Lenalidomid Accord 20 mg, Hartkapseln",A
1471083,67714,"Lenalidomid Accord 25 mg, Hartkapseln",A
1471078,67714,"Lenalidomid Accord 5 mg, Hartkapseln",A
1471079,67714,"Lenalidomid Accord 7.5 mg, Hartkapseln",A
1482501,68490,"Lenalidomid BMS 10 mg, Hartkapseln",A
1482502,68490,"Lenalidomid BMS 15 mg, Hartkapseln",A
1482498,68490,"Lenalidomid BMS 2,5 mg, Hartkapseln",A
1482503,68490,"Lenalidomid BMS 20 mg, Hartkapseln",A
1482504,68490,"Lenalidomid BMS 25 mg, Hartkapseln",A
1482499,68490,"Lenalidomid BMS 5 mg, Hartkapseln",A
1482500,68490,"Lenalidomid BMS 7,5 mg, Hartkapseln",A
1491445,68518,"Lenalidomid Devatis 10 mg, Hartkapseln",A
1491446,68518,"Lenalidomid Devatis 15 mg, Hartkapseln",A
1491442,68518,"Lenalidomid Devatis 2.5 mg, Hartkapseln",A
1491447,68518,"Lenalidomid Devatis 20 mg, Hartkapseln",A
1491448,68518,"Lenalidomid Devatis 25 mg, Hartkapseln",A
1491443,68518,"Lenalidomid Devatis 5 mg, Hartkapseln",A
1491444,68518,"Lenalidomid Devatis 7.5 mg, Hartkapseln",A
1447983,67456,"Lenalidomid Sandoz 10 mg, Kapseln",A
1447984,67456,"Lenalidomid Sandoz 15 mg, Kapseln",A
1447980,67456,"Lenalidomid Sandoz 2.5 mg, Kapseln",A
1447985,67456,"Lenalidomid Sandoz 20 mg, Kapseln",A
1447986,67456,"Lenalidomid Sandoz 25 mg, Kapseln",A
1447981,67456,"Lenalidomid Sandoz 5 mg, Kapseln",A
1447982,67456,"Lenalidomid Sandoz 7.5 mg, Kapseln",A
1444959,67561,"Lenalidomid Spirig HC 10 mg, Hartkapseln",A
1444960,67561,"Lenalidomid Spirig HC 15 mg, Hartkapseln",A
1444956,67561,"Lenalidomid Spirig HC 2.5 mg, Hartkapseln",A
1444961,67561,"Lenalidomid Spirig HC 20 mg, Hartkapseln",A
1444962,67561,"Lenalidomid Spirig HC 25 mg, Hartkapseln",A
1444957,67561,"Lenalidomid Spirig HC 5 mg, Hartkapseln",A
1444958,67561,"Lenalidomid Spirig HC 7.5 mg, Hartkapseln",A
1490807,68557,"Lenalidomid Viatris 10 mg, Hartkapseln",A
1490808,68557,"Lenalidomid Viatris 15 mg, Hartkapseln",A
1490804,68557,"Lenalidomid Viatris 2.5 mg, Hartkapseln",A
1490809,68557,"Lenalidomid Viatris 20 mg, Hartkapseln",A
1490810,68557,"Lenalidomid Viatris 25 mg, Hartkapseln",A
1490805,68557,"Lenalidomid Viatris 5 mg, Hartkapseln",A
1490806,68557,"Lenalidomid Viatris 7.5 mg, Hartkapseln",A
1462922,67850,"Lenalidomid Zentiva 10 mg, Hartkapseln",A
1462923,67850,"Lenalidomid Zentiva 15 mg, Hartkapseln",A
1462919,67850,"Lenalidomid Zentiva 2.5 mg, Hartkapseln",A
1462924,67850,"Lenalidomid Zentiva 20 mg, Hartkapseln",A
1462925,67850,"Lenalidomid Zentiva 25 mg, Hartkapseln",A
1462920,67850,"Lenalidomid Zentiva 5 mg, Hartkapseln",A
1462921,67850,"Lenalidomid Zentiva 7.5 mg, Hartkapseln",A
1436466,67460,"Lenalidomid-Teva 10 mg, Hartkapseln",A
1436467,67460,"Lenalidomid-Teva 15 mg, Hartkapseln",A
1436463,67460,"Lenalidomid-Teva 2.5 mg, Hartkapseln",A
1436468,67460,"Lenalidomid-Teva 20 mg, Hartkapseln",A
1436469,67460,"Lenalidomid-Teva 25 mg, Hartkapseln",A
1436464,67460,"Lenalidomid-Teva 5 mg, Hartkapseln",A
1436465,67460,"Lenalidomid-Teva 7.5 mg, Hartkapseln",A
1249822,62651,"Lens cristallina/Viscum comp. cum Stanno, Collyria",D
1304128,65512,"Lenvima 10 mg, Hartkapseln",A
1304127,65512,"Lenvima 4 mg, Hartkapseln",A
1639938,61353,"Lenzetto, transdermales Spray, Lösung",B
5978,37491,"Leponex 100 mg, Tabletten",A
5977,37491,"Leponex 25 mg, Tabletten",A
1178106,59058,"Leptospermum scoparium TM, Tropfen",D
1480586,67836,Leqvio Injektionslösung,B
1524162,67836,Leqvio Injektionslösung,B
1363890,66502,"Lercanidipin Axapharm 10mg, Filmtabletten",B
1363891,66502,"Lercanidipin Axapharm 20mg, Filmtabletten",B
1302844,65634,"Lercanidipin Sandoz 10 mg, Filmtabletten",B
1302845,65634,"Lercanidipin Sandoz 20 mg, Filmtabletten",B
1363087,66239,"Lercanidipin Spirig HC 10 mg, Filmtabletten",B
1363088,66239,"Lercanidipin Spirig HC 20 mg, Filmtabletten",B
1314838,65686,"Lercanidipin Zentiva 10 mg, Filmtabletten",B
1314839,65686,"Lercanidipin Zentiva 20 mg, Filmtabletten",B
1385968,65579,"Lercanidipin-Mepha 10 mg, Lactab",B
1385969,65579,"Lercanidipin-Mepha 20 mg, Lactab",B
1559670,68655,"Letrozol Accord 2,5 mg, Filmtabletten",B
1403329,65923,"Letrozol Devatis 2.5 mg, Filmtabletten",B
1272014,65164,"Letrozol Labatec 2.5 mg, comprimés pelliculés",B
1343289,62407,"Letrozol Sandoz, Filmtabletten",B
1560195,60883,"Letrozol Viatris, Filmtabletten",B
1449232,61501,"Letrozol Zentiva, Filmtabletten",B
1177650,60394,"Letrozol-Teva 2,5 mg, Filmtabletten",B
5986,11565,"Leucen, Zugsalbe",D
5995,48033,"Leucovorin Calcium Farmos, Tabletten",B
1113867,58499,"Leucovorin-Teva 100 mg / 10 ml, Lösung zur parenteralen Anwendung",B
1113865,58499,"Leucovorin-Teva 300 mg / 30 ml, Lösung zur parenteralen Anwendung",B
1113866,58499,"Leucovorin-Teva 50 mg / 5 ml, Lösung zur parenteralen Anwendung",B
1113864,58499,"Leucovorin-Teva 500 mg / 50 ml, Lösung zur parenteralen Anwendung",B
89001,23426,"Leukeran, Filmtabletten",A
1091261,57449,"Leuprorelin Sandoz 1 Monat, Fertigspritze mit Implantat",A
1091269,57141,"Leuprorelin Sandoz 3 Monate, Fertigspritze mit Implantat",A
1252824,61848,"Levetiracetam Desitin 100 mg/ml, Lösung zum Einnehmen",B
1252823,62069,"Levetiracetam Desitin 1000 mg, befilmtes Granulat im Beutel",B
1263393,65154,"Levetiracetam Desitin 1000 mg, Filmtabletten",B
1252821,62069,"Levetiracetam Desitin 250 mg, befilmtes Granulat im Beutel",B
1263391,65154,"Levetiracetam Desitin 250 mg, Filmtabletten",B
1252822,62069,"Levetiracetam Desitin 500 mg, befilmtes Granulat im Beutel",B
1263392,65154,"Levetiracetam Desitin 500 mg, Filmtabletten",B
1253554,62616,"Levetiracetam Desitin 500 mg/5 mL, Konzentrat zur Herstellung einer Infusionslösung",B
1185046,62088,"Levetiracetam Sandoz 1000 mg, Filmtabletten",B
1424118,67229,"Levetiracetam Sandoz 100mg/mL, Lösung",B
1185044,62088,"Levetiracetam Sandoz 250 mg, Filmtabletten",B
1185045,62088,"Levetiracetam Sandoz 500 mg, Filmtabletten",B
1604285,69095,"Levetiracetam Spirig HC 100 mg/ml, Lösung zum Einnehmen",B
1353670,66426,"Levetiracetam Spirig HC 1000 mg, Filmtabletten",B
1626796,69306,"Levetiracetam Spirig HC 1000 mg, Filmtabletten",B
1353668,66426,"Levetiracetam Spirig HC 250 mg, Filmtabletten",B
1626794,69306,"Levetiracetam Spirig HC 250 mg, Filmtabletten",B
1626795,69306,"Levetiracetam Spirig HC 500 mg, Filmtabletten",B
1509124,61516,"Levetiracetam Zentiva 1000mg, Filmtabletten",B
1509122,61516,"Levetiracetam Zentiva 250mg, Filmtabletten",B
1509123,61516,"Levetiracetam Zentiva 500mg, Filmtabletten",B
1549818,61651,"Levetiracetam-Mepha 1000 mg, Filmtabletten",B
1549815,61651,"Levetiracetam-Mepha 250 mg, Filmtabletten",B
1549816,61651,"Levetiracetam-Mepha 500 mg, Filmtabletten",B
1234836,62615,"Levetiracetam-Mepha 500 mg/5 ml, Konzentrat zur Herstellung einer Infusionslösung",B
1549817,61651,"Levetiracetam-Mepha 750 mg, Filmtabletten",B
1124441,60317,"Levico comp., Solutio ad injectionem",B
27019,59506,"Levico D1, Dilutio",D
1323402,59506,"Levico D1, Dilutio",D
1118237,59989,"Levico D3, Ampullen",B
1353311,66203,"Levina 20, Filmtabletten",B
1291510,65239,"Levina 30, Dragees",B
1541703,68648,"Levina 30, Filmtabletten",B
1613152,69413,"Levocalm 30 mg / 5 ml, Sirup",D
1215150,62522,"Levocetirizin Sandoz 5mg, Filmtabletten",B
1501189,62920,"Levocetirizin Spirig HC 5 mg, Filmtabletten",D
1221732,62519,"Levocetirizin-Mepha, Filmtabletten",D
1442052,67795,"Levocet-Mepha Allergie, Filmtablette",D
1488380,68472,"Levodopa / Benserazid Devatis 125 mg (100 mg + 25 mg), Tabletten",B
1488381,68472,"Levodopa / Benserazid Devatis 250 mg (200 mg + 50 mg), Tabletten",B
1488379,68472,"Levodopa / Benserazid Devatis 62.5 mg (50 mg + 12.5 mg), Tabletten",B
1181104,62207,"Levofloxacin Fresenius i.v. 500 mg/100 ml, Infusionslösung",A
1127663,59085,"Levofloxacin Sandoz 250, Filmtabletten",A
1127665,59085,"Levofloxacin Sandoz 500, Filmtabletten",A
1498267,60245,"Levofloxacin-Mepha Teva 250 mg, Filmtabletten",A
1498268,60245,"Levofloxacin-Mepha Teva 500 mg, Filmtabletten",A
1317548,65656,"Levomin 20, Filmtabletten",B
1315608,61337,"Levomin 30, Filmtabletten",B
1335912,66260,"Levonesse, Tabletten",B
1302744,65364,"Levonorgestrel Sandoz, Tablette",B
1510507,68453,"Levosert One, Intrauterines Wirkstofffreisetzungssystem",B
1294467,65444,"Levosert, Intrauterines Wirkstofffreisetzungssystem",B
6046,38294,"Lexotanil 1,5, Tabletten",B
6047,38294,"Lexotanil 3, Tabletten",B
6048,38294,"Lexotanil 6, Tabletten",B
1298360,54088,"Liberol Baby, Salbe",D
1629552,54088,"Liberol Kids, Salbe",D
6055,28275,"Librax, Filmtabletten",B
1006904,41495,"Librocol, compresse rivestite",B
1445481,67094,"Libtayo 350 mg/7 ml, solution à diluer pour perfusion",A
26957,59298,"Lichenes comp., Sirup",D
1357531,66523,"Lidazon chlorhexidine et lidocaine spray, solution",D
34011,44036,"Lidazon liquide, solution buccale",D
1314143,50564,"Lidocain 2% Streuli ad us. vet., Injektionslösung",B
24663,50872,"Lidocain C02 2 % Sintetica, solution injectable",B
70356,53570,"Lidocain HCl Bichsel 10 mg/ml, Injektionslösung",B
1230320,53570,"Lidocain HCl Bichsel 10 mg/ml, Injektionslösung",B
1230321,53570,"Lidocain HCl Bichsel 20 mg/ml, Injektionslösung",B
70355,53570,"Lidocain HCl Bichsel 5 mg/ml, Injektionslösung",B
1621722,69441,"Lidocain Leman, gel",B
70287,30015,"Lidocain Streuli Ampullen 10 mg/ml, Injektionslösung",B
1230324,30015,"Lidocain Streuli Ampullen 10 mg/ml, Injektionslösung",B
1230325,30015,"Lidocain Streuli Ampullen 10 mg/ml, Injektionslösung",B
70288,30015,"Lidocain Streuli Ampullen 20 mg/ml, Injektionslösung",B
1230323,30015,"Lidocain Streuli Ampullen 20 mg/ml, Injektionslösung",B
6058,30015,"Lidocain Streuli Durchstechflaschen 10 mg/ml, Injektionslösung",B
6059,30015,"Lidocain Streuli Durchstechflaschen 20 mg/ml, Injektionslösung",B
59740,53905,"Lifo-Scrub, Lösung",D
92055,33354,"Limbitrol, Hartkapsel",B
1504086,68275,"Lina Gynial 0,120 mg / 0,015 mg pro 24 Stunden, Vaginales Wirkstofffreisetzungssystem",B
1504087,68275,"Lina Gynial 0,120 mg / 0,015 mg pro 24 Stunden, Vaginales Wirkstofffreisetzungssystem",B
1323841,66252,"Linezolid Pfizer 2 mg/mI, lnfusionslösung",A
1323840,66250,"Linezolid Pfizer 20 mg/ml, Granulat zur Herstellung einer Suspension zum Einnehmen",A
1323839,66253,"Linezolid Pfizer 600 mg, Filmtabletten",A
1292157,65446,"Linezolid Sandoz 600 mg, Filmtabletten",A
1186334,24749,"Linoforce, Granulat",D
6173,42408,"Linola Fett, Emulsion zur Anwendung auf der Haut",D
1347514,42407,"Linola, Emulsion zur Anwendung auf der Haut",D
1198637,55851,"Linomed, Granulat",B
1417334,55851,"Linomed, Granulat",D
6178,36083,"Lioresal 10 mg, Tabletten",B
6179,36083,"Lioresal 25 mg, Tabletten",B
1006329,52535,"Lioresal intrathecal 0,05 mg/1 mL, Ampullen",B
42859,52535,"Lioresal intrathecal 10 mg/20 mL, Ampullen",B
42858,52535,"Lioresal intrathecal 10 mg/5 mL, Ampullen",B
58452,50476,"Lioton 1000, Gel",D
1605925,47167,"Lipactin, Gel",D
1306309,52620,"Lipanthyl 200 M, Kapseln",B
1013465,52620,"Lipanthyl 267 M, Kapseln",B
6184,30274,"Lipiodol Ultra-fluide, Injektionslösung",B
6186,40416,"Lipo Sol Lotion Widmer, Lösung",D
1111486,58387,"Liposic Fluid UD, Augengel",D
1098489,58179,"Liposic, Augengel",D
1180909,15159,"Liquemin 25'000 I.E. / 5 ml, Injektions-/Infusionslösung",B
1614491,69031,"Lisdexamfetamin Spirig HC 20 mg, Hartkapseln",A
1614492,69031,"Lisdexamfetamin Spirig HC 30 mg, Hartkapseln",A
1614493,69031,"Lisdexamfetamin Spirig HC 40 mg, Hartkapseln",A
1614494,69031,"Lisdexamfetamin Spirig HC 50 mg, Hartkapseln",A
1614495,69031,"Lisdexamfetamin Spirig HC 60 mg, Hartkapseln",A
1614496,69031,"Lisdexamfetamin Spirig HC 70 mg, Hartkapseln",A
1102383,58768,"Lisinopril axapharm 10 mg, Tabletten",B
1102384,58768,"Lisinopril axapharm 20 mg, Tabletten",B
1102382,58768,"Lisinopril axapharm 5 mg, Tabletten",B
1440367,56901,"Lisinopril HCT Zentiva 10mg/12,5mg, Tabletten",B
1440368,56901,"Lisinopril HCT Zentiva 20mg/12,5mg, Tabletten",B
1336145,56903,"Lisinopril Spirig HC 10 mg, Tabletten",B
1336146,56903,"Lisinopril Spirig HC 20 mg, Tabletten",B
1336144,56903,"Lisinopril Spirig HC 5 mg, Tabletten",B
1440370,56905,"Lisinopril Zentiva 10 mg, Tabletten",B
1440371,56905,"Lisinopril Zentiva 20 mg, Tabletten",B
1440369,56905,"Lisinopril Zentiva 5 mg, Tabletten",B
1163653,56777,"Lisinopril-Mepha 10, Tabletten",B
1163654,56777,"Lisinopril-Mepha 20, Tabletten",B
1163652,56777,"Lisinopril-Mepha 5, Tabletten",B
1002560,56061,"Lisitril  5, Tabletten",B
1002564,56061,"Lisitril 10, Tabletten",B
1002568,56061,"Lisitril 20, Tabletten",B
1014008,56061,"Lisitril 30, Tabletten",B
1008578,56748,"Lisitril comp. 10/12.5, Tabletten",B
1008579,56748,"Lisitril comp. 20/12.5, Tabletten",B
81832,55172,"Litak 10, Injektions- / Infusionslösung",A
40060,52958,"Litalir, Hartkapseln",A
1626155,69695,"Litfulo 50 mg, Hartkapseln",B
6208,38061,"Lithiofor, comprimés à libération prolongée",A
6212,45682,"Liv 52 Tabletten, ayurvedisches Arzneimittel",D
1215291,62329,"Livazo 1 mg, Filmtabletten",B
1215292,62329,"Livazo 2 mg, Filmtabletten",B
1215293,62329,"Livazo 4 mg, Filmtabletten",B
60703,49504,"Livial, Tabletten",B
29323,50496,"Livostin Augentropfen, Augentropfensuspension",D
29324,50497,"Livostin Nasenspray, Suspension",D
1633047,69979,"LIVSANE Ibu Liquid Caps 400, Weichkapseln",D
1633045,69978,"LIVSANE lbu-L Forte 400, Filmtabletten",D
1550920,68492,"Livtencity 200 mg, Filmtabletten",A
1291513,65149,"Lixiana 15 mg, Filmtabletten",B
1291514,65149,"Lixiana 30 mg, Filmtabletten",B
1291515,65149,"Lixiana 60 mg, Filmtabletten",B
1450992,67494,"Lixim Patch, wirkstoffhaltiges Pflaster",D
1329800,51281,"Loceryl, Nagellack",B
38383,52585,"Locoid Crelo, Emulsion",B
6307,36481,"Locoid, Creme",B
6330,48625,"Lodine 300 mg, Filmtabletten",B
32699,51181,"Lodine retard 600 mg, Filmtabletten",B
1187940,60494,"Lodotra 1 mg, Tabletten mit veränderter Wirkstofffreisetzung",B
1187941,60494,"Lodotra 2 mg, Tabletten mit veränderter Wirkstofffreisetzung",B
1187942,60494,"Lodotra 5 mg, Tabletten mit veränderter Wirkstofffreisetzung",B
125078,56222,"Lodoz 10 mg, Filmtabletten",B
125075,56222,"Lodoz 2,5 mg, Filmtabletten",B
125076,56222,"Lodoz 5 mg, Filmtabletten",B
34312,52238,"Logimax 10/100 mg, Retardtabletten",B
34311,52238,"Logimax 5/50 mg, Retardtabletten",B
1354663,66219,"Lonsurf 15 mg / 6.14 mg, comprimés pelliculés",A
1354662,66219,"Lonsurf 20 mg / 8.19 mg, comprimés pelliculés",A
1561824,67096,"Loperamid lingual Spirig HC, Schmelztabletten",B/D
1150364,61295,"Loperamid Sandoz, Kapseln",B/D
1304136,65877,"Loperamid Spirig HC 2 mg, Filmtabletten",B/D
1299491,53686,Loperamid Streuli 2 mg,B/D
39661,52965,"Loperamid-Mepha 2, Lactab",B/D
1499089,68325,"Loperamid-Mepha lingual 2 mg, Schmelztabletten",D
1422690,66973,"Loperam-X lingual, Schmelztablette",D
1183983,57517,"Lorado Pollen Sandoz, Tabletten",D
1043035,57747,"Lora-Mepha Allergie, Tabletten",D
6667,43154,"Loramet 1,0, Tabletten",B
6668,43154,"Loramet 2,0, Tabletten",B
1042557,56870,"Loratadin Sandoz, Tabletten",D
1625000,57209,"Loratadin-Mepha, Tabletten",D
1624338,69947,"Lorazepam axapharm 1 mg, Tabletten",B
1624339,69947,"Lorazepam axapharm 2.5 mg, Tabletten",B
1624340,69682,"Lorazepam Spirig HC 1 mg, Tabletten",B
1624341,69682,"Lorazepam Spirig HC 2.5 mg, Tabletten",B
1440465,66941,"Lorviqua 100 mg, Filmtabletten",A
1440466,66941,"Lorviqua 25 mg, Filmtabletten",A
1138307,58981,"Losartan axapharm 100 mg, Filmtabletten",B
1138306,58981,"Losartan axapharm 50 mg, Filmtabletten",B
1440373,61314,"Losartan HCT Zentiva 100/12.5 mg, Filmtabletten",B
1440374,61314,"Losartan HCT Zentiva 100/25 mg, Filmtabletten",B
1440372,61314,"Losartan HCT Zentiva 50/12.5 mg, Filmtabletten",B
1128419,58293,"Losartan Sandoz 100 mg, Filmtabletten",B
1128416,58293,"Losartan Sandoz 50 mg, Filmtabletten",B
1440377,60234,"Losartan Zentiva 100 mg, Filmtabletten",B
1440376,60234,"Losartan Zentiva 50 mg, Filmtabletten",B
1255765,58787,"Losartan-HCT-Mepha 100 mg/12.5 mg, Filmtabletten",B
1255766,58787,"Losartan-HCT-Mepha 100 mg/25 mg, Filmtabletten",B
1255764,58787,"Losartan-HCT-Mepha 50 mg/12.5 mg, Filmtabletten",B
1255763,58764,"Losartan-Mepha 100 mg, Filmtabletten",B
1255762,58764,"Losartan-Mepha 50 mg, Filmtabletten",B
1283813,65042,"L-Polamidon 5 mg/mL, Lösung zum Einnehmen",A
42950,40501,"Lubex, Hautwaschemulsion",D
26695,49416,"Lubexyl, Suspension",D
1272134,57664,"Lucentis, Injektionslösung zur intravitrealen Injektion in Durchstechflasche",B
1304572,57664,"Lucentis, Injektionslösung zur intravitrealen Injektion in Durchstechflasche",B
1260028,63277,"Lucentis, Injektionslösung zur intravitrealen Injektion in Fertigspritze",B
1012213,54231,"Lucrin Depot 3 Monate, Pulver und Lösungsmittel zur Herstellung einer Depot-Injektionssuspension in einer Fertigspritze",A
1147574,58805,"Lucrin Depot 6 Monate, Pulver und Lösungsmittel zur Herstellung einer Depot-Injektionssuspension in einer Fertigspritze",A
1012212,51903,"Lucrin Depot, Pulver und Lösungsmittel zur Herstellung einer Depot-Injektionssuspension in einer Fertigspritze",A
34676,52492,"Luffa comp.-Heel, Nasenspray",D
34677,52680,"Luffa-Lobelia comp. Heel, Tabletten",D
1130431,59341,"Lukair 10 mg, Filmtabletten",B
1130432,59343,"Lukair 4 mg, Granulat",B
1130433,59342,"Lukair 4 mg, Kautabletten",B
1130434,59342,"Lukair 5 mg, Kautabletten",B
1249263,63092,"Lumigan 0,3 mg/ml Unit Dose, Augentropfen",B
1147050,55918,"Lumigan, 0.1 mg/ml, Augentropfen",B
1498492,67796,"Lundeos, Weichkapseln",B
1523535,68314,"Lunsumio 1 mg/1 ml, Konzentrat zur Herstellung einer Infusionslösung",A
1523536,68314,"Lunsumio 30 mg/30 ml, Konzentrat zur Herstellung einer Infusionslösung",A
1539271,68697,"Lupkynis 7,9 mg, Weichkapsel",B
1374219,57475,"Lur, Shampoo",B
6735,47366,"Lutrelef 3,2 mg, Injektionspräparat",B
119748,55430,"Luveris 75 IE, Pulver und Lösungsmittel zur Herstellung einer Injektionslösung",A
1316748,66124,"Luvit D3 zur Prophylaxe, Lösung zum Einnehmen",D
1316749,66124,"Luvit D3 zur Therapie, Lösung zum Einnehmen",B
6767,8910,"Luvos Heilerde 1 zum Einnehmen, Pulver",E
6768,8911,"Luvos Heilerde 2 äusserlich, Pulver für Umschläge",D
6769,8909,"Luvos Heilerde Ultra zum Einnehmen, Pulver",E
1124448,60311,"Lycopodium comp., Globuli velati",D
1124447,60357,"Lycopodium comp., Injektionslösung (s.c.)",B
1507394,68065,"Lyfnua, Filmtabletten",B
1473912,52855,"Lyman 200'000 forte, Emgel",D
1473176,55744,"Lyman 40'000 Mono, Spray",D
1466738,52854,"Lyman 50'000, Emgel",D
1473913,45564,"Lyman-200'000 forte, Gel",D
6786,43511,"Lyman-200'000 forte, Salbe",D
1466739,45563,"Lyman-50'000, Gel",D
6781,41560,"Lyman-50'000, Salbe",D
1394261,66745,"Lynparza 100 mg, Filmtabletten",A
1394260,66745,"Lynparza 150 mg, Filmtabletten",A
1013169,57057,"Lyrica 100 mg, Hartkapseln",B
1013158,57057,"Lyrica 150 mg, Hartkapseln",B
1013159,57057,"Lyrica 200 mg, Hartkapseln",B
1013155,57057,"Lyrica 25 mg, Hartkapseln",B
1013160,57057,"Lyrica 300 mg, Hartkapseln",B
1013156,57057,"Lyrica 50 mg, Hartkapseln",B
1013157,57057,"Lyrica 75 mg, Hartkapseln",B
126433,57346,"Lysodren, Tabletten",A
1628811,69714,"Lytgobi 4 mg, Filmtabletten",A
1461327,67794,"Lyumjev 100 units/mL KwikPen, solution injectable",B
1461325,67550,"Lyumjev 100 units/mL, solution pour injection",B
1461326,67793,"Lyumjev cartouches 100 units/mL, solution injectable",B
1098021,54378,"MabThera 100 mg/10 ml, Konzentrat zur Herstellung einer Infusionslösung",A
58398,54378,"MabThera 500 mg/50 ml, Konzentrat zur Herstellung einer Infusionslösung",A
1324437,65813,"MabThera subkutan 1400 mg/11.7 ml, Lösung zur subkutanen Injektion",A
1383776,65813,"MabThera subkutan 1600 mg/13.4 ml, Lösung zur subkutanen Injektion",A
1272990,65061,"Macrogol Sandoz, Pulver für orale Lösung",B
1506196,66519,"Macrogol Spirig HC Junior, Pulver zur Herstellung einer Lösung zum Einnehmen",B
1506195,66519,"Macrogol Spirig HC, Pulver zur Herstellung einer Lösung zum Einnehmen",B
1277877,65426,"Macrogol-Mepha (13.8 g), Pulver zum Herstellen einer Lösung zum Einnehmen",B
1277872,65426,"Macrogol-Mepha (6.9 g) Junior, Pulver zum Herstellen einer Lösung zum Einnehmen",B
1189277,61334,"Madinette, Filmtabletten",B
6884,38096,"Madopar 125, Kapseln",B
6885,43593,"Madopar 125, Tabletten",B
6887,43593,"Madopar 250, Tabletten",B
6883,38096,"Madopar 62.5, Kapseln",B
56931,53493,"Madopar DR, Tabletten",B
42612,52377,"Madopar LIQ 125, Tabletten zur Herstellung einer Suspension zum Einnehmen",B
42611,52377,"Madopar LIQ 62.5, Tabletten zur Herstellung einer Suspension zum Einnehmen",B
6957,27481,"Magnesia San Pellegrino, poudre effervescente avec arôme",D
6959,27481,"Magnesia San Pellegrino, poudre effervescente sans arôme",D
6956,10574,"Magnesia San Pellegrino, poudre sans arôme",D
1632136,53210,"Magnesiocard 10 Berry, Granulat zur Herstellung einer Lösung zum Einnehmen",B
50276,53210,"Magnesiocard 10 Grapefruit, Granulat zur Herstellung einer Lösung zum Einnehmen",B
88220,53210,"Magnesiocard 10 Orange, Granulat zur Herstellung einer Lösung zum Einnehmen",B
47559,45730,"Magnesiocard 2,5, Filmtabletten",B
1211917,45726,"Magnesiocard 5 Citron, Granulat zur Herstellung einer Lösung zum Einnehmen",B
64650,45726,"Magnesiocard 5 Orange, Granulat zur Herstellung einer Lösung zum Einnehmen",B
47571,51458,"Magnesiocard 7.5, Brausetabletten",B
6980,45728,"Magnesiocard, Injektionslösung i.v.",B
106201,50065,"Magnesiocard, Konzentrat zur Herstellung einer Infusionslösung",B
1124449,60312,"Magnesit/Mamma comp., Injektionslösung (s.c.)",B
1274735,53889,"Magnesium Biomed, Brausetabletten",D
6987,50143,"Magnesium Biomed, Filmtabletten",D
6986,47413,"Magnesium Biomed, Granulat zur Herstellung einer Lösung zum Einnehmen",D
1118360,59598,"Magnesium phosphoricum acidum D6, Injektionslösung (s.c.)",B
1124451,60318,"Magnesium phosphoricum comp., Solutio ad injectionem",B
1375916,60038,"Magnesium Sandoz 243, Brausetabletten",D
1369129,56725,"Magnesium Sandoz, Brausetabletten",D
1474946,68031,"Magnesium-Diasporal 100 CitraCaps, Kapseln",B
1266429,26000,"Magnesium-Diasporal 100, Lutschtabletten",D
1191502,61881,"Magnesium-Diasporal 300 zuckerfrei, Granulat",B
6993,50084,"Magnesium-Diasporal 300, Granulat",B
1005582,56394,"Magnesiumsulfat Bichsel 10%, Injektionslösung",B
1005583,56394,"Magnesiumsulfat Bichsel 20%, Injektionslösung",B
1238004,60316,"Majorana/Thuja comp., Vaginalgel",D
1163588,39255,"Makatussin Comp., Hustensirup",B
98688,55274,"Makatussin, Hustentropfen",B
125402,54150,"Malarone Junior, Filmtabletten",A
56337,54150,"Malarone, Filmtabletten",A
35339,46538,"Maltofer Fol, Kautabletten",D
1018949,55363,"Maltofer, Filmtabletten",D
1005492,46537,"Maltofer, Kautabletten",D
43597,30124,"Maltofer, Sirup",D
43598,38593,"Maltofer, Tropfen zum Einnehmen",D
28149,60364,"Malva comp., Oleum",D
7097,11275,"Malveol, émulsion buccale",D
1118368,59987,"Mandragora comp., Ampullen (s.c.)",B
27023,59525,"Mandragora comp., Dilutio",D
31848,31754,"Mannitol 20 % Braun, Infusionslösung",B
1219058,31754,"Mannitol 20 % Braun, Infusionslösung",B
118941,36796,"Mannitol Bichsel 10 %, Infusionslösung",B
7136,36796,"Mannitol Bichsel 20 %, Infusionslösung",B
1484497,36796,"Mannitol Bichsel 20 %, Infusionslösung",B
1222143,42414,"Marament N, Emulsion",D
7157,19395,"Marcoumar, Tabletten",A
1118394,59986,"Marmor D6/Stibium D6 aa, Injektionslösung (s.c.)",B
1407709,66831,"Mavenclad 10 mg, Tabletten",A
1450993,67684,"Mavi Gynial, Filmtabletten",B
1457759,67684,"Mavi Gynial, Filmtabletten",B
1365916,66472,Maviret Filmtabletten,A
93121,54590,"Maxalt 10 mg, Tabletten",B
93122,54590,"Maxalt 5 mg, Tabletten",B
93119,54591,"Maxalt lingual 10 mg, Schmelztabletten",B
93120,54591,"Maxalt lingual 5 mg, Schmelztabletten",B
7264,30058,"Maxidex, Augentropfensuspension",A
7265,31566,"Maxitrol, Augensalbe",A
7266,31567,"Maxitrol, Augentropfen",A
1453969,67230,"Mayzent 0.25 mg, Filmtabletten",B
1602192,67230,"Mayzent 1.00 mg, Filmtabletten",B
1453970,67230,"Mayzent 2.00 mg, Filmtabletten",B
1624282,69518,"Mebucaïne Dolo Honig-Zitrone 8.75 mg, Lutschtabletten",D
1558470,69044,"Mebucaïne Dolo Spray 8.75 mg, Spray zur Anwendung in der Mundhöhle",D
1506026,67880,"Mebucaïne Dolo, Lutschtablette",D
1545448,46861,"Mebucaïne Extra Spray, Spray zur Anwendung in der Mundhöhle",D
1555868,46863,"Mebucaïne Extra, Lutschtabletten",D
1369744,66256,"Mebucaïne N, Lutschtabletten",D
1199010,62301,"Mebu-cherry, Lutschtabletten",D
1199011,62302,"Mebu-lemon, Lutschtabletten",D
1015591,37979,"Mediaven 10 mg, Filmtabletten",B
1015593,37979,"Mediaven forte 30 mg, Filmtabletten",B
100815,55097,Medibudget Abführdragées Bisacodyl,D
1023825,56846,"Medikinet 10 mg, Tabletten",A
1036168,56846,"Medikinet 20 mg, Tabletten",A
1036167,56846,"Medikinet 5 mg, Tabletten",A
1038019,56847,"Medikinet MR 10 mg, Kapseln",A
1038020,56847,"Medikinet MR 20 mg, Kapseln",A
1119113,56847,"Medikinet MR 30 mg, Kapseln",A
1119114,56847,"Medikinet MR 40 mg, Kapseln",A
1318886,56847,"Medikinet MR 5 mg, Kapseln",A
7401,24785,"Medrol 100 mg, Tabletten",B
7399,24785,"Medrol 16 mg, Tabletten",B
7400,24785,"Medrol 32 mg, Tabletten",B
7398,24785,"Medrol 4 mg, Tabletten",B
7405,49392,"Mefenacid 125 mg, Suppositorien",B
7406,49392,"Mefenacid 500 mg, Suppositorien",B
1119900,49390,"Mefenacid, Filmtabletten",B
1141823,55388,"Mefenaminsäure Sandoz 500, Filmtabletten",B
1315605,65883,"Mekinist 0.5 mg, Filmtabletten",A
1315606,65883,"Mekinist 2 mg, Filmtabletten",A
1556099,69134,"Mekinist 4.7 mg, Pulver zur Herstellung einer Lösung zum Einnehmen",A
1427106,66907,"Mektovi 15 mg, Filmtabletten",A
1637464,66907,"Mektovi 45 mg, Filmtabletten",A
1186470,50068,"Melaleuka-Pur, Flüssigkeit",D
1490361,68623,"Melatonin Neurim, Retardtabletten",B
1521715,68968,"Melatonin Spirig HC retard 2 mg, Retardtabletten",B
1555610,68841,"Melatonin Zentiva 2 mg, Retardtabletten",B
1511007,68681,"Melatonin-Mepha 2 mg, Retardtabletten",B
1022673,57419,"Meliane 21, Dragées",B
7452,44714,"Melix, compresse",B
1560197,69463,"Mellozzan 0,5 mg, Tabletten",B
1560199,69463,"Mellozzan 2 mg, Tabletten",B
1560200,69463,"Mellozzan 3 mg, Tabletten",B
1560202,69463,"Mellozzan 5 mg, Tabletten",B
1484555,68196,"Melphalan Ideogen 50 mg, Pulver und Lösungsmittel zur Herstellung einer Injektions-/Infusionslösung",A
1281745,65207,"Memantin Sandoz 10 mg, Filmtabletten",B
1281746,65207,"Memantin Sandoz 20 mg, Filmtabletten",B
1296103,65287,"Memantin Zentiva 10 mg, Filmtabletten",B
1296104,65287,"Memantin Zentiva 20 mg, Filmtabletten",B
1620276,65181,"Memantin-Mepha Teva 10 mg, Filmtabletten",B
1620277,65181,"Memantin-Mepha Teva 20 mg, Filmtabletten",B
1620275,65181,"Memantin-Mepha Teva 5 mg, 10 mg, 15 mg, 20 mg, Filmtabletten",B
1169353,60371,"Menopur Multidose 1200 I.U., Pulver und Lösungsmittel zur Herstellung einer Injektionslösung",A
1477492,60371,"Menopur Multidose 1200 I.U., Pulver und Lösungsmittel zur Herstellung einer Injektionslösung",A
1169352,60371,"Menopur Multidose 600 I.U., Pulver und Lösungsmittel zur Herstellung einer Injektionslösung",A
1477491,60371,"Menopur Multidose 600 I.U., Pulver und Lösungsmittel zur Herstellung einer Injektionslösung",A
1484557,68020,"Menopur Multidose Pen 1200 IU, Injektionslösung im Fertigpen",A
1484556,68020,"Menopur Multidose Pen 600 IU, Injektionslösung im Fertigpen",A
121281,55763,"Menopur, Pulver und Lösungsmittel zur Herstellung einer Injektionslösung",A
1488116,61664,"Menosan Salvia, Tabletten",D
1517054,68221,"MenQuadfi, solution injectable",B
1209928,62502,"Menveo, Pulver und Lösung (Durchstechflaschen)",B
1046100,57787,"Mephadolor 500 Neo, Filmtabletten",B
8248,31890,"Mephameson 4 mg/ml, Injektionslösung",B
8250,31890,"Mephameson 50 mg/3 ml, Injektionslösung",B
8249,31890,"Mephameson 8 mg/2 ml, Injektionslösung",B
8253,47385,"Mephaquin, Filmtabletten",A
126526,48352,"Mepivacain Sintetica 10 mg/ml, soluzione iniettabile",B
126527,48352,"Mepivacain Sintetica 15 mg/ml, soluzione iniettabile",B
8255,48352,"Mepivacain Sintetica 20 mg/ml, soluzione iniettabile",B
8268,49781,"Mercilon, Tabletten",B
1368798,59633,"Mercurialis perennis D3, Augentropfen",D
1250615,60365,"Mercurialis/Rosae aetheroleum, Collyria",D
1118617,59614,"Mercurius vivus naturalis D6, Ampullen",B
1118618,59614,"Mercurius vivus naturalis D6, Ampullen",B
26909,59756,"Mercurius vivus naturalis D6, Tabletten",B
1615772,51682,"Merfen Classic, solution pour application cutanée",D
1481975,67770,"Merfen Octénidine, gel",D
1481974,67760,"Merfen Octénidine, spray pour plaies",D
28849,51682,"Merfen, solution pour application cutanée",D
1390590,57479,"Meridol perio Chlorhexidin Lösung 0.2%, Lösung zur Anwendung in der Mundhöhle",D
1187442,61261,"Merional HG 150 I.U., polvere e solvente per soluzione iniettabile i.m, s.c (siringa preriempita con solvente)",A
1187443,61261,"Merional HG 75 I.U., polvere e solvente per soluzione iniettabile i.m, s.c (siringa preriempita con solvente)",A
1515377,68570,"Merional HG 900 I.E. Multidose, polvere e soluzione per soluzione iniettabile",A
43582,53105,"Meronem 1 g, Pulver zur Herstellung einer Injektions-/Infusionslösung",A
43584,53105,"Meronem 500 mg, Pulver zur Herstellung einer Injektions-/Infusionslösung",A
1193121,62419,"Meropenem Fresenius i.v. 1 g, Pulver zur Herstellung einer Injektions-/Infusionslösung",A
1193120,62419,"Meropenem Fresenius i.v. 500 mg, Pulver zur Herstellung einer Injektions-/Infusionslösung",A
1143691,59463,"Meropenem Labatec i.v. 1 g, poudre pour injection ou perfusion",A
1143690,59463,"Meropenem Labatec i.v. 500 mg, poudre pour injection ou perfusion",A
80583,56387,"Mestinon retard, Tabletten",B
10007,19943,"Mestinon, Dragées",B
10008,19945,"Mestinon, Tabletten",B
1283706,58043,"Metacam 0.5 mg/ml ad us. vet., orale Suspension",B
1283707,57710,"Metacam 1 mg ad us. vet., Kautabletten",B
1014071,52802,"Metacam 1.5 mg / ml ad us.vet., Suspension",B
1362355,56764,"Metacam 15mg/ml ad us.vet., Suspension",B
1283709,57710,"Metacam 2.5 mg ad us. vet., Kautabletten",B
10009,49331,"Metaginkgo, Tropfen zum Einnehmen",D
26031,51190,"Metaheptachol, Tropfen zum Einnehmen",D
1000355,55418,"Metalyse 10'000 U, Injektionspräparat",B
1646312,69958,"Metalyse 5'000 U, Pulver zur Herstellung einer Injektionslösung",B
1309469,65455,"Metamizol Spirig HC 500 mg, Tabletten",B
1363114,65234,"Metamizol Spirig HC 500 mg/ml, Tropfen zum Einnehmen",B
1402339,66998,"Metamizol-Mepha 500 mg, Tablette",B
78937,55112,"Metamucil N Mite orange, poudre",D
1098398,55112,"Metamucil N Mite orange, poudre",D
10021,17387,"Metamucil Regular, poudre orale",D
124074,47688,"Metaneuron N, Tropfen zum Einnehmen",D
128342,50660,"Metaossylen N, Tropfen zum Einnehmen",D
51797,53671,"Metasinusit, Tropfen zum Einnehmen",D
10029,44508,"Metavirulent, Tropfen zum Einnehmen",D
1323613,55351,"Metfin 1000, Filmtabletten",B
1323611,55351,"Metfin 500, Filmtabletten",B
1323612,55351,"Metfin 850, Filmtabletten",B
1631028,69689,"Metformin axapharm 1000 mg, Filmtabletten",B
1631026,69689,"Metformin axapharm 500 mg, Filmtabletten",B
1631027,69689,"Metformin axapharm 850 mg, Filmtabletten",B
1509468,68510,"Metformin Spirig HC 1000 mg, Filmtabletten",B
1509466,68510,"Metformin Spirig HC 500 mg, Filmtabletten",B
1509467,68510,"Metformin Spirig HC 850 mg, Filmtabletten",B
1439337,60232,"Metformin Zentiva 1000 mg, Filmtabletten",B
1613533,68223,"Metformin Zentiva 1000 mg, Filmtabletten",B
1439335,60232,"Metformin Zentiva 500 mg, Filmtabletten",B
1613531,68223,"Metformin Zentiva 500 mg, Filmtabletten",B
1439336,60232,"Metformin Zentiva 850 mg, Filmtabletten",B
1613532,68223,"Metformin Zentiva 850 mg, Filmtabletten",B
1246564,57950,"Metformin-Mepha 1000 mg, Filmtabletten",B
1246562,57950,"Metformin-Mepha 500 mg, Filmtabletten",B
1246563,57950,"Metformin-Mepha 850 mg, Filmtabletten",B
1546731,69406,"Methaddict 80 mg, Tabletten",A
126529,56542,"Methadon Sintetica 10 mg, soluzione iniettabile",A
1117441,56552,"Methadon Streuli 10 mg/ml, Tropfen zum Einnehmen",A
10031,34383,"Methadon Streuli, Injektionslösung (s.c., i.m., i.v.)",A
10033,34385,"Methadon Streuli, Tabletten",A
1473397,68244,"Methotrexat Accord 10 mg/0.2 ml, Injektionslösung im Fertiginjektor",A
1395297,66780,"Methotrexat Accord 10 mg/0.2 ml, Injektionslösung in einer Fertigspritze",A
1473398,68244,"Methotrexat Accord 12.5 mg/0.25 ml, Injektionslösung im Fertiginjektor",A
1395298,66780,"Methotrexat Accord 12.5 mg/0.25 ml, Injektionslösung in einer Fertigspritze",A
1473399,68244,"Methotrexat Accord 15 mg/0.3 ml, Injektionslösung im Fertiginjektor",A
1395299,66780,"Methotrexat Accord 15 mg/0.3 ml, Injektionslösung in einer Fertigspritze",A
1473400,68244,"Methotrexat Accord 17.5 mg/0.35 ml, Injektionslösung im Fertiginjektor",A
1395300,66780,"Methotrexat Accord 17.5 mg/0.35 ml, Injektionslösung in einer Fertigspritze",A
1473401,68244,"Methotrexat Accord 20 mg/0.4 ml, Injektionslösung im Fertiginjektor",A
1395301,66780,"Methotrexat Accord 20 mg/0.4 ml, Injektionslösung in einer Fertigspritze",A
1473402,68244,"Methotrexat Accord 22.5 mg/0.45 ml, Injektionslösung im Fertiginjektor",A
1395302,66780,"Methotrexat Accord 22.5 mg/0.45 ml, Injektionslösung in einer Fertigspritze",A
1473403,68244,"Methotrexat Accord 25 mg/0.5 ml, Injektionslösung im Fertiginjektor",A
1395303,66780,"Methotrexat Accord 25 mg/0.5 ml, Injektionslösung in einer Fertigspritze",A
1395304,66780,"Methotrexat Accord 27.5 mg/0.55 ml, Injektionslösung in einer Fertigspritze",A
1395305,66780,"Methotrexat Accord 30 mg/0.6 ml, Injektionslösung in einer Fertigspritze",A
1473396,68244,"Methotrexat Accord 7.5 mg/0.15 ml, Injektionslösung im Fertiginjektor",A
1395296,66780,"Methotrexat Accord 7.5 mg/0.15 ml, Injektionslösung in einer Fertigspritze",A
1439700,66019,"Methotrexat Orion rheuma/derm 10 mg, Tabletten",A
1439699,66019,"Methotrexat Orion rheuma/derm 2.5 mg, Tabletten",A
1172135,58370,"Methotrexat Sandoz 10 mg, Tabletten",A
1172133,58370,"Methotrexat Sandoz 5 mg, Tabletten",A
1172090,51079,"Methotrexat Sandoz 5000 mg, Konzentrat zur Herstellung einer Injektions-/Infusionslösung",A
1327683,47999,"Methotrexat Teva Onco 50 mg/2 ml, Injektions-/Infusionslösung",A
1327686,47999,"Methotrexat Teva Onco 500 mg/20 ml, Injektions-/Infusionslösung",A
1327687,47999,"Methotrexat Teva Onco 5000 mg/50 ml, Injektions-/Infusionslösung",A
1377585,65510,"Methotrexat-Mepha rheuma/derm 10 mg/0.4 ml, Injektionslösung in einer Fertigspritze",A
1377586,65510,"Methotrexat-Mepha rheuma/derm 12.5 mg/0.3125 ml, Injektionslösung in einer Fertigspritze",A
1377587,65510,"Methotrexat-Mepha rheuma/derm 15 mg/0.375 ml, Injektionslösung in einer Fertigspritze",A
1377588,65510,"Methotrexat-Mepha rheuma/derm 17.5 mg/0.4375 ml, Injektionslösung in einer Fertigspritze",A
1377589,65510,"Methotrexat-Mepha rheuma/derm 20 mg/0.5 ml, Injektionslösung in einer Fertigspritze",A
1377590,65510,"Methotrexat-Mepha rheuma/derm 25 mg/0.625 ml, Injektionslösung in einer Fertigspritze",A
1377584,65510,"Methotrexat-Mepha rheuma/derm 7.5 mg/0.30 ml, Injektionslösung in einer Fertigspritze",A
1303124,62083,"Methrexx  10 mg/0.5 ml, Injektionslösung in einer Fertigspritze",A
1298383,62083,"Methrexx  12.5 mg/0.625 ml, Injektionslösung in einer Fertigspritze",A
1303127,62083,"Methrexx  15 mg/0.75 ml, Injektionslösung in einer Fertigspritze",A
1298384,62083,"Methrexx  17.5 mg/0.875 ml, Injektionslösung in einer Fertigspritze",A
1303123,62083,"Methrexx  7.5 mg/0.375 ml, Injektionslösung in einer Fertigspritze",A
1213378,62083,"Methrexx 20 mg/1 ml, Injektionslösung in einer Fertigspritze",A
1213379,62083,"Methrexx 25 mg/1.25 ml, Injektionslösung in einer Fertigspritze",A
1213380,62083,"Methrexx 30 mg/1.5 ml, Injektionslösung in einer Fertigspritze",A
1199642,62228,"Methylphenidat Sandoz 18, Retardtabletten",A
1248175,62228,"Methylphenidat Sandoz 27, Retardtabletten",A
1199643,62228,"Methylphenidat Sandoz 36, Retardtabletten",A
1199644,62228,"Methylphenidat Sandoz 54, Retardtabletten",A
1607806,69315,"Methylphenidat Spirig HC retard 18 mg, Retardtabletten",A
1607807,69315,"Methylphenidat Spirig HC retard 27 mg, Retardtabletten",A
1607808,69315,"Methylphenidat Spirig HC retard 36 mg, Retardtabletten",A
1607809,69315,"Methylphenidat Spirig HC retard 54 mg, Retardtabletten",A
1365111,66445,"Methylphenidat-Mepha 18 mg, Retardtabletten",A
1365112,66445,"Methylphenidat-Mepha 27 mg, Retardtabletten",A
1365113,66445,"Methylphenidat-Mepha 36 mg, Retardtabletten",A
1365114,66445,"Methylphenidat-Mepha 54 mg, Retardtabletten",A
1414072,66993,"Methylphenidat-Mepha LA 10mg, Depocaps",A
1414073,66993,"Methylphenidat-Mepha LA 20mg, Depocaps",A
1414074,66993,"Methylphenidat-Mepha LA 30mg, Depocaps",A
1414075,66993,"Methylphenidat-Mepha LA 40mg, Depocaps",A
1454781,67440,"Methylthioniniumchlorid Proveblue 5 mg/ml, Injektionslösung",B
1454782,67440,"Methylthioniniumchlorid Proveblue 5 mg/ml, Injektionslösung",B
1018353,56969,"Meto Zerok 100, Retardtabletten",B
1018354,56969,"Meto Zerok 200, Retardtabletten",B
1079399,56969,"Meto Zerok 25, Retardtabletten",B
1018355,56969,"Meto Zerok 50, Retardtabletten",B
1515043,66781,"Metoflex 750 mg, comprimés",B
1266436,65228,"Metofol 5mg, Tabletten",B
1111823,57272,"Metoject 10 mg, Injektionslösung",A
1199708,57272,"Metoject 12.5 mg, Injektionslösung",A
1111824,57272,"Metoject 15 mg, Injektionslösung",A
1199709,57272,"Metoject 17.5 mg, Injektionslösung",A
1111825,57272,"Metoject 20 mg, Injektionslösung",A
1199710,57272,"Metoject 22.5 mg, Injektionslösung",A
1111827,57272,"Metoject 25 mg, Injektionslösung",A
1179028,57272,"Metoject 30 mg, Injektionslösung",A
1111822,57272,"Metoject 7.5 mg, Injektionslösung",A
1466256,65672,"Metoject Autoinjektor 10 mg/0.2 ml, Injektionslösung im Fertigpen",A
1621968,65672,"Metoject Autoinjektor 10 mg/0.2 ml, Injektionslösung im Fertigpen",A
1466257,65672,"Metoject Autoinjektor 12.5 mg/0.25 ml, Injektionslösung im Fertigpen",A
1621969,65672,"Metoject Autoinjektor 12.5 mg/0.25 ml, Injektionslösung im Fertigpen",A
1466258,65672,"Metoject Autoinjektor 15 mg/0.3 ml, Injektionslösung im Fertigpen",A
1621970,65672,"Metoject Autoinjektor 15 mg/0.3 ml, Injektionslösung im Fertigpen",A
1466259,65672,"Metoject Autoinjektor 17.5 mg/0.35 ml, Injektionslösung im Fertigpen",A
1621971,65672,"Metoject Autoinjektor 17.5 mg/0.35 ml, Injektionslösung im Fertigpen",A
1466260,65672,"Metoject Autoinjektor 20 mg/0.4 ml, Injektionslösung im Fertigpen",A
1621972,65672,"Metoject Autoinjektor 20 mg/0.4 ml, Injektionslösung im Fertigpen",A
1466261,65672,"Metoject Autoinjektor 22.5 mg/0.45 ml, Injektionslösung im Fertigpen",A
1621973,65672,"Metoject Autoinjektor 22.5 mg/0.45 ml, Injektionslösung im Fertigpen",A
1466262,65672,"Metoject Autoinjektor 25 mg/0.5 ml, Injektionslösung im Fertigpen",A
1621974,65672,"Metoject Autoinjektor 25 mg/0.5 ml, Injektionslösung im Fertigpen",A
1466255,65672,"Metoject Autoinjektor 7.5 mg/0.15 ml, Injektionslösung im Fertigpen",A
1621967,65672,"Metoject Autoinjektor 7.5 mg/0.15 ml, Injektionslösung im Fertigpen",A
119590,56468,"Metolazon Galepharm, Tabletten",B
10062,27867,"Metopiron, Kapseln",B
1306324,65958,"Metoprolol Axapharm retard 100 mg, Retardtabletten",B
1306325,65958,"Metoprolol Axapharm retard 200 mg, Retardtabletten",B
1306322,65958,"Metoprolol Axapharm retard 25 mg, Retardtabletten",B
1306323,65958,"Metoprolol Axapharm retard 50 mg, Retardtabletten",B
1301999,65908,"Metoprolol Spirig HC 100, Retardtabletten",B
1302000,65908,"Metoprolol Spirig HC 200, Retardtabletten",B
1301997,65908,"Metoprolol Spirig HC 25, Retardtabletten",B
1301998,65908,"Metoprolol Spirig HC 50, Retardtabletten",B
1316857,66159,Metoprolol-Mepha 100mg Depotabs,B
1316858,66159,Metoprolol-Mepha 200mg Depotabs,B
1316855,66159,Metoprolol-Mepha 25mg Depotabs,B
1316856,66159,Metoprolol-Mepha 50mg Depotabs,B
1454808,67683,"Metrissa 2 mg, Filmtabletten",B
1466436,67683,"Metrissa 2 mg, Filmtabletten",B
10067,40215,"Metrolag 250 mg, compresse",B
10068,40215,"Metrolag 500 mg, compresse",B
76261,48018,"Metronidazol i.v. B. Braun, Infusionslösung",B
1499003,55280,"Metronidazole Sintetica, soluzione per infusione",B
1181506,62275,"Metronidazole Zentiva 250 mg, Filmtabletten",B
1181507,62275,"Metronidazole Zentiva 500 mg, Filmtabletten",B
1189060,62275,"Metronidazole Zentiva 500 mg, Filmtabletten",B
1288220,62276,"Metronidazole Zentiva, Ovula",B
1002594,56134,Metvix Crème,B
1331309,65811,"Mezavant, 1,2 g magensaftresistente Retardtabletten",B
1008960,47600,"Mg 5-Granoral 12mmol arôme pêche-abricot, granulé buvable",D
1367114,46144,"Mg 5-Longoral, comprimés à croquer",D
48790,49890,"Mg 5-Oraleff, comprimés effervescents",D
10133,38605,"Miacalcic 100, Injektionslösung",B
1494474,47473,"Miacalcic 200, Nasenspray",B
1007835,56732,"Mianserin-Mepha 30 mg, Filmtabletten",B
1007836,56732,"Mianserin-Mepha 60 mg, Filmtabletten",B
1436878,52731,"MIBG (I-123) injection Curium, Injektionslösung",A
74340,54780,"Micardis 40 mg, Tabletten",B
74344,54780,"Micardis 80 mg, Tabletten",B
1169291,61270,"Micardis Amlo 40/5 mg, Tabletten",B
1169292,61270,"Micardis Amlo 80/10 mg, Tabletten",B
1169290,61270,"Micardis Amlo 80/5 mg, Tabletten",B
110067,55970,"Micardis Plus 80/12,5 mg, Tabletten",B
1088420,55970,"Micardis Plus 80/25 mg, Tabletten",B
10155,38411,"Microgynon 30, Dragées",B
10156,38454,"Microgynon 50, Dragées",B
1213154,29869,"Microlax, Klysma",D
10164,50151,"Micropaque Scanner, Suspension",B
1186036,30241,"Micropaque, Suspension",B
1462322,67587,"Mictonet 5 mg, Dragées",B
1452941,67514,"Mictonorm 30 mg, Gélules à libération modifiée",B
1490362,68269,"Mictonorm 45 mg, Gélules à libération modifiée",B
1393392,66718,"Midazolam Accord 15 mg/3 mL, Injektionslösung",B
1393391,66718,"Midazolam Accord 5 mg/1 mL, Injektionslösung",B
1393390,66718,"Midazolam Accord 5 mg/5 mL, Injektionslösung",B
1494908,68432,"Midazolam Accord 5 mg/5 ml, Injektionslösung in einer Fertigspritze",B
1393393,66718,"Midazolam Accord 50 mg/10 mL, Injektionslösung",B
1121785,58875,"Midazolam Sintetica 15 mg/3 ml, solution injectable",B
1121789,58875,"Midazolam Sintetica 2 mg/2 ml, solution injectable",B
1121782,58875,"Midazolam Sintetica 5 mg/1ml, solution injectable",B
1121790,58875,"Midazolam Sintetica 5 mg/5 ml, solution injectable",B
1121788,58875,"Midazolam Sintetica 50 mg/10 ml, solution injectable",B
1443695,58875,"Midazolam Sintetica 50 mg/50 ml, solution injectable",B
10258,15322,"Midro Tabs, Tabletten",D
10259,10567,"Midro Tee, geschnittene Drogen",B/D
1005481,55205,"Mifegyne 200 mg,Tabletten",A
1305358,55205,"Mifegyne 600 mg, Tabletten",A
1444926,67633,"Miglustat Dipharma 100 mg, capsule",B
1014656,55998,"Milbemax Hunde M ad us. vet., Tabletten",B
1014655,55998,"Milbemax Hunde S ad us. vet., Tabletten",B
1014658,55997,"Milbemax Katze M ad us. vet., Tabletten",B
1014657,55997,"Milbemax Katze S ad us. vet., Tabletten",B
1501518,68213,"Milprazin Cat M ad us. vet., comprimés sécables",B
1501517,68213,"Milprazin Cat S ad us. vet., comprimés sécables",B
1501516,68214,"Milprazin Dog M ad us. vet., comprimés à croquer",B
1501515,68214,"Milprazin Dog S ad us. vet., comprimés à croquer",B
1145379,59467,"Milrinon Labatec, solution injectable / pour perfusion",B
10653,14746,"Minalgin, Injektionslösung i.m., i.v.",B
1488192,68072,"Minalgin, Lösung zum Einnehmen",B
1382626,14747,"Minalgin, Tabletten",B
1256441,34496,"Minalgin, Tropfen",B
1004395,56923,"Minerva, Dragées",B
10668,49002,"Minirin 0,1 mg, Tabletten",B
10669,49002,"Minirin 0,2 mg, Tabletten",B
1045522,57151,"Minirin Melt 120 µg, Sublingualtabletten",B
1045520,57151,"Minirin Melt 60 µg, Sublingualtabletten",B
10665,43585,"Minirin, Injektionslösung",B
42587,51920,"Minitran 10, transdermales Pflaster",B
42586,51920,"Minitran 5, transdermales Pflaster",B
1501934,68083,"Minjuvi 200 mg, poudre pour solution à diluer pour perfusion",A
10672,45465,"Minocin Akne 50 mg, Filmtabletten",A
1408911,66655,"Minorga 2 %, solution pour application cutanée",D
1411195,66771,"Minorga 5%, solution pour aplication cutanée",D
1617175,68994,"Minoxidil Leman 20 mg/ml, solution pour application cutanée",D
1617176,69064,"Minoxidil Leman 50 mg/ml, solution pour application cutanée",D
59739,54058,"Miochol E, intraokulare Injektionslösung",B
100192,37884,"Miostat, Injektionslösung",B
1078022,57860,"Mircera 100 ug / 0.3 ml, Injektionslösung in einer Fertigspritze",A
1105333,57860,"Mircera 120 ug / 0.3 ml, Injektionslösung in einer Fertigspritze",A
1078023,57860,"Mircera 150 ug / 0.3 ml, Injektionslösung in einer Fertigspritze",A
1078024,57860,"Mircera 200 ug / 0.3 ml, Injektionslösung in einer Fertigspritze",A
1078025,57860,"Mircera 250 ug / 0.3 ml, Injektionslösung in einer Fertigspritze",A
1105323,57860,"Mircera 30 ug / 0.3 ml, Injektionslösung in einer Fertigspritze",A
1078020,57860,"Mircera 50 ug / 0.3 ml, Injektionslösung in einer Fertigspritze",A
1078021,57860,"Mircera 75 ug / 0.3 ml, Injektionslösung in einer Fertigspritze",A
40685,52996,"Mirena, Gestagen abgebendes Intrauterinsystem",B
1186552,62388,"Mirtazapin Sandoz 30, Filmtabletten",B
1186553,62388,"Mirtazapin Sandoz 45, Filmtabletten",B
1286157,61435,"Mirtazapin Sandoz eco 15 mg, Schmelztabletten",B
1634113,69475,"Mirtazapin Sandoz eco 30 mg, Filmtabletten",B
1286158,61435,"Mirtazapin Sandoz eco 30 mg, Schmelztabletten",B
1634114,69475,"Mirtazapin Sandoz eco 45 mg, Filmtabletten",B
1440422,61508,"Mirtazapin Zentiva 30 mg, Filmtabletten",B
1440423,61508,"Mirtazapin Zentiva 45 mg, Filmtabletten",B
1368618,61342,"Mirtazapin-Mepha 15 mg, Filmtabletten",B
1179444,61342,"Mirtazapin-Mepha 30 mg, Filmtabletten",B
1179445,61342,"Mirtazapin-Mepha 45 mg, Filmtabletten",B
1283244,65180,"Mirvaso 3.3mg/g, Gel",B
1307206,65378,"MisoOne 400 mcg, Tabletten",A
1284819,63237,"Mitem 20 mg, poudre pour solution injectable ou pour perfusion",A
1284820,63237,"Mitem 20 mg, poudre pour solution injectable ou pour perfusion",A
37590,52290,"Mivacron, Injektionslösung",A
1089330,52290,"Mivacron, Injektionslösung",A
1333362,66293,"Mizzi Gynial, Filmtabletten",B
1387363,66293,"Mizzi Gynial, Filmtabletten",B
1087913,703,"M-M-RVAXPRO, Pulver und Lösungsmittel zur Herstellung einer Injektionssuspension",B
1162431,55272,"Modasomil, Tabletten",A
1384681,66276,"Modigraf 0,2 mg, Granulat zur Herstellung einer Suspension zum Einnehmen",A
1384682,66276,"Modigraf 1 mg, Granulat zur Herstellung einer Suspension zum Einnehmen",A
10730,31406,"Mogadon, Tabletten",B
1158216,60384,"Molaxole, Pulver zum Einnehmen als Lösung",B
1446158,67641,"Mometason Spirig HC 0.05 mg/Sprühstoss, Dosier Nasenspray",B
1209888,61899,"Mometasonfuroat Sandoz, Nasenspray",B
1262343,63248,"Mometason-Mepha, Nasenspray",B
1423093,67001,"Monofer 100 mg / 1 ml, Lösung zur intravenösen Injektion/Infusion",B
1423095,67001,"Monofer 1000 mg / 10 ml, Lösung zur intravenösen Injektion/Infusion",B
1423094,67001,"Monofer 500 mg / 5 ml, Lösung zur intravenösen Injektion/Infusion",B
1225454,62558,"Monoprost, collyre en solution en récipient unidose",B
1164752,60544,"Monovo, Crème",B
1233486,62666,"Montelukast Helvepharm 10 mg, Filmtabletten",B
1177639,61222,"Montelukast Sandoz 10 mg, Filmtabletten",B
1177640,61223,"Montelukast Sandoz 4 mg, Kautabletten",B
1192179,61896,"Montelukast Sandoz 4, Granulat",B
1177641,61223,"Montelukast Sandoz 5 mg, Kautabletten",B
1235404,62798,"Montelukast Spirig HC 10, Filmtabletten",B
1235403,62799,"Montelukast Spirig HC 5, Kautabletten",B
1559901,62666,"Montelukast Zentiva 10 mg, Filmtabletten",B
1226412,62362,"Montelukast-Mepha 10 mg, Filmtabletten",B
1226410,62361,"Montelukast-Mepha 4 mg, Kautabletten",B
1268485,63265,"Montelukast-Mepha 4, Granulat",B
1226411,62361,"Montelukast-Mepha 5 mg, Kautabletten",B
1296985,49298,"Monuril 3 g, granulato per soluzione orale",A
55030,53464,"Morga Beruhigungstee, Arzneitee",E
55028,53463,"Morga Blasentee, Arzneitee",E
55031,53465,"Morga Erkältungstee, geschnittene Kräuter",E
91244,43292,"Morga Fenchelfruchttee, Arzneitee",E
55029,53466,"Morga Hustentee, geschnittene Drogen",E
95992,54900,"Morga Leber-Galle-Tee, geschnittene Drogen",E
55032,53467,"Morga Magentee, Arzneitee",E
1321869,55778,"Morga Roter Ginseng, Kapseln",D
70359,53571,"Morphin HCl 0,2 mg/ml Bichsel, Injektionslösung",A
70362,53571,"Morphin HCl 0,4 mg/ml Bichsel, Injektionslösung",A
1148106,53571,"Morphin HCl 1 mg/ml Bichsel, Injektionslösung",A
28536,56513,"Morphin HCl 10 mg/ml Amino, Injektionslösung",A
122506,53571,"Morphin HCl 10 mg/ml Bichsel, Injektionslösung",A
28537,56513,"Morphin HCl 20 mg/ml Amino, Injektionslösung",A
1069811,51039,"Morphin HCl Sintetica 10 mg/1 ml, soluzione iniettabile",A
1140936,51039,"Morphin HCl Sintetica 100 mg/10 ml, soluzione iniettabile",A
1141760,51039,"Morphin HCl Sintetica 2 mg/2 ml, soluzione iniettabile",A
1141759,51039,"Morphin HCl Sintetica 5 mg/0.5ml, soluzione iniettabile",A
1130514,56400,"Morphin Sulfate Sintetica 1mg/ml, soluzione per infusione",A
1130889,56401,"Morphin Sulfate Sintetica 50mg/ml, soluzione iniettabile",A
1082728,56560,"Morphini HCl Streuli 10 mg/ml, Injektionslösung",A
1311418,56554,"Morphini HCl Streuli 10 mg/ml, Tropfen zum Einnehmen",A
1311419,56554,"Morphini HCl Streuli 20 mg/ml, Tropfen zum Einnehmen",A
1062586,57672,"Motilium lingual Gastrosan, Schmelztabletten",B
70191,54068,"Motilium lingual, Schmelztabletten",B
10967,41903,"Motilium, Filmtabletten",B
1359002,41903,"Motilium, Filmtabletten",B
1521507,68726,"Mounjaro 10 mg, solution pour injection en stylo pré-rempli",B
1521508,68726,"Mounjaro 12.5 mg, solution pour injection en stylo pré-rempli",B
1521509,68726,"Mounjaro 15 mg, solution pour injection en stylo pré-rempli",B
1521504,68726,"Mounjaro 2.5 mg, solution pour injection en stylo pré-rempli",B
1521505,68726,"Mounjaro 5 mg, solution pour injection en stylo pré-rempli",B
1521506,68726,"Mounjaro 7.5 mg, solution pour injection en stylo pré-rempli",B
1302715,65205,"Moventig 12.5 mg, Filmtabletten",B
1302716,65205,"Moventig 25 mg, Filmtabletten",B
1364604,59056,"Movicol Chocolat, Pulver",B
1541723,58421,"Movicol Junior neutral, Pulver",B
1194354,62165,"Movicol Liquid Orange, Konzentrat zur Herstellung einer Lösung zum Einnehmen",B
1541722,58420,"Movicol neutral, Pulver",B
1335414,66002,"Movicol Trinkfertig, Lösung zum Einnehmen",B
65653,53869,"Movicol, Pulver",B
1181493,61631,"Moviprep Orange, Pulver",B
1090248,57900,"Moviprep, Pulver",B
1400140,66818,"Movymia 250 μg/mL, Injektionslösung",B
1369745,66490,"Moxifloxacin Labatec, collyre",A
1265759,63183,"Moxifloxacin Sandoz 400, Filmtabletten",A
1302926,65383,"Moxifloxacin Spirig HC 400mg, Filmtabletten",A
1249055,62947,"Moxifloxacin-Mepha, Filmtabletten",A
1277816,63139,"Mozobil 20mg/mL, solution injectable",A
1638386,69995,"mResvia Respiratorisches-Synzytial-Virus (RSV) Vakzin 0.10 mg/ml, Injektionsdispersion",B
1483395,53644,"M-retard Zentiva 10 mg, Retardtabletten",A
1483035,53644,"M-retard Zentiva 100 mg, Retardtabletten",A
1483036,53644,"M-retard Zentiva 200 mg, Retardtabletten",A
1483396,53644,"M-retard Zentiva 30 mg, Retardtabletten",A
1483397,53644,"M-retard Zentiva 60 mg, Retardtabletten",A
1273472,44246,MST Continus 10 mg Tabletten retard,A
10989,44246,MST Continus 100 mg Tabletten retard,A
30460,44246,MST Continus 200 mg Tabletten retard,A
10982,44246,MST Continus 30 mg Tabletten retard,A
10986,44246,MST Continus 60 mg Tabletten retard,A
87146,55248,"Mucan, Tropfen zum Einnehmen",D
30482,50409,"Mucedokehl D3, Zäpfchen",B
30485,50410,"Mucedokehl D4, Hartkapseln",B
30483,50408,"Mucedokehl D5, homöopathische Injektionslösung",B
30484,50407,"Mucedokehl D5, Tropfen zum Einnehmen",B
52068,53891,"Mucilar Avena, Pulver zum Einnehmen",D
26447,50964,"Mucofluid 200, Tabletten",D
1257315,54450,"Mucofluid 600, Brausetabletten",D
54383,48589,"Mucofor 300 mg, capsules",B
1186212,50230,"Mucogel, Salbe",D
24695,50231,"Mucohäm D3, Zäpfchen",D
11012,50229,"Mucokehl D4, homöopathische Kapseln",D
11011,46731,"Mucokehl D5, homöopathische Augentropfen",D
11014,50228,"Mucokehl D5, homöopathische Tabletten",D
11015,46733,"Mucokehl D5, homöopathische Tropfen",D
11013,46732,"Mucokehl D5, Injektionslösung (i.m., s.c., i.c.)",B
11016,46732,"Mucokehl D6, Injektionslösung (i.m., s.c., i.c.)",B
108939,46732,"Mucokehl D7, Injektionslösung (i.m., s.c., i.c.)",B
1186465,52376,"Muco-Mepha 100 mg, Granulat zur Herstellung einer Lösung zum Einnehmen",D
35449,52385,"Muco-Mepha 200 mg, Brausetabletten",D
1186466,52376,"Muco-Mepha 200 mg, Granulat zur Herstellung einer Lösung zum Einnehmen",D
35451,52385,"Muco-Mepha 600 mg, Brausetabletten",D
1238289,52376,"Muco-Mepha 600 mg, Granulat zur Herstellung einer Lösung zum Einnehmen",D
1448755,59454,"Mucor mucedo D5, Tropfen",D
91035,59023,"Mucor racemosus compositum, Tropfen",D
82005,58907,"Mucosa coli suis comp., Injektionslösung (i.m., s.c.)",B
1022232,58932,"Mucosa compositum, Tabletten",D
70530,54907,"Mucostop 600mg, Brausetabletten mit Limone-Aroma",D
1134151,59292,"Multaq, comprimés pelliculés de 400 mg de dronédarone",B
11118,42675,"Multilind, Heilpaste",B
1031556,57263,"Multilind, Suspension zum Einnehmen",B
98636,55331,"Mundipur, Tropfen zum Einnehmen",D
1211358,33332,"Mundisal, Gel",D
1024103,684,"Mutaflor mite, capsules",B
1024104,684,"Mutaflor, capsules",B
1437330,67283,"MVASI 100 mg/4 ml, Konzentrat zur Herstellung einer Infusionslösung",A
1437331,67283,"MVASI 400 mg/16 ml, Konzentrat zur Herstellung einer Infusionslösung",A
11244,33153,"Myambutol 100mg, comprimés pelliculés",B
11245,33153,"Myambutol 400mg, comprimés pelliculés",B
91054,59140,"Mycobacterium phlei D6, Tropfen zum Einnehmen und Einreiben",D
42377,52068,"Mycobutin, Kapseln",A
1130304,58674,"Mycophenolat-Mofetil Sandoz 500 mg, Filmtabletten",B
1130294,58620,"Mycophenolat-Mofetil Sandoz, Kapseln",B
11258,33043,"Mycostatin, suspension buvable/buccale",B
1153086,59959,"Mycoster, Crème",B
1539422,59959,"Mycoster, Crème",B
1246474,32665,"Mydocalm mite, comprimés pelliculés",B
1267541,32665,"Mydocalm, comprimés pelliculés",B
1449849,66151,"Mydrane, Injektionslösung zur intrakameralen Injektion",A
1152659,59035,"Mydriasert, Augeninsert",B
34211,23855,"Mydriaticum Dispersa, Augentropfen",B
1127716,59220,"Myfenax 250 mg, Kapseln",B
1127715,59221,"Myfenax 500 mg, Filmtabletten",B
115412,56115,"Myfortic 180 mg, magensaftresistente Filmtabletten",B
115413,56115,"Myfortic 360 mg, magensaftresistente Filmtabletten",B
1637314,70019,"MyLoop, anneau vaginal",B
1437329,66879,"Mylotarg 5 mg, Pulver für ein Konzentrat zur Herstellung einer Infusionslösung",A
11309,40087,"Myocholine-Glenwood 10 mg, Tabletten",B
11310,40087,"Myocholine-Glenwood 25 mg, Tabletten",B
82008,58988,"Myosotis compositum, Injektionslösung",B
82007,58979,"Myosotis compositum, Tabletten",D
82006,58989,"Myosotis compositum, Tropfen",D
1001155,53653,"Myoview, Markierungsbesteck",A
1092224,58038,"Myozyme, Poudre pour solution à diluer pour perfusion",A
1124469,60314,"Myristica sebifera comp., Injektionslösung (s.c.)",B
11314,49506,"Myrtaven, capsule",B
11316,17885,"Mysoline, Tabletten",B
1022677,57418,"Myvlar, Dragées",B
1047629,56998,"Naabak, Augentropfen",B
1221674,42425,"NaCl 0,9 % Fresenius, Infusionslösung",B
1221675,42425,"NaCl 0,9 % Fresenius, Infusionslösung",B
1221676,42425,"NaCl 0,9 % Fresenius, Infusionslösung",B
1221677,42425,"NaCl 0,9 % Fresenius, Infusionslösung",B
1222060,42425,"NaCl 0,9 % Fresenius, Infusionslösung",B
1222061,42425,"NaCl 0,9 % Fresenius, Infusionslösung",B
1222062,42425,"NaCl 0,9 % Fresenius, Infusionslösung",B
1222063,42425,"NaCl 0,9 % Fresenius, Infusionslösung",B
1222064,42425,"NaCl 0,9 % Fresenius, Infusionslösung",B
1222065,42425,"NaCl 0,9 % Fresenius, Infusionslösung",B
1222066,42425,"NaCl 0,9 % Fresenius, Infusionslösung",B
1222067,42425,"NaCl 0,9 % Fresenius, Infusionslösung",B
1222068,42425,"NaCl 0,9 % Fresenius, Infusionslösung",B
1508524,52041,"NaCl 0,9 % Sintetica, soluzione per perfusione",B
1115092,56540,"NaCl 0,9% Sintetica, solution injectable",B
1115093,56540,"NaCl 0,9% Sintetica, solution injectable",B
31315,29554,"NaCl 0.9 % B. Braun, Infusionslösung",B
31316,29554,"NaCl 0.9 % B. Braun, Infusionslösung",B
1222087,29554,"NaCl 0.9 % B. Braun, Infusionslösung",B
1222088,29554,"NaCl 0.9 % B. Braun, Infusionslösung",B
1222089,29554,"NaCl 0.9 % B. Braun, Infusionslösung",B
1222090,29554,"NaCl 0.9 % B. Braun, Infusionslösung",B
1222091,29554,"NaCl 0.9 % B. Braun, Infusionslösung",B
1222093,29554,"NaCl 0.9 % B. Braun, Infusionslösung",B
1222094,29554,"NaCl 0.9 % B. Braun, Infusionslösung",B
1222095,29554,"NaCl 0.9 % B. Braun, Infusionslösung",B
1222096,29554,"NaCl 0.9 % B. Braun, Infusionslösung",B
1222097,29554,"NaCl 0.9 % B. Braun, Infusionslösung",B
1222098,29554,"NaCl 0.9 % B. Braun, Infusionslösung",B
1222099,29554,"NaCl 0.9 % B. Braun, Infusionslösung",B
1222102,29554,"NaCl 0.9 % B. Braun, Infusionslösung",B
1269784,29554,"NaCl 0.9 % B. Braun, Infusionslösung",B
1468385,29554,"NaCl 0.9 % B. Braun, Infusionslösung",B
1468386,29554,"NaCl 0.9 % B. Braun, Infusionslösung",B
83077,53772,"NaCl 0.9 % Fresenius, Injektionslösung",B
1222191,53772,"NaCl 0.9 % Fresenius, Injektionslösung",B
1266455,29555,"NaCl 10 % B. Braun, Zusatzampullen zu Infusionslösungen",B
34213,47039,"NaCl 5 % Dispersa, Augentropfen",B
1080110,58224,"Naglazyme, Konzentrat zur Herstellung einer Infusionslösung",B
1353844,65697,"Nailcure Sandoz 50mg/ml, wirkstoffhaltiger Nagellack",D
1004483,43642,"Nalador, Lyophilisat",A
1010921,56989,"Nalbuphin OrPha, Injektionslösung",A
1007840,56952,"Naloxon OrPha, Injektionslösung",B
117527,56109,"Naltrexin, Filmtabletten",A
1631379,69184,"Naproxen Esomeprazol Sandoz 500 mg / 20 mg, Filmtabletten",B
34815,51480,"Naproxen Mepha 250 mg, Filmtabletten",B
34810,51480,"Naproxen Mepha 500 mg, Filmtabletten",B
59378,54272,"Naramig, Filmtabletten",B
55532,54015,"Naropin 10 mg/ml, Injektionslösung",B
55530,54015,"Naropin 2 mg/ml, Injektions-/Infusionslösung",B
1005550,54015,"Naropin 5 mg/ml, Injektionslösung",B
55531,54015,"Naropin 7.5 mg/ml, Injektionslösung",B
1321375,54015,"Naropin 7.5 mg/ml, Injektionslösung",B
1233359,38782,"Nasensalbe Rüedi Spirig HC, Salbe",D
1543160,69283,"Nasenspray Neo Spirig HC 0.05 %, Nasenspray",D
1543161,69283,"Nasenspray Neo Spirig HC 0.1 %, Nasenspray",D
1278783,56839,"Nasic, Nasenspray",D
11393,45138,"Nasivin 0,05 %, Spray doseur",D
111510,54613,"Nasivin pur 0,01 %, Spray doseur",D
1011397,54613,"Nasivin pur 0,025 %, Spray doseur",D
69707,54613,"Nasivin pur 0,05 %, Spray doseur",D
1030119,55737,"Nasobol Inhalo, comprimés effervescents",D
1518996,65262,"Nasobol Junior Schnupfen Xylo 0.05%, Nasenspray",D
1518997,65262,"Nasobol Schnupfen Xylo 0.1%, Nasenspray",D
1114350,58169,"Nasofan, Nasenspray",B
58421,54189,"Nasonex, Dosier-Nasenspray",B
1181568,61363,"Natecal D, comprimé orodispersible",D
31816,35709,"Natrium bicarbonat 8,4 % B. Braun, Infusionslösung, Zusatzampullen",B
31818,35709,"Natrium bicarbonat 8,4 % B. Braun, Infusionslösung, Zusatzampullen",B
1077147,36797,"Natrium Bicarbonicum Bichsel 8.4 %, Infusionslösung",B
126533,56538,"Natrium Bicarbonicum Sintetica 8,4 %, soluzione iniettabile",B
11417,56508,"Natrium chloratum 0,9% Amino, Injektionslösung",B
1220385,56508,"Natrium chloratum 0,9% Amino, Injektionslösung",B
1220386,56508,"Natrium chloratum 0,9% Amino, Injektionslösung",B
1220387,56508,"Natrium chloratum 0,9% Amino, Injektionslösung",B
1220388,56508,"Natrium chloratum 0,9% Amino, Injektionslösung",B
11419,60061,"Natrium chloratum Amino 10%, Konzentrat für Infusionslösungen",B
11418,60061,"Natrium chloratum Amino 20%, Konzentrat für Infusionslösungen",B
11424,29800,"Natrium chloratum Bichsel 0,9 %, Infusionslösung",B
1223491,29800,"Natrium chloratum Bichsel 0,9 %, Infusionslösung",B
1223492,29800,"Natrium chloratum Bichsel 0,9 %, Infusionslösung",B
1223493,29800,"Natrium chloratum Bichsel 0,9 %, Infusionslösung",B
1223494,29800,"Natrium chloratum Bichsel 0,9 %, Infusionslösung",B
1234957,29800,"Natrium chloratum Bichsel 0,9 %, Infusionslösung",B
1374688,29800,"Natrium chloratum Bichsel 0,9 %, Infusionslösung",B
1374689,29800,"Natrium chloratum Bichsel 0,9 %, Infusionslösung",B
1374691,29800,"Natrium chloratum Bichsel 0,9 %, Infusionslösung",B
1374692,29800,"Natrium chloratum Bichsel 0,9 %, Infusionslösung",B
1374693,29800,"Natrium chloratum Bichsel 0,9 %, Infusionslösung",B
1374695,29800,"Natrium chloratum Bichsel 0,9 %, Infusionslösung",B
1374696,29800,"Natrium chloratum Bichsel 0,9 %, Infusionslösung",B
1374697,29800,"Natrium chloratum Bichsel 0,9 %, Infusionslösung",B
1374698,29800,"Natrium chloratum Bichsel 0,9 %, Infusionslösung",B
1374699,29800,"Natrium chloratum Bichsel 0,9 %, Infusionslösung",B
1374701,29800,"Natrium chloratum Bichsel 0,9 %, Infusionslösung",B
1374702,29800,"Natrium chloratum Bichsel 0,9 %, Infusionslösung",B
126532,56539,"Natrium Chloratum Sintetica 25 %, concentrato di perfusione",B
1137535,56474,"Natriumchlorid + Glucose hyperton Bichsel 1:4, Infusionslösung",B
1105962,57464,"Natriumchlorid «Bichsel» 7.2% ad us. vet., Infusionslösung für Equidae",B
62725,41181,"Natriumchlorid 0,9 % Baxter, Infusionslösung",B
1219305,41181,"Natriumchlorid 0,9 % Baxter, Infusionslösung",B
1219306,41181,"Natriumchlorid 0,9 % Baxter, Infusionslösung",B
1219307,41181,"Natriumchlorid 0,9 % Baxter, Infusionslösung",B
1219308,41181,"Natriumchlorid 0,9 % Baxter, Infusionslösung",B
1073425,58474,"Natulan, capsule rigide",A
1007480,56774,"Navelbine 20 mg, Weichkapseln",A
1007481,56774,"Navelbine 30 mg, Weichkapseln",A
44322,51783,"Navelbine, Konzentrat zur Herstellung einer Injektions- /Infusionslösung",A
44323,51783,"Navelbine, Konzentrat zur Herstellung einer Injektions- /Infusionslösung",A
1018997,56813,"Nebido, Injektionslösung",B
1152292,59262,"Nebilet plus 5/12,5 mg, Filmtabletten",B
1152299,59262,"Nebilet plus 5/25 mg, Filmtabletten",B
64012,54489,"Nebilet, Tabletten",B
1145663,59063,"Nebivolol Axapharm 5 mg, Tabletten",B
1163637,61287,"Nebivolol Sandoz 5, Tabletten",B
1236371,60020,"Nebivolol Spirig HC, Tabletten",B
1449901,62482,"Nebivolol Zentiva, Tabletten",B
1127749,59887,"Nebivolol-Mepha 5, Tabletten",B
109422,656,"NeisVac-C, Injektionssuspension",B
1637315,69707,"Nemluvio 30 mg, Pulver und Lösungsmittel für Injektionslösung im Fertigpen",B
1471134,67961,"Neo-Angin Dolo Orange 8.75 mg, Lutschtabletten",D
1424119,67471,"Neo-Angin Dolo Spray 8.75 mg, Spray zur Anwendung in der Mundhöhle, Lösung mit Kirscharoma",D
1233247,62654,"neo-angin forte orange, Lutschtabletten",D
1046558,57622,"neo-angin forte, Lutschtabletten mit Mintgeschmack",D
1046560,57618,"neo-angin junior, Lutschtabletten mit Orangengeschmack",D
1112514,58133,"Neo-Angin mit Lidocain und Chlorhexidin Spray, Lösung",D
1046557,57625,"neo-angin, Lutschtabletten mit Zitronengeschmack",D
100536,47346,"NeoCitran Grippe / Erkältung für Erwachsene, Pulver zur Herstellung einer Lösung zum Einnehmen",D
1559672,68894,"NeoCitran Grippe Erkältung FORTE, Pulver zur Herstellung einer Lösung zum Einnehmen",B
1273968,12803,"NeoCitran Hustenlöser, Sirup",D
1247460,48748,"NeoCitran Hustenstiller, Depottabletten",D
1248478,31215,"NeoCitran Hustenstiller, Sirup",D
1247461,31214,"NeoCitran Hustenstiller, Tropfen für Kinder",D
1328109,57061,"NeoCitran Schnupfen/Erkältung, Filmtabletten",D
1421814,67483,"Néo-Décongestine hot & cold, Paste",D
1366117,66301,"Neogyn, comprimés pelliculés",B
11963,21037,"Néo-Mercazole, Tabletten",B
1307114,65568,"Neosynephrin-POS 5%, Augentropfen",B
30977,49227,"Neotigason 10 mg, Kapseln",A
30978,49227,"Neotigason 25 mg, Kapseln",A
1443501,67413,"neotylol Grippe, Pulver zur Herstellung einer Lösung zum Einnehmen",D
1540484,68853,"neotylol Muco 600 mg, Pulver zur Herstellung einer Lösung zum Einnehmen im Beutel",D
1483355,68149,"Nepexto 25 mg/0.5 ml, Injektionslsöung in einer Fertigspritze",B
1483353,68150,"Nepexto 50 mg/1 ml, Injektionslösung im Fertigpen",B
1483354,68149,"Nepexto 50 mg/1 ml, Injektionslsöung in einer Fertigspritze",B
11985,47141,"Nephrotrans 500 mg, magensaftresistente Weichkapseln",B
117502,51254,"Nerton NR, Tropfen zum Einnehmen",D
82392,48571,"Nervoheel N, Tabletten",D
28138,60358,"Nervus opticus comp., Augentropfen",D
1275888,56326,"Neulasta, Injektionslösung",A
116731,51035,"Neupogen Amgen 30, Injektionslösung",A
116730,51035,"Neupogen Amgen 30, Injektionslösung in einer Fertigspritze",A
116732,51035,"Neupogen Amgen 48, Injektionslösung in einer Fertigspritze",A
1371981,57417,"Neupro 1 mg/24h, dispositif transdermique",B
1371982,57417,"Neupro 2 mg/24h, dispositif transdermique",B
1371983,57417,"Neupro 3 mg/24h, dispositif transdermique",B
1371984,57417,"Neupro 4 mg/24h, dispositif transdermique",B
1371985,57417,"Neupro 6 mg/24h, dispositif transdermique",B
1371986,57417,"Neupro 8 mg/24h, dispositif transdermique",B
1212951,62242,"Neurexan, Tabletten",D
1172278,61207,"Neurexan, Tropfen zum Einnehmen",D
81860,54746,"Neurodol Tissugel, cerotto medicato",B
1225255,62189,"Neurodoron, Tabletten, anthroposophisches Arzneimittel",D
37524,52520,"Neurontin 100 mg, Hartkapseln",B
37525,52520,"Neurontin 300 mg, Hartkapseln",B
37526,52520,"Neurontin 400 mg, Hartkapseln",B
91316,54976,"Neurontin 600, Filmtabletten",B
91317,54976,"Neurontin 800, Filmtabletten",B
1325199,65711,"Nevanac 3 mg / ml, Augentropfensuspension",B
1107166,58745,"Nevanac, Augentropfensuspension",B
1557025,66765,"Nevirapin Viatris 400 mg, Retardtabletten",A
1336679,66318,"Nevirapin-Mepha 400 mg, Retardtabletten",A
1032677,57583,"Nexavar, Filmtabletten",A
1627990,65313,"NexGard 11 ad us. vet., Kautabletten für Hunde",B
1627993,65313,"NexGard 136 ad us. vet., Kautabletten für Hunde",B
1627991,65313,"NexGard 28 ad us. vet., Kautabletten für Hunde",B
1627992,65313,"NexGard 68 ad us. vet., Kautabletten für Hunde",B
1498998,65791,"NexGard Spectra 11 ad us. vet., Kautabletten für Hunde von 2 - 3.5kg",B
1499002,65791,"NexGard Spectra 180 ad us. vet., Kautabletten für Hunde von >30 - 60kg",B
1498999,65791,"NexGard Spectra 22 ad us. vet., Kautabletten für Hunde von >3.5kg - 7.5kg",B
1499000,65791,"NexGard Spectra 45 ad us. vet.,  Kautabletten für Hunde von >7.5kg - 15kg",B
1499001,65791,"NexGard Spectra 90 ad us. vet., Kautabletten für Hunde von >15kg - 30kg",B
1098355,58091,"Nexium 10 mg, magensaftresistentes Granulat zur Herstellung einer Suspension zum Einnehmen",B
94114,55609,"Nexium 20, MUPS-Tabletten",B
94115,55609,"Nexium 40, MUPS-Tabletten",B
1011394,56730,"Nexium i.v., Injektions-/ Infusionspräparat",B
1641233,69230,"Nexpovio 20 mg, Filmtabletten",A
1487577,67871,"Nexviadyme 100 mg, poudre pour solution à diluer pour perfusion",A
1509875,68265,"Ngenla 24 mg/ 1.2 ml, Injektionslösung im Fertigpen",A
1509876,68265,"Ngenla 60 mg/ 1.2 ml, Injektionslösung im Fertigpen",A
1159406,60431,"Nicorandil Rivopharm 10 mg, compresse",B
1159408,60431,"Nicorandil Rivopharm 20 mg, compresse",B
78691,53208,"Nicorette 10 mg, Inhaler",D
12167,40580,"Nicorette 2 mg, wirkstoffhaltiges Kaugummi mit Original-Aroma",D
12168,40580,"Nicorette 4 mg, wirkstoffhaltiges Kaugummi mit Original-Aroma",D
1069866,40580,"Nicorette Freshfruit 2 mg, wirkstoffhaltiges Kaugummi",D
1069880,40580,"Nicorette Freshfruit 4 mg, wirkstoffhaltiges Kaugummi",D
1421437,62566,"Nicorette Fruit & Mint, Spray zur Anwendung in der Mundhöhle",D
1155123,58175,"Nicorette Invisi 10mg/16h, Depotpflaster",D
1155125,58175,"Nicorette Invisi 15mg/16h, Depotpflaster",D
1155128,58175,"Nicorette Invisi 25mg/16h, Depotpflaster",D
1108107,55372,"Nicorette Microtab Original-Aroma, Sublingualtabletten",D
1395456,62566,"Nicorette Mint, Spray zur Anwendung in der Mundhöhle",D
1385218,66204,"Nicorette Polar Mint 2 mg, Lutschtabletten",D
1172282,40580,"Nicorette Polar Mint 2 mg, wirkstoffhaltiges Kaugummi",D
1172283,40580,"Nicorette Polar Mint 4 mg, wirkstoffhaltiges Kaugummi",D
1124720,60353,"Nicotiana comp., Solutio ad injectionem",B
1181174,60352,"Nicotiana tabacum /Nux vomica comp., Injektionslösung (s.c.)",B
1250024,60361,"Nicotiana/Strophanthus comp., Solutio ad injectionem",B
1116709,54064,"Nicotinell Cool Mint 2 mg, Kaugummi",D
1116711,54064,"Nicotinell Cool Mint 4 mg, Kaugummi",D
82400,54064,"Nicotinell Fruit 2 mg, Kaugummi",D
82402,54064,"Nicotinell Fruit 4 mg, Kaugummi",D
107368,55533,"Nicotinell Mint 1 mg, Lutschtabletten",D
1051140,55533,"Nicotinell Mint 2 mg, Lutschtabletten",D
1043679,50582,"Nicotinell, Pflaster Stärke 1",D
1043692,50582,"Nicotinell, Pflaster Stärke 2",D
1043698,50582,"Nicotinell, Pflaster Stärke 3",D
1081217,54024,Nieren- und Blasendragées S,D
1236392,53998,"Nifedipin Spirig HC 40 CR, Retardtabletten",B
50150,52896,"Nifedipin-Mepha 20 retard, Depotabs",B
1230706,53753,"Nifedipin-Mepha 40 retard, Retardtabletten",B
1462982,67583,"Nilemdo 180 mg, Filmtabletten",B
1168373,53677,"Nimbex 20mg/10ml, Injektionslösung",B
60881,53677,"Nimbex 5mg/2.5ml, Injektionslösung",B
12201,48153,"Nimotop 10 mg/50 ml, Infusionslösung",B
12200,45839,"Nimotop 30 mg, Filmtabletten",B
1345958,65959,"Ninlaro 2.3 mg, Hartkapseln",A
1345957,65959,"Ninlaro 3.0 mg, Hartkapseln",A
1345956,65959,"Ninlaro 4.0 mg, Hartkapseln",A
1426613,67308,"Nipruss 60 mg, Pulver zur Herstellung einer Infusionslösung",A
32541,52001,"Nisulid 100 mg, Granulat",B
32540,52002,"Nisulid 100 mg, Tabletten",B
12227,44192,"Nitroderm TTS 10, transdermales Pflaster",B
12225,44192,"Nitroderm TTS 5, transdermales Pflaster",B
1499004,56398,"Nitroglycerin Sintetica 0.1 mg/ml, soluzione per infusione",B
1499006,55459,"Nitroglycerin Sintetica 1 mg/ml, soluzione per infusione",B
12238,36830,"Nitroglycerin Streuli, Weichkapseln zum Zerbeissen",B
1408792,40558,"Nitrolingual, Sublingualspray",B
12263,42343,"Nitux, sciroppo",D
1496732,67970,"Nityr 10 mg, Tabletten",B
1496730,67970,"Nityr 2 mg, Tabletten",B
1496731,67970,"Nityr 5 mg, Tabletten",B
12327,46100,"Nizoral, Crème",B
12329,49379,"Nizoral, Shampoo",B
1043927,57377,"Nocutil 0,1 mg, Tabletten",B
1043937,57377,"Nocutil 0.2 mg, Tabletten",B
78709,54616,"Nocutil, Nasenspray",B
12342,39053,"Nolvadex 20 mg, Filmtabletten",A
1119036,59973,"Nontronit D15, Ampullen",B
12355,40502,"Nootropil 800 mg, Filmtabletten",B
1216525,40204,"Nopil forte, Tabletten",A
1312946,41013,"Nopil für Kinder, Suspension zum Einnehmen",A
1515994,67023,"Noradrenalin Sintetica 0.06 mg/ml, soluzione per infusione",B
1515996,67023,"Noradrenalin Sintetica 0.06 mg/ml, soluzione per infusione",B
1515995,67023,"Noradrenalin Sintetica 0.10 mg/ml, soluzione per infusione",B
1515997,67023,"Noradrenalin Sintetica 0.20 mg/ml, soluzione per infusione",B
1466767,60955,"Noradrenalin Sintetica 1 mg/1 ml, concentrato per soluzione per infusione",B
1466769,60955,"Noradrenalin Sintetica 10 mg/10 ml, concentrato per soluzione per infusione",B
1466768,60955,"Noradrenalin Sintetica 4 mg/4 ml, concentrato per soluzione per infusione",B
1645515,69772,"Noradrenalin Sintetica Ultradiluted 0,01 mg/ml, soluzione iniettabile o per infusione",B
1645516,69772,"Noradrenalin Sintetica Ultradiluted 0,02 mg/ml, soluzione iniettabile o per infusione",B
1363965,66568,"Nordimet 10 mg/0.4 ml, Injektionslösung im Fertigpen",A
1332984,65839,"Nordimet 10.0 mg/0.4 ml, Injektionslösung in einer Fertigspritze",A
1363966,66568,"Nordimet 12.5 mg/0.5 ml, Injektionslösung im Fertigpen",A
1332985,65839,"Nordimet 12.5 mg/0.5 ml, Injektionslösung in einer Fertigspritze",A
1363967,66568,"Nordimet 15 mg/0.6 ml, Injektionslösung im Fertigpen",A
1332986,65839,"Nordimet 15.0 mg/0.6 ml, Injektionslösung in einer Fertigspritze",A
1363968,66568,"Nordimet 17.5 mg/0.7 ml, Injektionslösung im Fertigpen",A
1332987,65839,"Nordimet 17.5 mg/0.7 ml, Injektionslösung in einer Fertigspritze",A
1363969,66568,"Nordimet 20 mg/0.8 ml, Injektionslösung im Fertigpen",A
1332988,65839,"Nordimet 20.0 mg/0.8 ml, Injektionslösung in einer Fertigspritze",A
1363970,66568,"Nordimet 22.5 mg/0.9 ml, Injektionslösung im Fertigpen",A
1332989,65839,"Nordimet 22.5 mg/0.9 ml, Injektionslösung in einer Fertigspritze",A
1363971,66568,"Nordimet 25 mg/1.0 ml, Injektionslösung im Fertigpen",A
1332990,65839,"Nordimet 25 mg/1.0 ml, Injektionslösung in einer Fertigspritze",A
1363964,66568,"Nordimet 7.5 mg/0.3 ml, Injektionslösung im Fertigpen",A
1332983,65839,"Nordimet 7.5 mg/0.3 ml, Injektionslösung in einer Fertigspritze",A
1156602,60469,"Norditropin FlexPro 10 mg, Injektionspräparat",A
1156603,60469,"Norditropin FlexPro 15 mg, Injektionspräparat",A
1156601,60469,"Norditropin FlexPro 5 mg, Injektionspräparat",A
12385,44812,"Norit, Kapseln",D
1258568,62876,"Norlevo 1.5 mg, Tabletten",B
12399,44854,"Normison 20 mg, Weichkapseln",B
12400,44854,"Normison mite 10 mg, Weichkapseln",B
12404,43916,"Normolytoral, Pulver",D
1005406,52776,"Normosang, Konzentrat zur Herstellung einer Infusionslösung",A
37854,52277,"Norprolac 150 ug, Tabletten",B
37853,52277,"Norprolac 75 ug, Tabletten",B
37852,52277,"Norprolac Starter-pack, 25 ug + 50 ug, Tabletten",B
76539,54301,"Norsol, Filmtabletten",A
12412,50044,"Norvasc 10 mg, Tabletten",B
12411,50044,"Norvasc 5 mg, Tabletten",B
1157702,60090,"Norvir, Filmtabletten",A
30569,50290,"Notakehl D3, Salbe",B
30568,50291,"Notakehl D3, Zäpfchen",B
30570,50292,"Notakehl D4, Hartkapseln",B
30571,50295,"Notakehl D5, Injektionslösung (i.m., s.c., i.c., i.v.)",B
30572,50293,"Notakehl D5, Tabletten",B
30573,50294,"Notakehl D5, Tropfen zum Einnehmen und Inhalieren und Einreiben",B
30574,50295,"Notakehl D6, Injektionslösung (i.m., s.c., i.c., i.v.)",B
30575,50295,"Notakehl D7, Injektionslösung (i.m., s.c., i.c., i.v.)",B
12511,16950,"Novalgin, Injektionslösung i.m., i.v.",B
1075131,16950,"Novalgin, Injektionslösung i.m., i.v.",B
12513,16951,"Novalgin, Oblong-Tabletten",B
12512,22101,"Novalgin, Suppositorien",B
12514,16952,"Novalgin, Tropfen",B
126535,56541,"Novaminsulfon Sintetica 500 mg/ml, soluzione iniettabile",B
34212,36289,"Novesin 0,4 %, Augentropfen",B
1000340,56184,"Novofem, Filmtabletten",B
1177615,60606,"Novo-Helisen Depot D. farinae/D. pteronyssinus Kombipackung 1-3, Injektionssuspension",A
1177616,60606,"Novo-Helisen Depot D. farinae/D. pteronyssinus Stärke 3, Injektionssuspension",A
79440,54571,"NovoNorm 0,5 mg, Tabletten",B
79441,54571,"NovoNorm 1,0 mg, Tabletten",B
79442,54571,"NovoNorm 2,0 mg, Tabletten",B
1118342,58693,"NovoSeven 1 mg, raumtemperaturstabiles Injektionspräparat",B
1118343,58693,"NovoSeven 2 mg, raumtemperaturstabiles Injektionspräparat",B
1118344,58693,"NovoSeven 5 mg, raumtemperaturstabiles Injektionspräparat",B
12532,37716,"Novothyral, Tabletten",B
1289003,63240,"Noxafil 100 mg, magensaftresistente Tablette",B
1312446,65172,"Noxafil 300mg (18mg/ml), Konzentrat zur Herstellung einer Infusionslösung",B
1062660,57843,"Noxafil, Suspension zum Einnehmen",B
1324554,24041,"Nozinan 100 mg, comprimés pelliculés",B
1324553,24041,"Nozinan 25 mg, comprimés pelliculés",B
12535,25039,"Nozinan, solution buvable",B
1291988,25039,"Nozinan, solution buvable",B
1550032,69065,"Nplate 125 mcg, Pulver zur Herstellung einer Injektionslösung",A
1177642,61541,"Nplate, 250 mcg Pulver und Lösungsmittel zur Herstellung einer Injektionslösung",A
1177643,61541,"Nplate, 500 mcg Pulver und Lösungsmittel zur Herstellung einer Injektionslösung",A
1443693,67521,"NUBEQA 300 mg, Filmtabletten",B
1439675,67350,"Nucala 100 mg/mL, Injektionslösung im Fertigpen",B
1439676,67351,"Nucala 100 mg/mL, Injektionslösung in der Fertigspritze",B
1556000,61521,"Nulojix 250 mg, Pulver für ein Konzentrat zur Herstellung einer Infusionslösung",A
1546855,61336,"Numeta Neo, Emulsion zur Infusion",B
1199592,61425,"Numeta Ped G16% E, Infusionslösung zur totalen parenteralen Ernährung",B
1199593,61425,"Numeta Ped G19% E, Infusionslösung zur totalen parenteralen Ernährung",B
1603678,66365,"Nurofen Dolo Junior Erdbeer, Suspension zum Einnehmen",D
1464077,50243,"Nurofen Dolo, Dragées",D
1439407,66852,"Nurofen Junior forte Erdbeer, Suspension zum Einnehmen",B
1462983,67586,"Nustendi 180 mg / 10 mg, Filmtabletten",B
12548,45187,"Nutraplus, Crème",D
12555,47614,"Nutriflex Peri, Infusionslösung",B
39517,51671,"Nutriflex plus, Infusionslösung 1000 ml",B
1104526,42847,"Nutriflex special, Infusionslösung",B
1389345,66336,"Nutryelt, Konzentrat zur Herstellung einer Infusionslösung",B
1358398,56038,"NuvaRing, Ring zur vaginalen Anwendung",B
1624342,69704,"Nuvaring, Vaginalring mit Applikator Btl",B
1323559,65551,"Nuwiq 1000 IE, Pulver und Lösungsmittel zur Herstellung einer Injektionslösung",B
1323560,65551,"Nuwiq 2000 IE, Pulver und Lösungsmittel zur Herstellung einer Injektionslösung",B
1323557,65551,"Nuwiq 250 IE, Pulver und Lösungsmittel zur Herstellung einer Injektionslösung",B
1323558,65551,"Nuwiq 500 IE, Pulver und Lösungsmittel zur Herstellung einer Injektionslösung",B
1119037,59757,"Nux vomica D4, Injektionslösung (s.c.)",B
12567,47398,"Nux vomica-Homaccord, Tropfen zum Einnehmen",D
1619665,69093,"Nystafem Combipack 100 000 U.I., Salbe und Vaginaltabletten",D
12577,38868,"Nystalocal, Crème",B
1393394,66930,"Nyxoid 1,8 mg, Nasenspray",B
12585,38358,"Obracin 150 mg/2 mL, Injektionslösung",A
12583,38358,"Obracin 40 mg/1 mL, Injektionslösung",A
12584,38358,"Obracin 80 mg/2 mL, Injektionslösung",A
1629024,68988,"Ocrevus subkutan 920 mg/23 ml, Injektionslösung",A
1366338,66185,"Ocrevus, Konzentrat zur Herstellung einer Infusionslösung",A
1147753,60323,"Octagam 10 %, Lösung zur intravenösen Anwendung",B
1157703,60323,"Octagam 10 %, Lösung zur intravenösen Anwendung",B
1157704,60323,"Octagam 10 %, Lösung zur intravenösen Anwendung",B
1157705,60323,"Octagam 10 %, Lösung zur intravenösen Anwendung",B
1462873,60323,"Octagam 10 %, Lösung zur intravenösen Anwendung",B
1318895,666,"Octanate 1'000 IE, Trockensubstanz",B
1318893,666,"Octanate 250 IE, Trockensubstanz",B
1318894,666,"Octanate 500 IE, Trockensubstanz",B
1632935,602,"octaplasLG, Infusionslösung",B
1632936,602,"octaplasLG, Infusionslösung",B
1632937,602,"octaplasLG, Infusionslösung",B
1632938,602,"octaplasLG, Infusionslösung",B
1635134,69780,"octaplasLG, Pulver und Lösungsmittel zur Herstellung einer Infusionslösung",B
1320890,57918,"Octaplex 1000, Pulver und Lösungsmittel zur Herstellung einer Infusionslösung",B
1320889,57918,"Octaplex 500, Pulver und Lösungsmittel zur Herstellung einer Infusionslösung",B
26337,49187,"Octeniderm farblos, Lösung",D
1119329,49187,"Octeniderm farblos, Lösung",D
1261824,62809,"Octenimed, Gurgellösung / Mundspülung",D
26339,49853,"Octenisept farblos, Lösung",D
1092774,49853,"Octenisept farblos, Lösung",D
39094,52711,"Octostim 15 ug, Injektions-/Infusionslösung",B
1027620,52810,"OctreoScan, Kit",A
1266486,63241,"Octreotid Labatec 0,05 mg/mL, Solution pour injection",A
1266487,63241,"Octreotid Labatec 0,1 mg/mL, Solution pour injection",A
1266488,63241,"Octreotid Labatec 0,5 mg/mL, Solution pour injection",A
1266489,65110,"Octreotid Labatec 0.2 mg/ml, Solution pour injection",A
61964,53635,"Oculac SDU, Augentropfen",D
12601,53908,"Oculoheel, homöopathische Augentropfen, Monodosen",D
1385565,66031,"Odefsey 200/25/25 mg, Filmtabletten",A
1306725,46638,"Oestrogel, Transdermales Gel",B
1295608,52195,"Oestro-Gynaedron, Vaginalcrème",B
1302647,65330,"OFEV 100 mg, Weichkapseln",B
1302648,65330,"OFEV 150 mg, Weichkapseln",B
1439781,67467,"Ogivri 150 mg, Pulver für ein Konzentrat zur Herstellung einer Infusionslösung",A
1439782,67470,"Ogivri 440 mg, Pulver für ein Konzentrat zur Herstellung einer Infusionslösung",A
32043,51532,"Okoubasan, homöopathische Tropfen",D
1191403,62223,"Olanpax 10 mg, Filmtabletten",B
1314883,62224,"Olanpax 10 mg, Schmelztabletten",B
1191404,62223,"Olanpax 15 mg, Filmtabletten",B
1314884,62224,"Olanpax 15 mg, Schmelztabletten",B
1191400,62223,"Olanpax 2.5 mg, Filmtabletten",B
1314885,62224,"Olanpax 20 mg, Schmelztabletten",B
1191401,62223,"Olanpax 5 mg, Filmtabletten",B
1314882,62224,"Olanpax 5 mg, Schmelztabletten",B
1154377,59142,"Olanzapin Sandoz 10, Filmtabletten",B
1186543,62031,"Olanzapin Sandoz 10, Schmelztabletten",B
1154378,59142,"Olanzapin Sandoz 15, Filmtabletten",B
1186544,62031,"Olanzapin Sandoz 15, Schmelztabletten",B
1154375,59142,"Olanzapin Sandoz 2,5, Filmtabletten",B
1186545,62031,"Olanzapin Sandoz 20, Schmelztabletten",B
1154376,59142,"Olanzapin Sandoz 5, Filmtabletten",B
1186542,62031,"Olanzapin Sandoz 5, Schmelztabletten",B
1250837,59813,"Olanzapin Spirig HC 10, Filmtabletten",B
1250838,59813,"Olanzapin Spirig HC 15, Filmtabletten",B
1250835,59813,"Olanzapin Spirig HC 2.5, Filmtabletten",B
1250839,59813,"Olanzapin Spirig HC 20, Filmtabletten",B
1250836,59813,"Olanzapin Spirig HC 5, Filmtabletten",B
1457731,61514,"Olanzapin Zentiva 10 mg, Tabletten",B
1457732,61514,"Olanzapin Zentiva 15 mg, Tabletten",B
1457729,61514,"Olanzapin Zentiva 2.5 mg, Tabletten",B
1457730,61514,"Olanzapin Zentiva 5 mg, Tabletten",B
1141715,59333,"Olanzapin-Mepha 10 oro, Schmelztabletten",B
1141720,59332,"Olanzapin-Mepha 10, Tabletten",B
1141712,59333,"Olanzapin-Mepha 15 oro, Schmelztabletten",B
1141721,59332,"Olanzapin-Mepha 15, Tabletten",B
1141723,59332,"Olanzapin-Mepha 2.5, Tabletten",B
1141713,59333,"Olanzapin-Mepha 20 oro, Schmelztabletten",B
1141722,59332,"Olanzapin-Mepha 20, Tabletten",B
1141710,59333,"Olanzapin-Mepha 5 oro, Schmelztabletten",B
1141717,59332,"Olanzapin-Mepha 5, Tabletten",B
1141711,59333,"Olanzapin-Mepha 7.5 oro, Schmelztabletten",B
1141719,59332,"Olanzapin-Mepha 7.5, Tabletten",B
12685,53969,"Olbas Oel, flüssig",D
1444459,55164,"Olfen duo release, Kapseln",B
1082557,56088,"Olfen Patch, Pflaster",D
12710,48706,"Olfen, Gel",D
12716,46851,"Olfen-100, Depocaps",B
12712,46519,"Olfen-25, Lactab",B
12713,46519,"Olfen-50, Lactab",B
88398,54702,"Olfen-75 retard, Depotabs",B
1119391,59616,"Olibanum comp., Injektionslösung (s.c.)",B
1119815,58182,"OLIMEL 5,7 % mit Elektrolyte, Infusionsemulsion",B
1441808,58182,"OLIMEL 5,7 % mit Elektrolyte, Infusionsemulsion",B
1441809,58182,"OLIMEL 5,7 % mit Elektrolyte, Infusionsemulsion",B
1119846,59377,"OLIMEL 5,7 % ohne Elektrolyte, Infusionslösung",B
1613991,59377,"OLIMEL 5,7 % ohne Elektrolyte, Infusionslösung",B
1440877,58182,"OLIMEL 7,6 % mit Elektrolyte, Infusionsemulsion",B
1440878,58182,"OLIMEL 7,6 % mit Elektrolyte, Infusionsemulsion",B
1440879,58182,"OLIMEL 7,6 % mit Elektrolyte, Infusionsemulsion",B
1480816,66520,"Olmesartan Amlo Spirig HC 20mg/5mg, Filmtabletten",B
1480818,66520,"Olmesartan Amlo Spirig HC 40mg/10mg, Filmtabletten",B
1480817,66520,"Olmesartan Amlo Spirig HC 40mg/5mg, Filmtabletten",B
1360136,66468,"Olmesartan Amlodipin Sandoz 20mg/5mg, Filmtabletten",B
1360138,66468,"Olmesartan Amlodipin Sandoz 40mg/10mg, Filmtabletten",B
1360137,66468,"Olmesartan Amlodipin Sandoz 40mg/5mg, Filmtabletten",B
1512821,68585,"Olmesartan Amlodipin Zentiva 20 mg/5 mg, Filmtabletten",B
1512823,68585,"Olmesartan Amlodipin Zentiva 40 mg/10 mg, Filmtabletten",B
1512822,68585,"Olmesartan Amlodipin Zentiva 40 mg/5 mg, Filmtabletten",B
1321674,65935,"Olmesartan Plus Sandoz 20 mg/12,5 mg, Filmtabletten",B
1321673,65935,"Olmesartan Plus Sandoz 20 mg/25 mg, Filmtabletten",B
1321672,65935,"Olmesartan Plus Sandoz 40 mg/12,5 mg, Filmtabletten",B
1321671,65935,"Olmesartan Plus Sandoz 40 mg/25 mg, Filmtabletten",B
1321536,65933,"Olmesartan Sandoz 10 mg, Filmtabletten",B
1321535,65933,"Olmesartan Sandoz 20 mg, Filmtabletten",B
1321534,65933,"Olmesartan Sandoz 40 mg, Filmtabletten",B
1338603,66013,"Olmesartan Spirig HC 10mg, Filmtabletten",B
1338604,66013,"Olmesartan Spirig HC 20mg, Filmtabletten",B
1338605,66013,"Olmesartan Spirig HC 40mg, Filmtabletten",B
1452975,67602,"Olmesartan-Amlodipin-HCT-Mepha 20 mg/5 mg/12,5 mg, Filmtabletten",B
1452977,67602,"Olmesartan-Amlodipin-HCT-Mepha 40 mg/10 mg/12,5 mg, Filmtabletten",B
1452979,67602,"Olmesartan-Amlodipin-HCT-Mepha 40 mg/10 mg/25 mg, Filmtabletten",B
1452976,67602,"Olmesartan-Amlodipin-HCT-Mepha 40 mg/5 mg/12,5 mg, Filmtabletten",B
1452978,67602,"Olmesartan-Amlodipin-HCT-Mepha 40 mg/5 mg/25 mg, Filmtabletten",B
1344310,66103,"Olmesartan-Amlodipin-Mepha 20 mg/5 mg, Filmtabletten",B
1344312,66103,"Olmesartan-Amlodipin-Mepha 40 mg/10 mg, Filmtabletten",B
1344311,66103,"Olmesartan-Amlodipin-Mepha 40 mg/5 mg, Filmtabletten",B
1509370,68456,"Olmesartan-HCT-Mepha Teva 20/12.5 mg, Filmtabletten",B
1509371,68456,"Olmesartan-HCT-Mepha Teva 20/25 mg, Filmtabletten",B
1509372,68456,"Olmesartan-HCT-Mepha Teva 40/12.5 mg, Filmtabletten",B
1509373,68456,"Olmesartan-HCT-Mepha Teva 40/25 mg, Filmtabletten",B
1510092,68523,"Olmesartan-Mepha Teva 10 mg, Filmtabletten",B
1510093,68523,"Olmesartan-Mepha Teva 20 mg, Filmtabletten",B
1510094,68523,"Olmesartan-Mepha Teva 40 mg, Filmtabletten",B
1018122,55907,"Olmetec 10 mg, Filmtabletten",B
1018123,55907,"Olmetec 20 mg, Filmtabletten",B
1018125,55907,"Olmetec 40 mg, Filmtabletten",B
1025112,57038,"Olmetec Plus 20/12,5, Filmtabletten",B
1025113,57038,"Olmetec Plus 20/25, Filmtabletten",B
1168589,57038,"Olmetec Plus 40/12,5, Filmtabletten",B
1168590,57038,"Olmetec Plus 40/25, Filmtabletten",B
1289775,45024,"Ologyn, comprimés",B
1366478,66126,"Ologynelle, comprimés pelliculés",B
1359350,66215,"Olumiant 2 mg, comprimés pelliculés",B
1359351,66215,"Olumiant 4 mg, comprimés pelliculés",B
1323823,60019,"Omed antacid Sandoz 20 mg, Kapseln",D
1354744,65689,"Omegaflex peri, Infusionsemulsion 1250 ml",B
1354754,65852,"Omegaflex special 1250 ml, Emulsion zur Infusion",B
1354755,65852,"Omegaflex special 1875 ml, Emulsion zur Infusion",B
1354753,65852,"Omegaflex special 625 ml, Emulsion zur Infusion",B
1354752,65726,"Omegaflex special ohne Elektrolyte, Emulsion zur Infusion 1875 ml",B
1006414,54750,"Omegaven-Fresenius, Infusionsemulsion",B
1047824,56399,"Omeprax 10 mg, Filmtabletten",B
1047826,56399,"Omeprax 20 mg, Filmtabletten",B
1047827,56399,"Omeprax 40 mg, Filmtabletten",B
1311220,65979,"Omeprax-Drossapharm 10mg, magensaftresistente Kapseln",B
1311221,65979,"Omeprax-Drossapharm 20mg, magensaftresistente Kapseln",B
1311222,65979,"Omeprax-Drossapharm 40mg, magensaftresistente Kapseln",B
1163641,60486,"Omeprazol MUT Sandoz 10 mg, Filmtabletten",B
1163642,60486,"Omeprazol MUT Sandoz 20 mg, Filmtabletten",B
1163643,60486,"Omeprazol MUT Sandoz 40 mg, Filmtabletten",B
1323835,57270,"Omeprazol Sandoz eco 10 mg, Kapseln",B
1323836,57270,"Omeprazol Sandoz eco 20 mg, Kapseln",B
1323837,57270,"Omeprazol Sandoz eco 40 mg, Kapseln",B
1330892,66009,"Omeprazol Spirig HC 10 mg, Kapseln",B
1330893,66009,"Omeprazol Spirig HC 20 mg, Kapseln",B
1330894,66009,"Omeprazol Spirig HC 40 mg, Kapseln",B
1434954,56313,"Omeprazol Zentiva 10 mg, Filmtabletten",B
1340690,65990,"Omeprazol Zentiva 10 mg, Kapseln",B
1434955,56313,"Omeprazol Zentiva 20 mg, Filmtabletten",B
1340691,65990,"Omeprazol Zentiva 20 mg, Kapseln",B
1434956,56313,"Omeprazol Zentiva 40 mg, Filmtabletten",B
1340692,65990,"Omeprazol Zentiva 40 mg, Kapseln",B
1255632,62875,"Omeprazol-Mepha 10 mg, magensaftresistente Kapseln",B
1255633,62875,"Omeprazol-Mepha 20 mg, magensaftresistente Kapseln",B
1255634,62875,"Omeprazol-Mepha 40 mg, magensaftresistente Kapseln",B
1027393,57064,"Omida Blasenschwächechügeli für Kinder, Globuli",D
1311391,51353,"Omida Cardiospermum fettarm, Creme",D
1126126,49785,"Omida Cardiospermum-N, homöopathische Salbe bei Hautausschlägen",D
12764,50457,"Omida Erkältungschügeli für Kinder, Globuli",D
89188,16477,"Omida Herz und Nerven, Globuli",D
1075160,57759,Omida Hustensirup für Kinder,D
1055386,57665,"Omida Hypalin Chügeli für Kinder, Globuli",D
12778,16484,"Omida Nieren- und Blasentropfen, Tropfen zum Einnehmen",D
1126877,53324,"Omida Rubiderm-N, Creme",D
12780,49640,"Omida Schlafchügeli für Kinder, Globuli",D
111484,50947,"Omida Stockschnupfenchügeli für Kinder, Globuli",D
12792,14575,"Omida Zahnchügeli für Kinder, Globuli",D
12791,20844,"Omidalin Wundtinktur, Flüssigkeit zur Anwendung auf der Haut und in der Mundhöhle",D
1034754,57637,"Omix Ocas 0.4 mg, Retardtabletten",B
1624196,69428,"Omjjara 100 mg, Filmtabletten",A
1624197,69428,"Omjjara 150 mg, Filmtabletten",A
1624198,69428,"Omjjara 200 mg, Filmtabletten",A
1627553,69508,"Omlyclo 150 mg/1 ml, solution injectable en seringue préremplie",B
1627552,69508,"Omlyclo 75 mg/0.5 ml, solution injectable en seringue préremplie",B
1283793,61306,"Omnitrope 10 mg, Injektionslösung",A
1278840,61306,"Omnitrope 15 mg, Injektionslösung",A
1283792,61306,"Omnitrope 5 mg, Injektionslösung",A
1601489,68952,"Omvoh 100 mg, solution injectable en stylo prérempli",B
1601487,68950,"Omvoh 300 mg, solution à diluer pour perfusion",B
1154498,60141,"Onbrez Breezhaler 150 mcg, Pulver Hartkapseln zur Inhalation (mit Inhalator)",B
1154499,60141,"Onbrez Breezhaler 300 mcg, Pulver Hartkapseln zur Inhalation (mit Inhalator)",B
1403985,66934,"Oncaspar 750 UI/ml, poudre pour solution injectable",A
12836,52563,"OncoTICE, Lyophilisat",A
1403986,66785,"Ondansetron Accord 4 mg/2 ml, Konzentrat zur Herstellung einer Infusionslösung / Injektionslösung",B
1403987,66785,"Ondansetron Accord 8 mg/4 ml, Konzentrat zur Herstellung einer  Infusionslösung",B
1253555,63071,"Ondansetron Fresenius i.v. 4 mg/2 ml, Konzentrat zur Herstellung einer Injektions- /Infusionslösung",B
1253556,63071,"Ondansetron Fresenius i.v. 8 mg/4 ml, Konzentrat zur Herstellung einer Infusionslösung",B
1283340,65145,"Ondansetron Labatec 4 mg, comprimés pelliculés",B
1283341,65145,"Ondansetron Labatec 8 mg, comprimés pelliculés",B
1147580,59435,"Ondansetron Labatec, 4mg/2ml,  concentré pour perfusion",B
1147581,59435,"Ondansetron Labatec, 8mg/4ml, concentré pour perfusion",B
1277825,63263,"Ondansetron ODT Labatec 4mg, comprimés orodispersibles",B
1277826,63263,"Ondansetron ODT Labatec 8 mg, comprimés orodispersibles",B
1392976,67216,"Ondansetron ODT Sandoz 4 mg, Schmelztabletten",B
1392977,67216,"Ondansetron ODT Sandoz 8 mg, Schmelztabletten",B
1392974,67214,"Ondansetron Sandoz 4 mg, Filmtabletten",B
1392979,67215,"Ondansetron Sandoz 4 mg/2 ml, Infusionskonzentrat/ Injektionslösung",B
1392975,67214,"Ondansetron Sandoz 8 mg, Filmtabletten",B
1392980,67215,"Ondansetron Sandoz 8 mg/4 ml, Infusionskonzentrat/ Injektionslösung",B
1295125,58219,"Ondansetron-Teva 4 oro, Schmelztabletten",B
1134095,57199,"Ondansetron-Teva 4mg/2ml, Infusionskonzentrat",B
1295126,58219,"Ondansetron-Teva 8 oro, Schmelztabletten",B
1134097,57199,"Ondansetron-Teva 8mg/4ml, Infusionskonzentrat",B
1134090,57202,"Ondansetron-Teva, 4mg, Filmtabletten",B
1134091,57202,"Ondansetron-Teva, 8mg, Filmtabletten",B
1461943,67759,"Ondexxya 200 mg, Pulver zur Herstellung einer Infusionslösung",A
1385220,66547,"Ongentys 50 mg, gélules",B
1141764,59390,"Onglyza 2.5 mg, Filmtabletten",B
1141765,59390,"Onglyza 5 mg, Filmtabletten",B
1448331,65994,"Onivyde liposomal pégylé 4.3 mg / ml, dispersion à diluer pour perfusion",A
1452980,67325,"Onopordon comp. 5% Digestio ethanolica, Tropfen zum Einnehmen",D
1119397,59539,"Onopordon comp. Digestio aquos 1%, Injektionslösung (s.c.)",B
1119399,59539,"Onopordon comp. Digestio aquos 5%, Injektionslösung (s.c.)",B
1424120,67304,"Onpattro 2 mg/ml, Konzentrat zur Herstellung einer Infusionslösung",B
1502272,68051,"Ontozry 100 mg, Filmtabletten",B
1502275,68051,"Ontozry 12.5 mg, Tabletten",B
1502270,68051,"Ontozry 12.5 mg, Tabletten und Ontozry 25 mg, Filmtabletten",B
1502273,68051,"Ontozry 150 mg, Filmtabletten",B
1502274,68051,"Ontozry 200 mg, Filmtabletten",B
1502271,68051,"Ontozry 50 mg, Filmtabletten",B
1475925,67802,"Onureg 200 mg, Filmtabletten",A
1475926,67802,"Onureg 300 mg, Filmtabletten",A
127111,56175,"Opatanol, Augentropfen",B
1310904,65660,"Opdivo 100 mg/10 ml, Konzentrat zur Herstellung einer Infusionslösung",A
1379284,65660,"Opdivo 240 mg/24 ml, Konzentrat zur Herstellung einer Infusionslösung",A
1310903,65660,"Opdivo 40 mg/4 ml, Konzentrat zur Herstellung einer Infusionslösung",A
1519794,68609,"Opdualag (80 mg Relatlimab / 240 mg Nivolumab pro 20 ml), Konzentrat zur Herstellung einer Infusionslösung",A
1622318,67806,"Opfolda 65 mg, Hartkapseln",B
118728,56250,"Oprane, comprimés pelliculés",D
34844,52295,"Opsonat, Tropfen zum Einnehmen",D
1260059,61863,"Opsumit 10 mg, Filmtabletten",B
1199056,62363,"Optava Unit Dose, Augentropfen",D
1186960,49232,"Opticrom-Allergo, Augentropfen in Ampullen",D
100613,55650,"Optiderm F Creme, Creme",D
1395631,55650,"Optiderm F Creme, Creme",D
1009020,56914,"Optiderm Lotion, Lotion",D
40915,50354,"Optiderm, Crème",D
12904,47596,"Optifen 400, Filmtabletten",B
12905,47596,"Optifen 600, Filmtabletten",B
1539512,68629,"Optifen Dolo Duo 200 mg / 500 mg, Filmtabletten",D
1412652,67130,"Optifen Dolo Junior 100 mg / 5ml, Suspension zum Einnehmen",D
1510508,68494,"Optifen Dolo Liquid Caps 400 mg, Weichkapseln",D
1401405,66903,"Optifen Junior, Suspension zum Einnehmen",B
12921,49999,"Optiray 300, Injektionslösung",B
97960,49999,"Optiray 300, Injektionslösung",B
12922,49999,"Optiray 350, Injektionslösung",B
97962,49999,"Optiray 350, Injektionslösung",B
1634854,69443,"Opzelura 15 mg/g, crème",B
1207438,61686,"Oracea, Hartkapseln mit veränderter Wirkstofffreisetzung",A
1183593,61384,"Oralair 100 IR und 300 IR, Sublingualtabletten",A
1183594,61384,"Oralair 300 IR, Sublingualtabletten",A
1320569,65833,"Orencia 125 mg/1 ml, Injektionslösung zur subkutanen Anwendung (Fertigpen)",B
1073428,57769,"Orencia 250 mg, Pulver zur Herstellung eines Infusionslösungkonzentrats",A
1206897,62141,"Orencia, Injektionslösung zur subkutanen Anwendung (Fertigspritze mit Nadelschutz)",B
71598,54331,"Orfiril 300mg/3mL, Injektionslösung",B
105404,55431,"Orfiril long 1000 mg, Retardgranulat im Beutel",B
70188,54268,"Orfiril long 150 mg, Retardkapseln",B
70189,54268,"Orfiril long 300 mg, Retardkapseln",B
105403,55431,"Orfiril long 500 mg, Retardgranulat im Beutel",B
1425883,43225,"Orfiril, Sirup",B
92351,55364,"Orgalutran, Injektionslösung",A
119165,51809,"Orgaran, Injektionslösung",B
1556422,69150,"Orgovyx 120 mg, Filmtabletten",A
25501,52621,"Original Dr. Andres Wallwurzsalbe, Gel",D
1395412,65981,"Orkambi 100 mg / 125 mg, Filmtabletten",A
1437334,67395,"Orkambi 100 mg lumacaftor / 125 mg ivacaftor, Granulat",A
1437333,67395,"Orkambi 150 mg lumacaftor / 188 mg ivacaftor, Granulat",A
1332904,65981,"Orkambi 200 mg / 125 mg, Filmtabletten",A
1622240,67395,"Orkambi 75 mg lumacaftor / 94 mg ivacaftor, Granulat",A
1503513,68464,"Orladeyo 150 mg, Hartkapseln",B
1187518,62107,"Orlistat Sandoz 120, Kapseln",B
1277857,65219,"Orlistat Spirig HC 120 mg, Kapseln",B
1215372,62663,"Orlistat-Mepha 120, Kapseln",B
1403988,67132,"Ornibel, Vaginalring",B
1616254,69417,"Orserdu 345 mg, Filmtabletten",B
1616253,69417,"Orserdu 86 mg, Filmtabletten",B
123276,42989,Osa Gel dentaire,D
24726,50997,"Osa Pflanzen-Zahngel mit Propolis, Gel zur Anwendung am Zahnfleisch",D
1500505,42989,Osa Zahngel,D
13003,10999,"Osanit dentition, globules",D
27983,52862,"Oscillococcinum, granules en récipient unidose",D
13016,37523,"Ospen 1000, Filmtabletten",B
13017,37523,"Ospen 1500, Filmtabletten",B
13013,37057,"Ospen 400, Sirup",B
1354621,37057,"Ospen 400, Sirup",B
1472848,37057,"Ospen 750, Sirup",B
123664,55603,"Ospolot 200 mg, Filmtabletten",B
123663,55603,"Ospolot 50 mg, Filmtabletten",B
63814,55143,"OSS-regen, Tropfen zum Einnehmen",D
1297576,56955,"Osteocal D3 1200/800, Brausetabletten",D
13037,10714,"Otalgan, solution",D
1296723,65346,"Otezla 10 mg, 20 mg, 30 mg, Filmtabletten",B
1296724,65346,"Otezla 30mg, Filmtabletten",B
24730,50846,"Otidolo, Ohrentropfen",B
1008834,34735,"Otipax, liquido",D
1336131,54419,"Otri Heuschnupfen Microdoseur, Suspension",D
1121315,60125,"Otriduo Schnupfen, Nasenspray, Lösung",D
1115250,58857,"Otrivin Schnupfen 0,1 % ohne Konservierungsmittel, Nasenspray, Lösung",D
1000143,24926,"Otrivin Schnupfen 0,1 %, Lösung",D
1000146,44939,"Otrivin Schnupfen 0.1 % Menthol, Nasenspray, Lösung",D
1640760,58857,"Otrivin Schnupfen 0.1 %, Nasenspray, Lösung",D
1640763,44939,"Otrivin Schnupfen Classic 0.05 %, Nasenspray, Lösung",D
1640765,44939,"Otrivin Schnupfen Classic 0.1 %, Nasenspray, Lösung",D
1640773,44939,"Otrivin Schnupfen Classic Menthol 0.1 %, Nasenspray, Lösung",D
1403222,66992,"Otrivin Schnupfen Plus, Nasenspray, Lösung",D
1394346,66255,"Ovaleap 300 IU/0.5 ml , Injektionslösung",A
1394347,66255,"Ovaleap 450 IU/0.75 ml , Injektionslösung",A
1394348,66255,"Ovaleap 900 IU/1.5 ml , Injektionslösung",A
1534347,68792,"Ovamex, Injektionslösung in einer Fertigspritze",A
1124759,60313,"Ovaria comp., Injektionslösung (s.c.)",B
13056,50844,"Ovestin Crème, Vaginalcreme",B
13054,47183,"Ovestin Ovula, Vaginalovula",B
13055,24122,"Ovestin, Tabletten",B
1002024,56364,"Ovitrelle 250 µg, Injektionslösung in einer Fertigspritze",A
1308984,65525,"Ovixan 1 mg/g, Crème",B
1452592,67140,"Oxaliplatin Accord 100 mg/20 ml, Konzentrat zur Herstellung einer Infusionslösung",A
1452591,67140,"Oxaliplatin Accord 200 mg/40 ml, Konzentrat zur Herstellung einer Infusionslösung",A
1452590,67140,"Oxaliplatin Accord 50 mg/10 ml, Konzentrat zur Herstellung einer Infusionslösung",A
1353614,61663,"Oxaliplatin Sandoz 100 mg/20 ml, Konzentrat zur Herstellung einer Infusionslösung",A
1353615,61663,"Oxaliplatin Sandoz 200 mg/40 ml, Konzentrat zur Herstellung einer Infusionslösung",A
1353613,61663,"Oxaliplatin Sandoz 50 mg/10 ml, Konzentrat zur Herstellung einer Infusionslösung",A
1627212,69177,"Oxaliplatin Zentiva 100 mg/20 ml, Konzentrat zur Herstellung einer Infusionslösung",A
1627213,69177,"Oxaliplatin Zentiva 200 mg/40 ml, Konzentrat zur Herstellung einer Infusionslösung",A
1627211,69177,"Oxaliplatin Zentiva 50 mg/10 ml, Konzentrat zur Herstellung einer Infusionslösung",A
1176793,61688,"Oxaliplatin-Teva liquid 100 mg/20 ml, Konzentrat zur Herstellung einer Infusionslösung",A
1176792,61688,"Oxaliplatin-Teva liquid 200 mg/40 ml, Konzentrat zur Herstellung einer Infusionslösung",A
1176791,61688,"Oxaliplatin-Teva liquid 50 mg/10 ml, Konzentrat zur Herstellung einer Infusionslösung",A
1119400,59299,"Oxalis comp., Ampullen s.c.",B
1315213,53997,"Oxis 12 Turbuhaler, Pulverinhalator",B
1315212,53997,"Oxis 6 Turbuhaler, Pulverinhalator",B
1489964,68239,"Oxlumo 94.5 mg / 0.5 ml, Injektionslösung",B
62615,51523,"Oxybuprocaine 0,4 % SDU Faure, Augentropfen",B
1406963,65931,"Oxycodon Naloxon Spirig HC 10 mg/5 mg, Retardtabletten",A
1406964,65931,"Oxycodon Naloxon Spirig HC 20 mg/10 mg, Retardtabletten",A
1406966,65931,"Oxycodon Naloxon Spirig HC 40 mg/20 mg, Retardtabletten",A
1406962,65931,"Oxycodon Naloxon Spirig HC 5 mg/2.5 mg, Retardtabletten",A
1154382,58707,"Oxycodon Sandoz 10, Retardtabletten",A
1154387,58707,"Oxycodon Sandoz 20, Retardtabletten",A
1223679,58707,"Oxycodon Sandoz 40, Retardtabletten",A
1154381,58707,"Oxycodon Sandoz 5, Retardtabletten",A
1223680,58707,"Oxycodon Sandoz 80, Retardtabletten",A
1349994,63224,"Oxycodon-Mepha retard 10 mg, Retardtabletten",A
1349995,63224,"Oxycodon-Mepha retard 20 mg, Retardtabletten",A
1349996,63224,"Oxycodon-Mepha retard 40 mg, Retardtabletten",A
1349993,63224,"Oxycodon-Mepha retard 5 mg, Retardtabletten",A
1349997,63224,"Oxycodon-Mepha retard 80 mg, Retardtabletten",A
1324037,65723,"Oxycodon-Naloxon Sandoz 10 mg/5mg, Retardtabletten",A
1324038,65723,"Oxycodon-Naloxon Sandoz 20 mg/10mg, Retardtabletten",A
1324040,65723,"Oxycodon-Naloxon Sandoz 40 mg/20mg, Retardtabletten",A
1324036,65723,"Oxycodon-Naloxon Sandoz 5 mg/2.5mg, Retardtabletten",A
1330876,65742,"Oxycodon-Naloxon-Mepha 10 mg/5 mg, Retardtabletten",A
1330877,65742,"Oxycodon-Naloxon-Mepha 20 mg/10 mg, Retardtabletten",A
1330878,65742,"Oxycodon-Naloxon-Mepha 40 mg/20 mg, Retardtabletten",A
1330875,65742,"Oxycodon-Naloxon-Mepha 5 mg/2.5 mg, Retardtabletten",A
94210,54871,"Oxycontin 10 mg, Tabletten retard",A
94211,54871,"Oxycontin 20 mg, Tabletten retard",A
113710,54871,"Oxycontin 40 mg, Tabletten retard",A
1019000,54871,"Oxycontin 5 mg, Tabletten retard",A
113711,54871,"Oxycontin 80 mg, Tabletten retard",A
1158229,59302,"Oxynorm 10 mg, Kapseln",A
1272495,63204,"Oxynorm 10 mg, Schmelztabletten",A
1158230,59302,"Oxynorm 20 mg, Kapseln",A
1158228,59302,"Oxynorm 5 mg, Kapseln",A
1272494,63204,"Oxynorm 5 mg, Schmelztabletten",A
1000344,55352,"Oxynorm, Lösung zum Einnehmen",A
43080,13749,"Oxyplastin, pâte cutanée",D
1475260,67857,"Oyavas 100 mg/4 ml, Konzentrat zur Herstellung einer Infusionslösung",A
1475261,67857,"Oyavas 400 mg/16 ml, Konzentrat zur Herstellung einer Infusionslösung",A
1390144,66604,"Ozempic DualDose, Fertigpen",B
1425521,66604,"Ozempic FixDose 1 mg, Fertigpen",B
1172952,60324,"Ozurdex, intravitreales Implantat in Applikator",A
1328938,58079,"Pabal, Injektionslösung",A
1424122,66853,"Paclitaxel Accord 100 mg/16.7 ml, Konzentrat zur Herstellung einer Infusionslösung",A
1424123,66853,"Paclitaxel Accord 150 mg/25 ml, Konzentrat zur Herstellung einer Infusionslösung",A
1424121,66853,"Paclitaxel Accord 30 mg/5 ml, Konzentrat zur Herstellung einer Infusionslösung",A
1424124,66853,"Paclitaxel Accord 300 mg/50 ml, Konzentrat zur Herstellung einer Infusionslösung",A
1424125,66853,"Paclitaxel Accord 600 mg/100 ml, Konzentrat zur Herstellung einer Infusionslösung",A
1152319,60228,"Paclitaxel Labatec 100 mg/16.7 ml, solution à diluer pour perfusion",A
1152318,60228,"Paclitaxel Labatec 30 mg/5 ml, solution à diluer pour perfusion",A
1152321,60228,"Paclitaxel Labatec 300 mg/50 ml, solution à diluer pour perfusion",A
1178561,56990,"Paclitaxel Sandoz 100 mg/16.7 mL, Konzentrat zur Herstellung einer Infusionslösung",A
1178560,56990,"Paclitaxel Sandoz 150 mg/25 mL, Konzentrat zur Herstellung einer Infusionslösung",A
1178562,56990,"Paclitaxel Sandoz 30 mg/5 mL, Konzentrat zur Herstellung einer Infusionslösung",A
1178559,56990,"Paclitaxel Sandoz 300 mg/50 mL, Konzentrat zur Herstellung einer Infusionslösung",A
1623320,69153,"Paclitaxel-Albumin Spirig HC 5 mg/ml, Pulver zur Herstellung einer Infusionsdispersion",A
1356465,58445,"Paclitaxel-Teva liquid 100 mg / 16.7 ml, Konzentrat zur Herstellung einer Infusionslösung",A
1356466,58445,"Paclitaxel-Teva liquid 150 mg / 25 ml, Konzentrat zur Herstellung einer Infusionslösung",A
1356464,58445,"Paclitaxel-Teva liquid 30 mg / 5 ml, Konzentrat zur Herstellung einer Infusionslösung",A
1356467,58445,"Paclitaxel-Teva liquid 300 mg / 50 ml, Konzentrat zur Herstellung einer Infusionslösung",A
1484851,68291,"Padcev 20 mg, Pulver für ein Konzentrat zur Herstellung einer Infusionslösung",A
1484852,68291,"Padcev 30 mg, Pulver für ein Konzentrat zur Herstellung einer Infusionslösung",A
1467126,67540,"Padma 28 N, Hartkapseln",D
13180,35872,"Padma Lax, Tabletten",B/D
1467192,67541,"Padmed Circosan N, Hartkapseln",D
1175027,60530,"Palexia 100 mg, Filmtabletten",A
1499248,62841,"Palexia 20 mg/ml, Lösung zum Einnehmen",A
1249264,62841,"Palexia 4 mg/ml, Lösung zum Einnehmen",A
1175025,60530,"Palexia 50 mg, Filmtabletten",A
1175026,60530,"Palexia 75 mg, Filmtabletten",A
1256922,62452,"Palexia retard 100 mg, Retardtabletten",A
1256923,62452,"Palexia retard 150 mg, Retardtabletten",A
1256924,62452,"Palexia retard 200 mg, Retardtabletten",A
1320354,62452,"Palexia retard 25 mg, Retardtabletten",A
1256925,62452,"Palexia retard 250 mg, Retardtabletten",A
1256921,62452,"Palexia retard 50 mg, Retardtabletten",A
1476727,67733,"Palforzia 0.5 mg/1 mg, Pulver zum Einnehmen",A
1476723,67733,"Palforzia 1 mg, Pulver zum Einnehmen",A
1491434,67733,"Palforzia 1 mg, Pulver zum Einnehmen",A
1476728,67733,"Palforzia 1 mg/10 mg, Pulver zum Einnehmen",A
1476725,67733,"Palforzia 100 mg, Pulver zum Einnehmen",A
1476724,67733,"Palforzia 20 mg, Pulver zum Einnehmen",A
1491435,67733,"Palforzia 20 mg, Pulver zum Einnehmen",A
1491436,67733,"Palforzia 20 mg, Pulver zum Einnehmen",A
1476729,67733,"Palforzia 20 mg/100 mg, Pulver zum Einnehmen",A
1491437,67733,"Palforzia 20 mg/100 mg, Pulver zum Einnehmen",A
1491438,67733,"Palforzia 20 mg/100 mg, Pulver zum Einnehmen",A
1476726,67733,"Palforzia 300 mg, Pulver zum Einnehmen",A
1491439,67733,"Palforzia 300 mg, Pulver zum Einnehmen",A
1392576,67200,"Paliperidon Sandoz 3 mg, Retardtabletten",B
1392577,67200,"Paliperidon Sandoz 6 mg, Retardtabletten",B
1392578,67200,"Paliperidon Sandoz 9 mg, Retardtabletten",B
1616138,69356,"Paliperidon Spirig HC retard 100 mg/1 ml, Depot-Injektionssuspension in einer Fertigspritze",B
1616139,69356,"Paliperidon Spirig HC retard 150 mg/1.5 ml, Depot-Injektionssuspension in einer Fertigspritze",B
1616135,69356,"Paliperidon Spirig HC retard 25 mg/0.25 ml, Depot-Injektionssuspension in einer Fertigspritze",B
1616136,69356,"Paliperidon Spirig HC retard 50 mg/0.50 ml, Depot-Injektionssuspension in einer Fertigspritze",B
1616137,69356,"Paliperidon Spirig HC retard 75 mg/0.75 ml, Depot-Injektionssuspension in einer Fertigspritze",B
1408681,67213,"Paliperidon-Mepha retard 3 mg, Retardtabletten",B
1408682,67213,"Paliperidon-Mepha retard 6 mg, Retardtabletten",B
1408683,67213,"Paliperidon-Mepha retard 9 mg, Retardtabletten",B
1003542,53222,"Palladon 1,3 mg, Kapseln",A
1003543,53222,"Palladon 2,6 mg, Kapseln",A
1143686,59225,"Palladon Inject 10 mg, Injektions-/Infusionslösung",A
1143684,59225,"Palladon Inject 2 mg, Injektions-/Infusionslösung",A
1143687,59225,"Palladon Inject 20 mg, Injektions-/Infusionslösung",A
1143688,59225,"Palladon Inject 50 mg, Injektions-/Infusionslösung",A
1003546,53223,"Palladon Retard 16 mg, Retardkapseln",A
1005367,53223,"Palladon Retard 24 mg, Retardkapseln",A
1003544,53223,"Palladon Retard 4 mg, Retardkapseln",A
1003545,53223,"Palladon Retard 8 mg, Retardkapseln",A
1486483,68343,"Palonosetron Accord 0,25 mg/5 ml , Injektionslösung",B
1502247,68498,"Palonosetron Labatec 0.25 mg/ 5 ml, solution injectable i.v.",B
1508579,68671,"Palonosetron-Teva 0.25 mg/5 ml, Injektionslösung",B
1396177,56349,"Pamorelin LA 11.25 mg, poudre et solvant pour suspension injectable à libération prolongée",A
1396178,61238,"Pamorelin LA 22.5 mg, poudre et solvant pour suspension injectable à libération prolongée",A
1396176,52815,"Pamorelin LA 3.75 mg, poudre et solvant pour suspension injectable à libération prolongée",A
1013386,43473,Panacur Paste ad us. vet.,B
1013387,55374,Panacur Petpaste ad us.vet.,B
1013389,49164,Panacur Tabletten 250 ad us. vet.,B
1013390,49164,Panacur Tabletten 500 ad us. vet.,B
1509039,56279,"Panadol Extra, Filmtabletten",D
1052808,57454,"Panadol Junior 125 mg, Suppositorien",D
1052809,57454,"Panadol Junior 250 mg, Suppositorien",D
1439290,58837,"Panadol-S, Filmtabletten",B/D
13232,42072,"Panax Ginseng Pine Brand Extrakt, Lösung zum Einnehmen",D
13230,39971,"Panax Ginseng Pine Brand Extrakt, Tropfen",D
13231,48258,"Panax Ginseng Pine Brand Extrakt, Weichkapseln",D
1211629,60356,"Pancreas/Platinum chloratum comp., Solutio ad injectionem",B
13262,31957,"Panotile, gocce otologiche",A
1152325,60408,"Panprax 20 mg, magensaftresistente Tabletten",B
1152326,60408,"Panprax 40 mg, magensaftresistente Tabletten",B
13320,38700,"Pantogar, Kapseln",D
1168457,61372,"Pantoprazol antacid Sandoz, magensaftresistente Filmtabletten",D
1152331,59384,"Pantoprazol Axapharm 20 mg, magensaftresistente Tabletten",B
1152332,59384,"Pantoprazol Axapharm 40 mg, magensaftresistente Tabletten",B
1423898,67644,"Pantoprazol NOBEL 20 mg, magensaftresistente Tabletten",B
1423899,67644,"Pantoprazol NOBEL 40 mg, magensaftresistente Tabletten",B
1138337,59437,"Pantoprazol Nycomed 20 mg, magensaftresistente Tabletten",B
1138338,59437,"Pantoprazol Nycomed 40 mg, magensaftresistente Tabletten",B
1138335,59436,"Pantoprazol Nycomed i.v., Lyophilisat",B
1127766,58350,"Pantoprazol Sandoz 20 mg, magensaftresistente Filmtabletten",B
1127767,58350,"Pantoprazol Sandoz 40 mg, magensaftresistente Filmtabletten",B
1233206,59351,"Pantoprazol Spirig HC 20 mg, magensaftresistente Tabletten",B
1233207,59351,"Pantoprazol Spirig HC 40 mg, magensaftresistente Tabletten",B
1143682,58717,"Pantoprazol Streuli 20 mg, Filmtabletten",B
1143683,58717,"Pantoprazol Streuli 40 mg, Filmabletten",B
1438212,59288,"Pantoprazol Zentiva 20 mg, Filmtabletten",B
1438213,59288,"Pantoprazol Zentiva 40 mg, Filmtabletten",B
1127805,59079,"Pantoprazol-Mepha 20 mg, Filmtabletten",B
1127806,59079,"Pantoprazol-Mepha 40 mg, Filmtabletten",B
1383476,59483,"Pantoprazol-Mepha gastro 20 mg, magensaftresistente Filmtabletten",D
1353292,59834,"Pantoprazol-Mepha Teva 20 mg, magensaftresistente Filmtabletten",B
1353293,59834,"Pantoprazol-Mepha Teva 40 mg, magensaftresistente Filmtabletten",B
1318896,36832,"Pantothen-Streuli, Salbe",D
77051,52710,"Pantozol 20 mg, magensaftresistente Filmtabletten",B
38385,52710,"Pantozol 40 mg, magensaftresistente Filmtabletten",B
1136672,59558,"Pantozol Control, magensaftresistente Filmtabletten",D
1108390,58661,"Pantozol Granula, Granulat",B
94560,55551,"Pantozol i.v., Lyophilisat",B
1373513,66856,"Paracetafelan 500 mg, Tabletten",D
1406560,66983,"Paracetamol axapharm 1 g, Filmtabletten",B
1406559,66983,"Paracetamol axapharm 500 mg, Filmtabletten",B/D
1170430,61442,"Paracetamol Fresenius 1 g, Infusionslösung",B
1541177,61442,"Paracetamol Fresenius 1 g, Infusionslösung",B
1170429,61442,"Paracetamol Fresenius 500 mg, Infusionslösung",B
1547676,68722,"Paracetamol Sandoz eco 1000 mg, Tablette",B
1547675,68722,"Paracetamol Sandoz eco 500 mg, Tablette",B/D
1119934,58716,"Paracetamol Sintetica 1 g/100 ml, sacca per infusione",B
1311043,63235,"Paracetamol Spirig HC 1000 mg, Filmtabletten",B
1311041,63235,"Paracetamol Spirig HC 500 mg, Filmtabletten",B/D
1510510,68375,"Paracetamol Zentiva 1000 mg, Tabletten",B
1510509,68375,"Paracetamol Zentiva 500 mg, Tabletten",B/D
1367305,62116,"Paracetamol-Mepha 1000 mg, Filmtabletten",B
1367306,61402,"Paracetamol-Mepha 500 mg, Filmtabletten",B/D
13335,23774,"Paracodin, gocce",B
81153,55041,"Paragol N, Emulsion zum Einnehmen",D
13349,42778,"Parapic, flüssig",D
13350,42778,"Parapic, flüssig",D
29403,42778,"Parapic, flüssig",D
13356,47671,"Paraplatin 150 mg/15 ml, Infusionslösung",A
13357,47671,"Paraplatin 450 mg/45 ml, Infusionslösung",A
79643,55090,"Pariet 10 mg, Filmtabletten",B
79644,55090,"Pariet 20 mg, Filmtabletten",B
13393,39001,"Parlodel, Tabletten",B
37593,51226,"Paro Amin Fluor Gelée, Gelée",D
1024552,56070,"Parodentosan Gel, Gel zur Anwendung in der Mundhöhle",D
1024560,56080,Parodentosan Spüllösung,D
1015996,56780,"Paronex 20, Filmtabletten",B
1015997,56780,"Paronex 40, Filmtabletten",B
1387531,66970,"Paroxetin Spirig HC 20, Filmtabletten",B
1436877,56962,"Paroxetin Zentiva, Filmtabletten",B
1631381,69271,"Paroxetin-Mepha Teva 20 mg, Filmtabletten",B
1367101,66338,"Parsabiv 10.0 mg, Injektionslösung",B
1367099,66338,"Parsabiv 2.5 mg, Injektionslösung",B
1367100,66338,"Parsabiv 5.0 mg, Injektionslösung",B
13620,32733,"Paspertin 10 mg/2 mL, Injektionslösung",B
13625,32735,"Paspertin, Filmtabletten",B
13626,42894,"Paspertin, Tropfen",B
1217600,34040,"Pasta boli Spirig HC, Paste",D
97963,56517,"Patentblau V Guerbet, Injektionslösung",B
1491262,68793,"Paxlovid, Filmtabletten",A
1539416,52005,"Pectocalmine, sirop",B
1520076,69096,"Pectorex Bronchialpastillen neo, Lutschpastillen",E
99609,54887,"Pectus Bronchialpastillen, Lutschpastillen",E
1254208,62959,"Pectus Junior Hustenpastillen für Kinder mit Vitamin C, Pastillen",E
42232,52013,"Peditrace, Infusionskonzentrat, Zusatzampulle",B
1390633,50296,"Pefrakehl D3, homöopathische Salbe",B
1400072,50372,"Pefrakehl D3, homöopathische Suppositorien",B
28410,50297,"Pefrakehl D4, Hartkapseln",B
28409,50298,"Pefrakehl D5, homöopathische Tropfen",B
91072,50299,"Pefrakehl D6, Injektionslösung (i.c., s.c., i.m.)",B
116812,55585,"Pegasys 135 mcg/0,5 ml, Injektionslösung in einer Fertigspritze",A
116813,55585,"Pegasys 180 mcg/0,5 ml, Injektionslösung in einer Fertigspritze",A
1422495,67405,"Pelgraz 6 mg/ 0.6 ml, Injektionslösung in Fertigspritzen",A
1452766,68116,"Pelgraz 6 mg/0.6 ml, Injektionslösung in Fertiginjektor",A
1478080,68143,"Pemazyre 13,5 mg, comprimés",A
1478078,68143,"Pemazyre 4,5 mg, comprimés",A
1478079,68143,"Pemazyre 9 mg, comprimés",A
1473459,67811,"Pemetrexed Accord liquid 100 mg, Konzentrat zur Herstellung einer Infusionslösung",A
1473462,67811,"Pemetrexed Accord liquid 1000 mg, Konzentrat zur Herstellung einer Infusionslösung",A
1473460,67811,"Pemetrexed Accord liquid 500 mg, Konzentrat zur Herstellung einer Infusionslösung",A
1473461,67811,"Pemetrexed Accord liquid 850 mg, Konzentrat zur Herstellung einer Infusionslösung",A
1393404,66501,"Pemetrexed Sandoz conc. 100 mg/4 ml, Konzentrat zur Herstellung einer Infusionslösung",A
1393405,66501,"Pemetrexed Sandoz conc. 500 mg/20 ml, Konzentrat zur Herstellung einer Infusionslösung",A
1452981,67753,"Pemetrexed Spirig HC 100 mg, Konzentrat zur Herstellung einer Infusionslösung",A
1452983,67753,"Pemetrexed Spirig HC 1000 mg, Konzentrat zur Herstellung einer Infusionslösung",A
1452982,67753,"Pemetrexed Spirig HC 500 mg, Konzentrat zur Herstellung einer Infusionslösung",A
1557037,68040,"Pemetrexed Viatris 100 mg, Konzentrat zur Herstellung einer Infusionslösung",A
1557039,68040,"Pemetrexed Viatris 1000 mg, Konzentrat zur Herstellung einer Infusionslösung",A
1557038,68040,"Pemetrexed Viatris 500 mg, Konzentrat zur Herstellung einer Infusionslösung",A
1366934,66802,"Pemetrexed-Teva liquid 100 mg/4ml, Infusionskonzentrat",A
1366937,66802,"Pemetrexed-Teva liquid 1000 mg/40ml, Infusionskonzentrat",A
1366935,66802,"Pemetrexed-Teva liquid 500 mg/20ml, Infusionskonzentrat",A
1366936,66802,"Pemetrexed-Teva liquid 850 mg/34ml, Infusionskonzentrat",A
1200125,62498,"Pemzek 16 mg, Tabletten",B
1200126,62498,"Pemzek 32 mg, Tabletten",B
1200123,62498,"Pemzek 4 mg, Tabletten",B
1200124,62498,"Pemzek 8 mg, Tabletten",B
1200120,62499,"Pemzek PLUS 16/12.5 mg, Tabletten",B
1200121,62499,"Pemzek PLUS 32/12.5 mg, Tabletten",B
1200122,62499,"Pemzek PLUS 32/25 mg, Tabletten",B
1200119,62499,"Pemzek PLUS 8/12.5 mg, Tabletten",B
116906,56271,"Penicillin ""Grünenthal"" 1 Mega, Pulver zur Herstellung einer Injektions-/Infusionslösung",A
1214262,56271,"Penicillin ""Grünenthal"" 10 Mega, Pulver zur Herstellung einer Injektions-/Infusionslösung",A
1415761,59339,"Penicillium chrysogenum D4, Kapseln",D
1384372,59360,"Penicillium chrysogenum D5, Tabletten",D
1395389,59361,"Penicillium chrysogenum D5, Tropfen",D
1395392,59340,"Penicillium glabrum D5, Tropfen",D
1395391,59359,"Penicillium glabrum, Kapseln",D
1439408,67138,"Pennsaid 2 g / 100 g, Gel",D
13854,50635,"Pentacarinat, poudre pour solution injectable/ pour perfusion ou pour solution pour inhalation par nébulisateur",A
92657,53431,"Pentasa 1g, Depot-Granulat",B
1250479,47502,"Pentasa 1g, Depot-Tabletten",B
1033807,53431,"Pentasa 2g, Depot-Granulat",B
13857,47502,"Pentasa 500 mg, Depot-Tabletten",B
1308255,50725,"Pentasa Klysma, Klistier",B
1024613,55834,"Pentasa, Suppositorien",B
1102366,613,"Pentavac, Poudre et suspension pour suspension injectable",B
1388536,66533,"Penthrox, Flüssigkeit zur Herstellung eines Dampfs zur Inhalation",B
36814,47571,"Perenterol 250, Kapseln",D
36813,47572,"Perenterol 250, Polvere per sospensione orale",D
1557402,47572,"Perenterol 500, Polvere per sospensione orale",B
1547507,68559,"Perenterol Lyo-Sol, polvere per sospensione orale",D
1164893,60114,"Perenterol travel, Capsula",D
1515579,68485,"Pergoquin 1 mg ad us. vet., Tabletten für Pferde",B
1385123,66608,"Pergoveris Pen 300 IE/150 IE/0.48 ml, Injektionslösung im Fertigpen",A
1385124,66608,"Pergoveris Pen 450 IE/225 IE/0.72 ml, Injektionslösung im Fertigpen",A
1385125,66608,"Pergoveris Pen 900 IE/450 IE/1.44 ml, Injektionslösung im Fertigpen",A
29705,50483,"Perilox, Crème",B
1604290,69202,"Perindopril Amlodipin Indapamid Spirig HC 10 mg/10 mg/2,5 mg, Filmtabletten",B
1604289,69202,"Perindopril Amlodipin Indapamid Spirig HC 10 mg/5 mg/2,5 mg, Filmtabletten",B
1604288,69202,"Perindopril Amlodipin Indapamid Spirig HC 5 mg/10 mg/1,25 mg, Filmtabletten",B
1604287,69202,"Perindopril Amlodipin Indapamid Spirig HC 5 mg/5 mg/1,25 mg, Filmtabletten",B
1474235,67958,"Perindopril Amlodipin Indapamid Zentiva 4 mg/10 mg/1.25 mg, Tabletten",B
1474234,67958,"Perindopril Amlodipin Indapamid Zentiva 4 mg/5 mg/1.25 mg, Tabletten",B
1474237,67958,"Perindopril Amlodipin Indapamid Zentiva 8 mg/10 mg/2.5 mg, Tabletten",B
1474236,67958,"Perindopril Amlodipin Indapamid Zentiva 8 mg/5 mg/2.5 mg, Tabletten",B
1543164,69100,"Perindopril Arginin Spirig HC 10 mg, Filmtabletten",B
1543162,69100,"Perindopril Arginin Spirig HC 2,5 mg, Filmtabletten",B
1543163,69100,"Perindopril Arginin Spirig HC 5 mg, Filmtabletten",B
1123923,58333,"Perindopril Sandoz 2 mg, Tabletten",B
1123924,58333,"Perindopril Sandoz 4 mg, Tabletten",B
1123925,58333,"Perindopril Sandoz 8 mg, Tabletten",B
1553719,68963,"Perindopril-Amlodipin-Indapamid-Mepha 10mg/10mg/2.5 mg, Filmtabletten",B
1553718,68963,"Perindopril-Amlodipin-Indapamid-Mepha 10mg/5mg/2.5 mg, Filmtabletten",B
1553717,68963,"Perindopril-Amlodipin-Indapamid-Mepha 5mg/10mg/1.25 mg, Filmtabletten",B
1553716,68963,"Perindopril-Amlodipin-Indapamid-Mepha 5mg/5mg/1.25 mg, Filmtabletten",B
1495381,68624,"Perindopril-Amlodipin-Mepha Teva 10 mg/10 mg, Tabletten",B
1495380,68624,"Perindopril-Amlodipin-Mepha Teva 10 mg/5 mg, Tabletten",B
1495379,68624,"Perindopril-Amlodipin-Mepha Teva 5 mg/10 mg, Tabletten",B
1495378,68624,"Perindopril-Amlodipin-Mepha Teva 5 mg/5 mg, Tabletten",B
1353158,66142,"Perindopril-Indapamid-Mepha 10 mg / 2.5 mg, Filmtabletten",B
1249117,62904,"Perindopril-Indapamid-Mepha 2.5 mg/0.625 mg, Filmtabletten",B
1249118,62904,"Perindopril-Indapamid-Mepha 5 mg/1.25 mg, Filmtabletten",B
1253133,62970,"Perindopril-Mepha N 10 mg, Filmtabletten",B
1253132,62970,"Perindopril-Mepha N 5 mg, Filmtabletten",B
1119816,59376,"PeriOLIMEL 2,5 % mit Elektrolyte, Infusionsemulsion",B
1553984,59376,"PeriOLIMEL 2,5 % mit Elektrolyte, Infusionsemulsion",B
1214524,62510,"Perjeta 420 mg, Konzentrat zur Herstellung einer Infusionslösung",A
13895,52759,"Permixon, Kapseln",D
49650,53532,"Perskindol Classic, bain",D
75343,42369,"Perskindol Classic, fluid",D
51405,48009,"Perskindol Classic, gel",D
51404,46141,"Perskindol Classic, spray",D
119570,56033,"Perskindol Cool avec arnica, gel",E
119571,56015,"Perskindol Cool avec consoude, gel",D
61553,53319,"Perskindol Cool Spray, solution pour pulvérisation cutanée",E
61554,53241,"Perskindol Cool, gel",E
1604212,69254,"Perskindol Diclofenac Patch 180 mg, emplâtre contenant des principes actifs",D
98659,55549,"Perskindol Dolo Spray, pulvérisation cutanée",D
98653,55548,"Perskindol Dolo, Gel",D
1325250,66285,"Perskindol Hot Patch, emplâtre",D
1315319,65778,"Pertector 2.3-57.1 GBq, Radionuklidgenerator",A
14160,17497,"Pertudoron, Tropfen zum Einnehmen",D
1544838,14809,"Peru-Stick, Drehstift",D
1124784,60343,"Petasites comp., Injektionslösung (s.c.)",B
14171,13369,"Pethidin HCl Amino 100 mg/2 ml, Injektionslösung",A
14170,13369,"Pethidin HCl Amino 50 mg/1 ml, Injektionslösung",A
14172,52109,"Petidina HCl 50 mg/mL Sintetica, soluzione iniettabile",A
14173,52109,"Petidina HCl 50 mg/mL Sintetica, soluzione iniettabile",A
14178,29934,"Petinimid, Kapseln",B
14179,29863,"Petinutin, Kapseln",B
14182,38334,"Pevaryl, Crème",D
14187,38335,"Pevaryl, Pulver zur Anwendung auf der Haut",D
14186,50639,"Pevaryl, Spray zur Anwendung auf der Haut, Lösung",D
14189,40662,"Pevisone, Crème",B
1517132,62668,"Pexion 100 mg ad us. vet., Tabletten",B
1362356,62668,"Pexion 400 mg ad us. vet., Tabletten",B
1308911,65490,"Peyona 20 mg / 1 ml, solution pour perfusion et solution buvable",B
1218054,54967,"Pharmaton Vital, Filmtabletten",D
1451322,67263,"Pheburane 483 mg/g, Granulat zur Herstellung einer Lösung zum Einnehmen",B
1509470,68507,"Phelinun 200 mg, polvere e solvente per concentrato per soluzione per infusione",A
1509469,68507,"Phelinun 50 mg, polvere e solvente per concentrato per soluzione per infusione",A
14283,36110,"Phenhydan, Injektionslösung",B
14284,36111,"Phenhydan, Tabletten",B
1604448,66317,"Phenylephrin Aguettant 0.05 mg/ml, solution injectable en seringue préremplie",B
1373557,66508,"Phenylephrin HCl Bichsel 0.1mg/ml, Injektionslösung / Infusionslösung (i.v.)",B
1345166,66010,"Phenylephrin Sintetica 0.1 mg/ml, soluzione iniettabile (s.c., i.m.) o per infusione (i.v.)",B
1476462,66010,"Phenylephrin Sintetica 0.1 mg/ml, soluzione iniettabile (s.c., i.m.) o per infusione (i.v.)",B
1476463,66010,"Phenylephrin Sintetica 0.1 mg/ml, soluzione iniettabile (s.c., i.m.) o per infusione (i.v.)",B
1345167,66010,"Phenylephrin Sintetica 10 mg/ml, soluzione iniettabile (s.c., i.m.) / concentrato per infusione (i.v.)",B
14299,25930,"Phenytoin-Gerot, Tabletten",B
1469735,67828,"Phesgo 1200 mg/600 mg/15 ml, Injektionslösung",A
1469734,67828,"Phesgo 600 mg/600 mg/10 ml, Injektionslösung",A
1159148,63180,"Phoscap, Kapseln",B
14595,45866,"Phosphonorm, Hartkapseln",B
1632283,59617,"Phosphorus D4, Tropfen zum Einnehmen",B
1638535,59617,"Phosphorus D4, Tropfen zum Einnehmen",B
1119421,59508,"Phosphorus D5/Tartarus stibiatus D3, Dilutio",B
1193413,61813,"Physiogel balanced, Infusionslösung",B
1098602,57566,"Physioneal 40 Clear-Flex 1,36 %, Peritonealdialyselösung",B
1098603,57566,"Physioneal 40 Clear-Flex 2,27 %, Peritonealdialyselösung",B
1098604,57566,"Physioneal 40 Clear-Flex 3.86 %, Peritonealdialyselösung",B
1007828,55295,"Physioneal 40 Glucose 1,36 %, Peritonealdialyselösung",B
1007829,55295,"Physioneal 40 Glucose 2,27 %, Peritonealdialyselösung",B
1007830,55295,"Physioneal 40 Glucose 3,86 %, Peritonealdialyselösung",B
73958,51884,"Physiotens 0,3 mg, Filmtabletten",B
106913,51884,"Physiotens forte 0,4 mg, Filmtabletten",B
96621,51884,"Physiotens mite 0,2 mg, Filmtabletten",B
1619230,47073,"Phytomed Magnesium comp., Tabletten",D
1619376,47721,"Phytomed Strophanthinum comp., Tabletten",D
1215656,55369,"Phytovir Creme, Creme",D
1237681,62754,"Picoprep, Pulver zur Herstellung einer Lösung zum Einnehmen",B
1634956,69141,"Picosulfat Spirig HC 7.5 mg/ml, Tropfen",B
1433331,67065,"Pifeltro, Filmtabletten",A
14803,46769,"Pigmanorm, Crème",B
32045,54971,"Pinikehl D4, homöopathische Kapseln",B
91092,54972,"Pinikehl D4, homöopathische Suppositorien",B
91094,54973,"Pinikehl D5, homöopathische Injektionslösung",B
32044,51530,"Pinikehl D5, homöopathische Tropfen",B
1469144,62095,"Pioglitazon-Mepha Teva 15 mg, Tabletten",B
1469145,62095,"Pioglitazon-Mepha Teva 30 mg, Tabletten",B
1469146,62095,"Pioglitazon-Mepha Teva 45 mg, Tabletten",B
1256498,63001,"Piperacillin/Tazobactam Fresenius i.v. 2 g/0.25 g, Pulver zur Herstellung einer Infusionslösung",A
1256499,63001,"Piperacillin/Tazobactam Fresenius i.v. 4 g/0.5 g, Pulver zur Herstellung einer Infusionslösung",A
1080211,58151,"Piperacillin/Tazobactam Sandoz 2,25 g, Pulver zur Herstellung einer Infusionslösung",A
1080213,58151,"Piperacillin/Tazobactam Sandoz 4,5 g, Pulver zur Herstellung einer Infusionslösung",A
1601965,66647,"Piperacillin/Tazobactam Viatris 2 g/0.25 g, Pulver zur Herstellung einer Infusionslösung",A
1601966,66647,"Piperacillin/Tazobactam Viatris 4 g/0.5 g, Pulver zur Herstellung einer Infusionslösung",A
1170599,60142,"Piperacilline-Tazobactam Labatec i.v. 2 g - 0,25 g, poudre pour solution pour perfusion",A
1170600,60142,"Piperacilline-Tazobactam Labatec i.v. 4 g - 0,5 g, poudre pour solution pour perfusion",A
1555690,58459,"Piperacillin-Tazobactam Stragen 2,25 g, poudre pour solution pour perfusion",A
1555691,58459,"Piperacillin-Tazobactam Stragen 4,5 g, poudre pour solution pour perfusion",A
1442979,67359,"Piqray 150 mg, Filmtabletten",A
1442981,67359,"Piqray 200 mg + 50 mg, Filmtabletten",A
1442980,67359,"Piqray 200 mg, Filmtabletten",A
14894,36038,"Pirom, balsamo",D
14896,38662,"Pirom, olio",D
14904,50005,"Piroxicam-Mepha 20, Tabletten",B
1481028,68321,"Pitavastatin Sandoz 1 mg, Filmtabletten",B
1481029,68321,"Pitavastatin Sandoz 2 mg, Filmtabletten",B
1481030,68321,"Pitavastatin Sandoz 4 mg, Filmtabletten",B
1547988,68900,"Pitavastatin Spirig HC 1 mg, Filmtabletten",B
1547989,68900,"Pitavastatin Spirig HC 2 mg, Filmtabletten",B
1547990,68900,"Pitavastatin Spirig HC 4 mg, Filmtabletten",B
1506022,68219,"Pitavastatin Zentiva 1 mg, Filmtabletten",B
1506023,68219,"Pitavastatin Zentiva 2 mg, Filmtabletten",B
1506024,68219,"Pitavastatin Zentiva 4 mg, Filmtabletten",B
1500703,68173,"Pitavastatin-Mepha 1 mg, Filmtabletten",B
1500704,68173,"Pitavastatin-Mepha 2 mg, Filmtabletten",B
1500705,68173,"Pitavastatin-Mepha 4 mg, Filmtabletten",B
14948,45413,"PK-Merz, Filmtabletten",B
14947,44135,"PK-Merz, Infusionslösung",B
14959,58966,"Placenta compositum, Injektionslösung (i.m., s.c.)",B
15033,53831,"Plaquenil, comprimés pelliculés",B
1015968,56078,"Plasma-Lyte A, Infusionslösung",B
1261975,56078,"Plasma-Lyte A, Infusionslösung",B
1104686,54509,"Plavix 300 mg, comprimés filmés",B
70781,54509,"Plavix 75 mg, comprimés filmés",B
1495711,68280,"Plegridy 125 mcg/0.5 ml, Injektionslösung in einer Fertigspritze zur intramuskulären Anwendung",B
1297227,65242,"Plegridy Pen, 125 mcg/0.5 ml",B
1297229,65242,"Plegridy Pen, 63 mcg/0.5 ml",B
1422235,62068,"Plenadren 20 mg, Tabletten mit veränderter Wirkstofffreisetzung",B
1422234,62068,"Plenadren 5 mg, Tabletten mit veränderter Wirkstofffreisetzung",B
15083,49166,"Plendil 10 mg, Retardtabletten",B
15082,49166,"Plendil 5 mg, Retardtabletten",B
43151,49166,"Plendil senior 2,5 mg, Retardtabletten",B
1397146,66751,"Plenvu, Pulver",B
1178007,60168,"Plumbum aceticum comp., Tropfen",D
15122,29138,"Plus Kalium retard, Tabletten",B
1317238,65675,"Pneumovax-23, Injektionslösung in einer Fertigspritze",B
1448386,40985,"PO-HO-Oel blau, Flüssigkeit zur Anwendung auf der Haut",D
1472668,67165,"Polivy 140 mg, Pulver für ein Konzentrat zur Herstellung einer Infusionslösung",A
1472669,67165,"Polivy 30 mg, Pulver für ein Konzentrat zur Herstellung einer Infusionslösung",A
1495372,67123,"Poll-X, Filmtabletten",D
1295971,65474,"Polvac Bäume 6000 SU/1.5 ml, Injektionssuspension in Durchstechflaschen",A
1295970,65474,"Polvac Bäume Kombipackung, Injektionssuspension in Durchstechflaschen",A
95315,54785,"Polvac Bäume, Injektionssuspension",A
95316,54785,"Polvac Bäume, Injektionssuspension",A
1295969,65479,"Polvac Gräser + Roggen 6000 SU/1.5 ml, Injektionssuspension in Durchstechflaschen",A
1295968,65479,"Polvac Gräser + Roggen Kombipackung, Injektionssuspension in Durchstechflaschen",A
95309,46489,"Polvac Gräser+Roggen, Injektionssuspension",A
95314,46489,"Polvac Gräser+Roggen, Injektionssuspension",A
1642287,69643,"Pomalidomid Accord 1 mg, Hartkapseln",A
1642288,69643,"Pomalidomid Accord 2 mg, Hartkapseln",A
1642289,69643,"Pomalidomid Accord 3 mg, Hartkapseln",A
1642290,69643,"Pomalidomid Accord 4 mg, Hartkapseln",A
1556618,69131,"Pomalidomid Sandoz 1 mg, Hartkapseln",A
1556619,69131,"Pomalidomid Sandoz 2 mg, Hartkapseln",A
1556620,69131,"Pomalidomid Sandoz 3 mg, Hartkapseln",A
1556621,69131,"Pomalidomid Sandoz 4 mg, Hartkapseln",A
1620154,69247,"Pomalidomid Spirig HC 1 mg, Hartkapseln",A
1620155,69247,"Pomalidomid Spirig HC 2 mg, Hartkapseln",A
1620156,69247,"Pomalidomid Spirig HC 3 mg, Hartkapseln",A
1620157,69247,"Pomalidomid Spirig HC 4 mg, Hartkapseln",A
1617041,69057,"Pomalidomid Zentiva 1 mg, Hartkapseln",B
1617042,69057,"Pomalidomid Zentiva 2 mg, Hartkapseln",B
1617043,69057,"Pomalidomid Zentiva 3 mg, Hartkapseln",B
1617044,69057,"Pomalidomid Zentiva 4 mg, Hartkapseln",B
1628651,69576,"Pomalidomid-Teva 1 mg, Hartkapseln",A
1628652,69576,"Pomalidomid-Teva 2 mg, Hartkapseln",A
1628653,69576,"Pomalidomid-Teva 3 mg, Hartkapseln",A
1628654,69576,"Pomalidomid-Teva 4 mg, Hartkapseln",A
1622319,67804,"Pombiliti 105 mg, Pulver für ein Konzentrat zur Herstellung einer Infusionslösung",A
35,35352,"Ponstan 125 mg, Zäpfchen",B
36,35352,"Ponstan 500 mg, Zäpfchen",B
33,39271,"Ponstan 500, Filmtabletten",B
34,30785,"Ponstan, Hartkapseln",B
1485636,68114,"Ponvory 2 mg, Filmtabletten",B
1485637,68114,"Ponvory 20 mg, Filmtabletten",B
1456897,67363,"Posaconazol Accord 100 mg, magensaftresistente Tablette",B
1439409,67366,"Posaconazol Accord 40 mg/ml, Suspension zum Einnehmen",B
1618430,69323,"Posaconazol Devatis 100 mg, magensaftresistente Tablette",B
1452984,67594,"Posaconazol Devatis 40mg/ml, Suspension zum Einnehmen",B
1412834,67261,"Posaconazol Sandoz 100 mg, magensaftresistente Tablette",B
1557473,68121,"Posaconazol Viatris 100 mg, magensaftresistente Tablette",B
1432864,67185,"Posaconazol Zentiva 100 mg, magensaftresistente Tablette",B
1213469,62179,"Posiformin 2 %, Augensalbe",B
1485876,67444,"Poteligeo 4 mg/ml, Konzentrat zur Herstellung einer Infusionslösung",A
18573,60426,"Poumon histamine C15, granules/globules",D
1366386,61385,"Pradaxa 110 mg, Kapseln",B
1366387,61385,"Pradaxa 150 mg, Kapseln",B
1022703,57160,"Pradif T, Retardtablette",B
1320816,65882,"Praluent 150mg, solution pour injection dans un stylo pré-rempli",B
1320815,65882,"Praluent 75mg, solution pour injection dans un stylo pré-rempli",B
1315015,65825,"Pramipexol ER Sandoz 0.375 mg, Retardtabletten",B
1315014,65825,"Pramipexol ER Sandoz 0.75 mg, Retardtabletten",B
1315016,65825,"Pramipexol ER Sandoz 1.5 mg, Retardtabletten",B
1315017,65825,"Pramipexol ER Sandoz 3 mg, Retardtabletten",B
1315018,65825,"Pramipexol ER Sandoz 4.5 mg, Retardtabletten",B
1328438,65878,"Pramipexol ER Zentiva 0.375 mg, Retardtabletten",B
1328439,65878,"Pramipexol ER Zentiva 0.75 mg, Retardtabletten",B
1328440,65878,"Pramipexol ER Zentiva 1.5 mg, Retardtabletten",B
1328441,65878,"Pramipexol ER Zentiva 3.0 mg, Retardtabletten",B
1328442,65878,"Pramipexol ER Zentiva 4.5 mg, Retardtabletten",B
1390549,66744,"Pramipexol Spirig HC 0.125 mg, Tabletten",B
1390550,66744,"Pramipexol Spirig HC 0.25 mg, Tabletten",B
1390551,66744,"Pramipexol Spirig HC 0.5 mg, Tabletten",B
1390552,66744,"Pramipexol Spirig HC 1 mg, Tabletten",B
1438214,60089,"Pramipexol Zentiva 0.125 mg, Tabletten",B
1438215,60089,"Pramipexol Zentiva 0.25 mg, Tabletten",B
1438216,60089,"Pramipexol Zentiva 0.5 mg, Tabletten",B
1438217,60089,"Pramipexol Zentiva 1.0 mg, Tabletten",B
1358675,59149,"Pramipexol-Mepha 0.125 mg, Tabletten",B
1358676,59149,"Pramipexol-Mepha 0.25mg, Tabletten",B
1358677,59149,"Pramipexol-Mepha 0.5 mg, Tabletten",B
1358678,59149,"Pramipexol-Mepha 1.0 mg, Tabletten",B
1327495,65797,"Pramipexol-Mepha ER 0.375 mg, Depotabs",B
1327496,65797,"Pramipexol-Mepha ER 0.75 mg, Depotabs",B
1327497,65797,"Pramipexol-Mepha ER 1.5 mg, Depotabs",B
1327498,65797,"Pramipexol-Mepha ER 3 mg, Depotabs",B
1327499,65797,"Pramipexol-Mepha ER 4.5 mg, Depotabs",B
1362357,62297,"Prascend ad us. vet., Tabletten",B
1639170,69837,"Prasugrel Spirig HC 10 mg, Filmtabletten",B
1639169,69837,"Prasugrel Spirig HC 5 mg, Filmtabletten",B
1423097,67416,"Prasugrel-Mepha 10 mg, Lactab",B
1423096,67416,"Prasugrel-Mepha 5 mg, Lactab",B
1285993,65237,"Pravastatin Axapharm 20 mg, Tabletten",B
1285994,65237,"Pravastatin Axapharm 40 mg, Tabletten",B
1024292,56931,"Pravastatin Sandoz 20, Tabletten",B
1024293,56931,"Pravastatin Sandoz 40, Tabletten",B
1250719,62468,"Pravastatin Spirig HC 20mg, Tabletten",B
1250720,62468,"Pravastatin Spirig HC 40mg, Tabletten",B
1436541,57535,"Pravastatin Zentiva 20, Tabletten",B
1436542,57535,"Pravastatin Zentiva 40, Tabletten",B
1238452,60070,"Pravastatin-Mepha 20 mg, Tabletten",B
1238453,60070,"Pravastatin-Mepha 40 mg, Tabletten",B
1297231,62514,"Pravastax 20 mg, Tabletten",B
1297232,62514,"Pravastax 40 mg, Tabletten",B
1328106,65804,"Praxbind 2.5 g, Injektions- bzw. Infusionslösung",A
408,23527,"Prazine 100 mg, Dragées",B
406,23527,"Prazine 25 mg, Dragées",B
407,23527,"Prazine 50 mg, Dragées",B
453,34057,"Pred Forte 1%, Augentropfensuspension",A
1215299,62322,"Prednicutan Crinale, Lösung",B
1174114,60153,"Prednicutan, Creme",B
1174115,60152,"Prednicutan, Fettsalbe",B
1174113,60151,"Prednicutan, Salbe",B
1646325,69480,"Prednisolon Streuli 20 mg ad us. vet., teilbare Tabletten für Hunde und Katzen",B
586,29348,"Prednisolon Streuli 20 mg, Tabletten",B
1646324,69480,"Prednisolon Streuli 5 mg ad us. vet., teilbare Tabletten für Hunde und Katzen",B
585,29348,"Prednisolon Streuli 5 mg, Tabletten",B
1646326,69480,"Prednisolon Streuli 50 mg ad us. vet., teilbare Tabletten für Hunde",B
587,29348,"Prednisolon Streuli 50 mg, Tabletten",B
1088301,58761,"Prednison Axapharm 20 mg, Tabletten",B
1088300,58761,"Prednison Axapharm 5 mg, Tabletten",B
1088302,58761,"Prednison Axapharm 50 mg, Tabletten",B
1631904,69640,"Prednison Galepharm 1 mg, Tabletten",B
1631906,69640,"Prednison Galepharm 20 mg, Tabletten",B
1631905,69640,"Prednison Galepharm 5 mg, Tabletten",B
1631907,69640,"Prednison Galepharm 50 mg, Tabletten",B
1550033,68899,"Prednison Spirig HC 1 mg, Tabletten",B
1550037,68899,"Prednison Spirig HC 20 mg, Tabletten",B
1550035,68899,"Prednison Spirig HC 5 mg, Tabletten",B
1550040,68899,"Prednison Spirig HC 50 mg, Tabletten",B
644,29349,"Prednison Streuli 20 mg, Tabletten",B
643,29349,"Prednison Streuli 5 mg, Tabletten",B
645,29349,"Prednison Streuli 50 mg, Tabletten",B
83120,55037,"Prefemin, Filmtabletten",D
1468463,67856,"Pregabalin Axapharm 100 mg, Hartkapseln",B
1468464,67856,"Pregabalin Axapharm 150 mg, Hartkapseln",B
1468465,67856,"Pregabalin Axapharm 200 mg, Hartkapseln",B
1468460,67856,"Pregabalin Axapharm 25 mg, Hartkapseln",B
1468466,67856,"Pregabalin Axapharm 300 mg, Hartkapseln",B
1468461,67856,"Pregabalin Axapharm 50 mg, Hartkapseln",B
1468462,67856,"Pregabalin Axapharm 75 mg, Hartkapseln",B
1301644,65897,"Pregabalin Sandoz 100mg, Kapseln",B
1301645,65897,"Pregabalin Sandoz 150mg , Kapseln",B
1301646,65897,"Pregabalin Sandoz 200mg, Kapseln",B
1301641,65897,"Pregabalin Sandoz 25mg, Kapseln",B
1301647,65897,"Pregabalin Sandoz 300mg, Kapseln",B
1301642,65897,"Pregabalin Sandoz 50mg, Kapseln",B
1301643,65897,"Pregabalin Sandoz 75mg, Kapseln",B
1403819,67155,"Pregabalin Spirig HC 100 mg, Kapseln",B
1403824,67155,"Pregabalin Spirig HC 150 mg, Kapseln",B
1622455,69572,"Pregabalin Spirig HC 20 mg/ml, Lösung zum Einnehmen",B
1403823,67155,"Pregabalin Spirig HC 200 mg, Kapseln",B
1403820,67155,"Pregabalin Spirig HC 25 mg, Kapseln",B
1403221,67155,"Pregabalin Spirig HC 300 mg, Kapseln",B
1403821,67155,"Pregabalin Spirig HC 50 mg, Kapseln",B
1403822,67155,"Pregabalin Spirig HC 75 mg, Kapseln",B
1534353,65678,"Pregabalin Viatris 100 mg, Hartkapseln",B
1534356,65678,"Pregabalin Viatris 150 mg, Hartkapseln",B
1534354,65678,"Pregabalin Viatris 200 mg, Hartkapseln",B
1534351,65678,"Pregabalin Viatris 25 mg, Hartkapseln",B
1534357,65678,"Pregabalin Viatris 300 mg, Hartkapseln",B
1534352,65678,"Pregabalin Viatris 50 mg, Hartkapseln",B
1534355,65678,"Pregabalin Viatris 75 mg, Hartkapseln",B
1304871,65850,"Pregabalin-Mepha 100 mg, Kapseln",B
1304872,65850,"Pregabalin-Mepha 150 mg, Kapseln",B
1312677,66000,"Pregabalin-Mepha 20 mg/mL, Lösung zum Einnehmen",B
1304873,65850,"Pregabalin-Mepha 200 mg, Kapseln",B
1304868,65850,"Pregabalin-Mepha 25 mg, Kapseln",B
1304874,65850,"Pregabalin-Mepha 300 mg, Kapseln",B
1304869,65850,"Pregabalin-Mepha 50 mg, Kapseln",B
1304870,65850,"Pregabalin-Mepha 75 mg, Kapseln",B
1624459,56321,"Premavid, compresse filmate",D
76919,55258,"Premens, Filmtabletten",D
1462643,67674,"Pretufen Schnupfen und Erkältungsschmerzen 200 mg/30 mg, Filmtabletten",D
1317926,48340,"Pretuval Grippe & Erkältung C, Brausetabletten",D
1318474,49182,"Pretuval Grippe & Erkältung, Filmtabletten",D
1471343,68088,"Pretuval Halsschmerzen, Lösung zur Anwendung in der Mundhöhle",D
1517003,68651,"Pretuval Halsschmerzen, Lutschtabletten mit Honig-Orangenaroma",D
1517002,68651,"Pretuval Halsschmerzen, Lutschtabletten mit Zitronenaroma",D
1471344,68089,"Pretuval Halsschmerzen, Spray zur Anwendung in der Mundhöhle",D
1159662,60129,"Prevenar 13, Injektionssuspension in einer Fertigspritze",B
1612983,69222,"Prevenar 20, Injektionssuspension in einer Fertigspritze",B
1382335,66652,"Prevymis 240 mg, Filmtabletten",A
1382333,66653,"Prevymis 240 mg/12 ml, Konzentrat zur Herstellung einer Infusionslösung",A
1382336,66652,"Prevymis 480 mg, Filmtabletten",A
1382334,66653,"Prevymis 480 mg/24 ml, Konzentrat zur Herstellung einer Infusionslösung",A
1301994,65381,"Prezista 100 mg/ml, orale Suspension",A
1120965,57655,"Prezista 600 mg, Filmtabletten",A
1227167,57655,"Prezista 800 mg, Filmtabletten",A
32689,35380,"Priadel retard, Tabletten",A
1042241,56855,"Prialt 100 ug/ml, Infusionslösung",B
1165195,60727,"Prick-Testlösung Alternaria alternata, Pricktestlösung",A
1165316,60747,"Prick-Testlösung B2 Gräsermischung (Pollen), Pricktestlösung",A
1166021,60771,"Prick-Testlösung Beifuss (Pollen), Pricktestlösung",A
1165957,60761,"Prick-Testlösung Birke (Pollen), Pricktestlösung",A
1165375,60760,"Prick-Testlösung Buche (Pollen), Pricktestlösung",A
1165974,60765,"Prick-Testlösung Eiche (Pollen), Pricktestlösung",A
1165360,60758,"Prick-Testlösung Erle (Pollen), Pricktestlösung",A
1165369,60759,"Prick-Testlösung Esche (Pollen), Pricktestlösung",A
1166020,60770,"Prick-Testlösung Gänsefuss (Pollen), Pricktestlösung",A
1165963,60763,"Prick-Testlösung Hasel (Pollen), Pricktestlösung",A
1165272,60730,"Prick-Testlösung Hausstaubmilbe D. pteronyssinus, Pricktestlösung",A
1165269,60729,"Prick-Testlösung Hausstaubmilbe D.farinae, Pricktestlösung",A
1165289,60738,"Prick-Testlösung Hund (Haare), Pricktestlösung",A
1165288,60737,"Prick-Testlösung Katze (Fell), Pricktestlösung",A
1166048,60832,"Prick-Testlösung Negativ-Kontrolle, Pricktestlösung",A
1166022,60779,"Prick-Testlösung Pappel (Pollen), Pricktestlösung",A
1165978,60766,"Prick-Testlösung Platane (Pollen), Pricktestlösung",A
1166050,60833,"Prick-Testlösung Positiv-Kontrolle, Pricktestlösung",A
1165332,60752,"Prick-Testlösung Roggen (Pollen), Pricktestlösung",A
1165337,60756,"Prick-Testlösung Spitzwegerich (Pollen), Pricktestlösung",A
1166025,60780,"Prick-Testlösung Traubenkraut (Pollen), Pricktestlösung",A
1521448,68720,"Prilid Leman, crème",B
1521449,68720,"Prilid Leman, crème",B
1521451,68720,"Prilid Leman, crème",B
1221736,60470,"PRILIGY, Filmtabletten",B
1035836,56346,"Prilium 150 mg ad us. vet., Pulver lyophilisiert für Hunde",B
1479317,67498,"Prilocain Hyperbar Sintetica 20 mg/ml, soluzione iniettabile",B
126537,56546,"Prilocain Sintetica 10 mg/ml, soluzione iniettabile",B
126538,56546,"Prilocain Sintetica 20 mg/ml, soluzione iniettabile",B
825,50191,"Primofenac, Emulsions-Gel",D
841,25167,"Primolut N, Tabletten",B
1013224,56936,"Primovist 0.25 mmol/ml, Injektionslösung",B
864,31205,"Primpéran, soluté buvable",B
1213470,60303,"Primula comp., Oleum ad us.ext.",D
29234,25121,"Priorin N, Kapseln",D
75136,615,"Priorix, Pulver und Lösungsmittel zur Herstellung einer Injektionslösung",B
1078802,58158,"Priorix-Tetra, Pulver und Lösungsmittel zur Herstellung einer Injektionslösung",B
1114352,58609,"Prismasol 4 mmol/l Potassium, Hämofiltrations- und Hämodialyselösung",B
1098406,58314,"Privigen, Infusionslösung",B
1098407,58314,"Privigen, Infusionslösung",B
1098408,58314,"Privigen, Infusionslösung",B
1098409,58314,"Privigen, Infusionslösung",B
1250840,58314,"Privigen, Infusionslösung",B
34641,54389,"Proaller, Globuli",D
34640,51253,"Proaller, Tropfen",D
1105623,56503,"Procain HCl Amino 10 mg/ml, Injektionslösung",B
1105624,56503,"Procain HCl Amino 10 mg/ml, Injektionslösung",B
1105625,56503,"Procain HCl Amino 10 mg/ml, Injektionslösung",B
1061,56503,"Procain HCl Amino 20 mg/ml, Injektionslösung",B
1105654,56503,"Procain HCl Amino 20 mg/ml, Injektionslösung",B
1064518,57371,"Procoralan 5 mg, comprimé pelliculé",B
1064519,57371,"Procoralan 7.5 mg, comprimé pelliculé",B
1098,36800,"Procto-Glyvenol, Crème",D
1099,36801,"Procto-Glyvenol, Suppositorien",D
40409,32025,"Procto-Synalar N, supposte",B
40410,32024,"Procto-Synalar N, unguento rettale",B
40411,32024,"Procto-Synalar N, unguento rettale",B
1404175,67129,"Procysbi 25 mg, gélules gastro-résistantes",B
1404176,67129,"Procysbi 75 mg, gélules gastro-résistantes",B
1047049,57326,"Profender L Spot-on ad us. vet., Lösung zum Auftropfen für schwere Katzen",B
1047048,57326,"Profender M Spot-on ad us. vet., Lösung zum Auftropfen für mittlere Katzen",B
1047047,57326,"Profender S Spot-on ad us. vet., Lösung zum Auftropfen für kleine Katzen",B
1628107,68916,"Progesterone LEMAN 100 mg, capsules molles",B
1628108,68916,"Progesterone LEMAN 200 mg, capsules molles",B
1361,39699,"Progestogel, Transdermales Gel",B
1221191,39081,"Proglicem, Kapseln",B
71154,53152,"Prograf 0,5 mg, Kapseln",A
1336669,66783,"Prograf 0,5 mg, Kapseln",A
61544,53152,"Prograf 1 mg, Kapseln",A
1311792,66783,"Prograf 1mg, Kapseln",A
61543,53152,"Prograf 5 mg, Kapseln",A
1336668,66783,"Prograf 5 mg, Kapseln",A
61542,53153,"Prograf, Konzentrat zur Herstellung einer Infusionslösung",A
1381,33149,"Progynova mite, Dragées",B
1442309,33149,"Progynova, Dragées",B
1257971,52273,"ProHance 0.5 mmol/ml, soluzione iniettabile (flacone)",B
1257972,52273,"ProHance 0.5 mmol/ml, soluzione iniettabile (flacone)",B
1257973,52273,"ProHance 0.5 mmol/ml, soluzione iniettabile (flacone)",B
1257974,52273,"ProHance 0.5 mmol/ml, soluzione iniettabile (flacone)",B
1001079,52599,"ProHance 0.5 mmol/ml, soluzione iniettabile (siringa di iniezione preriempita)",B
1257968,52599,"ProHance 0.5 mmol/ml, soluzione iniettabile (siringa di iniezione preriempita)",B
1368985,697,"Prolastin, poudre et solvant pour solution pour perfusion",B
1630484,69448,"Prolastin-C Liquid 1000 mg/20 ml, solution pour perfusion",B
53720,50581,"Proleukin, Pulver für ein Konzentrat zur Herstellung einer Infusionslösung",A
1158369,60210,"Prolia, Injektionslösung in Fertigspritze mit Nadelschutz",B
1625523,63225,"Prolutex 25 mg, soluzione iniettabile",A
1601656,69079,"Prolutex Ready 25 mg, soluzione iniettabile in siringa preriempita",A
1440,38076,"Prontolax, Dragées",B/D
1441,38077,"Prontolax, Suppositorien",B/D
1035855,56200,"Propalin ad us. vet., Sirup für Hunde",B
66299,54322,"Propecia, Filmtabletten",B
85074,53915,"Propess, Vaginalinsert",A
1250341,62874,"Propofol MCT Fresenius 10 mg/ml Fertigspritze, Emulsion zur Injektion/Infusion in einer Fertigspritze",B
1414123,62874,"Propofol MCT Fresenius 10 mg/ml Fertigspritze, Emulsion zur Injektion/Infusion in einer Fertigspritze",B
1414124,62874,"Propofol MCT Fresenius 10 mg/ml Fertigspritze, Emulsion zur Injektion/Infusion in einer Fertigspritze",B
1031421,57029,"Propofol MCT Fresenius 10 mg/ml, Emulsion zur Injektion/Infusion",B
1117775,57029,"Propofol MCT Fresenius 10 mg/ml, Emulsion zur Injektion/Infusion",B
1117776,57029,"Propofol MCT Fresenius 10 mg/ml, Emulsion zur Injektion/Infusion",B
1284946,57029,"Propofol MCT Fresenius 10 mg/ml, Emulsion zur Injektion/Infusion",B
1250342,62874,"Propofol MCT Fresenius 20 mg/ml Fertigspritze, Emulsion zur Infusion in einer Fertigspritze",B
1031422,57029,"Propofol MCT Fresenius 20 mg/ml, Emulsion zur Infusion",B
1006291,54879,"Propofol-Lipuro 10 mg/ml, Emulsion zur Injektion/Infusion",B
1117809,54879,"Propofol-Lipuro 10 mg/ml, Emulsion zur Injektion/Infusion",B
1117810,54879,"Propofol-Lipuro 10 mg/ml, Emulsion zur Injektion/Infusion",B
1007783,54879,"Propofol-Lipuro 20 mg/ml, Emulsion zur Infusion",B
1440426,47551,"Propranolol retard Zentiva, Kapseln",B
1440427,47025,"Propranolol Zentiva 10 mg, Filmtabletten",B
1440428,47025,"Propranolol Zentiva 40 mg, Filmtabletten",B
1440429,47025,"Propranolol Zentiva 80 mg, Filmtabletten",B
126766,56300,"Propycil 50, Tabletten",B
1169604,699,"ProQuad, Pulver und Lösungsmittel zur Herstellung einer Injektionssuspension",B
1600,32087,"Prorhinel, Nasentropfen, Lösung",D
31374,51774,"Proscar, Filmtabletten",B
1212473,52777,"Prospan Hustensaft, Sirup",D
1212472,44209,"Prospan Hustentropfen, Tropfen zum Einnehmen",D
1611262,62971,"Prospanex Hustensaft, Sirup",D
1236153,62971,"Prospanex, Hustensaft",D
37835,52624,"Prostagutt F, Kapseln",D
1017588,55409,"Prostagutt uno, Kapseln",D
1342229,66329,"Prostaplant-F, Weichkapseln",B
1623,54010,"Prostasan, Prostata-Kapseln",D
41763,53075,"Prosta-Urgenin, Kapseln",D
73164,46346,"Prostin E2 3 mg, Vaginaltablette",A
1656,45333,"Prostin VR, Konzentrat zur Herstellung einer Infusionslösung",A
35376,51145,"Protagent SE, Augentropfen",D
31269,47598,"Protagent, Augentropfen",D
1642478,69842,"Protaminsulfat LEO Pharma 1400 Heparin-Antidot I.E./ml, Injektionslösung und Infusionslösung",B
1610722,41330,"Prothromplex NF 500 I.E., Pulver und Lösungsmittel zur Herstellung einer Injektionslösung",B
104757,55847,"Protopic 0,03 %, Salbe",B
104759,55847,"Protopic 0,1 %, Salbe",B
1697,43522,"Proxen 250, Filmtabletten",B
1699,43522,"Proxen 500, Filmtabletten",B
1124796,60332,"Prunus spinosa cum Ferro D6, Injektionslösung (s.c.)",B
1369726,59620,"Prunus spinosa Summitates D8, Augentropfen",D
1116294,59504,"Prunus spinosa, Summitates Rh. D3, Ampullen (s.c.)",B
1627935,56161,"Pruri-med Lipolotion sensitive, Emulsion zur Anwendung auf der Haut",D
1384684,56161,"Pruri-med Lipolotion, Emulsion zur Anwendung auf der Haut",D
36675,52004,"Pruri-med, Hautwaschemulsion",D
1035826,56317,"Prurivet N ad us. vet., Lösung zum Auftragen auf die Haut für Hunde, Katzen und andere Heimtiere",B
18696,59667,"Psorinum (Psorinum-Nosode) C9, Granules",D
1466582,67932,"Psotriol, Salbe",B
1720,44941,"Psychopax, Tropfen zum Einnehmen",B
1601571,69593,"Pulmex Efeu Hustensirup, Sirup",D
1735,14991,"Pulmex, Salbe",D
31718,50192,"Pulmicort 100 ug, Turbuhaler",B
1747,50192,"Pulmicort 200 ug, Turbuhaler",B
28916,50192,"Pulmicort 400 ug, Turbuhaler",B
30042,50758,"Pulmicort Respules 0,125 mg/mL, Suspension",B
30043,50758,"Pulmicort Respules 0,25 mg/mL, Suspension",B
30044,50758,"Pulmicort Respules 0,5 mg/mL, Suspension",B
42869,49926,"Pulmofor retard, capsules",B
55534,53979,"Pulmofor, sirop",B
34881,52623,"Pulmozyme, Inhalationslösung",B
1124806,60367,"Pulpa dentis Gl D5, Solutio ad injectionem",B
1033686,62942,"Pulsatilla plus, Globuli",D
83935,62943,"Pulsatilla plus, Tropfen",D
108332,55453,"Puregon 300 I.E., Zylinderampullen für Pen, Injektionslösung",A
108334,55453,"Puregon 600 I.E., Zylinderampullen für Pen, Injektionslösung",A
1030461,55453,"Puregon 900 I.E., Zylinderampullen für Pen, Injektionslösung",A
1824,21713,"Puri-Nethol, Tabletten",A
1122439,54285,"Pursana Feigensirup mit Sorbitol, Sirup",D
1373515,66366,"Pylera 140 mg/125 mg/125 mg, Hartkapseln",A
1018061,54192,Pylori 13,B
2077,10700,"Pyralvex, Lösung zur Anwendung in der Mundhöhle",D
1073029,57699,"Pyrazinamide Labatec 500 mg, comprimés",A
18695,59667,"Pyrogenium (Pyrogenium-Nosode) C7, Granules",D
1616226,67463,"Qarziba 20,25 mg/4,5 ml, Konzentrat zur Herstellung einer Infusionslösung",A
1622236,69403,"Qdenga 0.5 ml, Pulver und Lösungsmittel für eine Injektionslösung in einer vorgefüllten Spritze",B
1484021,68199,"Qinlock 50 mg, Tabletten",A
1133960,58858,"Qlaira, Fimtabletten",B
1361588,66040,"Qtern, Filmtabletten",B
2107,50711,"Quantalan, Pulver",B
1159530,60297,"Quarz/Secale, Solutio ad injectionem",B
27769,52576,"Quentakehl D3, homöopathische Suppositorien",B
27770,54123,"Quentakehl D4, homöopathische Kapseln",B
91120,54124,"Quentakehl D5, Injektionslösung (i.c., s.c., i.m.)",B
27768,50786,"Quentakehl D5, Tropfen zum Einnnehmen",B
1183693,61374,"Quetiapin Sandoz 100 mg, Filmtabletten",B
1183694,61374,"Quetiapin Sandoz 200 mg, Filmtabletten",B
1183692,61374,"Quetiapin Sandoz 25 mg, Filmtabletten",B
1183695,61374,"Quetiapin Sandoz 300 mg, Filmtabletten",B
1495991,68724,"Quetiapin Spirig HC 100, Filmtabletten",B
1495993,68724,"Quetiapin Spirig HC 200, Filmtabletten",B
1495990,68724,"Quetiapin Spirig HC 25, Filmtabletten",B
1495994,68724,"Quetiapin Spirig HC 300, Filmtabletten",B
1312470,66055,"Quetiapin XR Sandoz 150mg, Retardtabletten",B
1312471,66055,"Quetiapin XR Sandoz 200mg, Retardtabletten",B
1312472,66055,"Quetiapin XR Sandoz 300mg, Retardtabletten",B
1312473,66055,"Quetiapin XR Sandoz 400mg, Retardtabletten",B
1312469,66055,"Quetiapin XR Sandoz 50mg, Retardtabletten",B
1322547,65860,"Quetiapin XR Spirig HC 150 mg, Retardtabletten",B
1322548,65860,"Quetiapin XR Spirig HC 200 mg, Retardtabletten",B
1322549,65860,"Quetiapin XR Spirig HC 300 mg, Retardtabletten",B
1322550,65860,"Quetiapin XR Spirig HC 400 mg, Retardtabletten",B
1322546,65860,"Quetiapin XR Spirig HC 50 mg, Retardtabletten",B
1354228,66081,"Quetiapin XR Zentiva 150mg, Retardtabletten",B
1354229,66081,"Quetiapin XR Zentiva 200mg, Retardtabletten",B
1354230,66081,"Quetiapin XR Zentiva 300mg, Retardtabletten",B
1354231,66081,"Quetiapin XR Zentiva 400mg, Retardtabletten",B
1354227,66081,"Quetiapin XR Zentiva 50mg, Retardtabletten",B
1436544,62365,"Quetiapin Zentiva 100, Filmtabletten",B
1436546,62365,"Quetiapin Zentiva 200, Filmtabletten",B
1436543,62365,"Quetiapin Zentiva 25, Filmtabletten",B
1436547,62365,"Quetiapin Zentiva 300, Filmtabletten",B
1199395,62193,"Quetiapin-Mepha 100 mg, Filmtabletten",B
1199396,62193,"Quetiapin-Mepha 200 mg, Filmtabletten",B
1199394,62193,"Quetiapin-Mepha 25 mg, Filmtabletten",B
1199397,62193,"Quetiapin-Mepha 300 mg, Filmtabletten",B
1373341,62649,"Quetiapin-Mepha retard 150 mg, Retardtabletten",B
1237366,62649,"Quetiapin-Mepha retard 200 mg, Retardtabletten",B
1237367,62649,"Quetiapin-Mepha retard 300 mg, Retardtabletten",B
1237368,62649,"Quetiapin-Mepha retard 400 mg, Retardtabletten",B
1237369,62649,"Quetiapin-Mepha retard 50 mg, Retardtabletten",B
1012245,56217,"Quiétude, sirop",D
27831,35960,"Quilonorm retard, Filmtabletten",A
1393407,66555,"Quinsair, solution pour inhalation par nébuliseur",A
1448193,67239,"Quofenix 300 mg, Pulver für ein Konzentrat zur Herstellung einer Infusionslösung",A
1448194,67238,"Quofenix 450 mg, Tabletten",A
1170900,61431,"Qutenza, kutanes Pflaster",A
1517900,68481,"QUVIVIQ 25 mg , Filmtabletten",B
1517901,68481,"QUVIVIQ 50 mg , Filmtabletten",B
1541872,68481,"QUVIVIQ 50 mg , Filmtabletten",B
1073998,54793,"Qvar Autohaler 100µg, Dosier-Aerosol",B
1181577,61496,"Rabeprazol Sandoz 10 mg, magensaftresistente Tabletten",B
1181578,61496,"Rabeprazol Sandoz 20 mg, magensaftresistente Tabletten",B
1370391,685,"Rabipur, Injektionslösung",B
1406562,66492,"Radicava, Infusionslösung",B
1540107,68016,"Radicava, Suspension zum Einnehmen",B
1188595,58177,"Ramipril HCT Zentiva 2.5/12.5 mg, comprimés",B
1188594,58177,"Ramipril HCT Zentiva 5/25 mg, comprimés",B
1072572,57383,"Ramipril Sandoz 10, Tabletten",B
1072569,57383,"Ramipril Sandoz 2.5, Tabletten",B
1072571,57383,"Ramipril Sandoz 5, Tabletten",B
1191496,58159,"Ramipril Zentiva 1.25, Tabletten",B
1191499,58159,"Ramipril Zentiva 10, Tabletten",B
1191497,58159,"Ramipril Zentiva 2.5, Tabletten",B
1191498,58159,"Ramipril Zentiva 5, Tabletten",B
1307110,65895,"Ramipril-Mepha 10 mg, Tabletten",B
1307108,65895,"Ramipril-Mepha 2.5 mg, Tabletten",B
1307109,65895,"Ramipril-Mepha 5 mg, Tabletten",B
1152501,60533,"Ranexa 375 mg, Retardtabletten",B
1152502,60533,"Ranexa 500 mg, Retardtabletten",B
1152503,60533,"Ranexa 750 mg, Retardtabletten",B
1555633,69068,"Ranivisio 10 mg/mL, Injektionslösung in Durchstechflasche",B
1177153,55804,"Rapamune 0.5 mg, überzogene Tabletten",B
106018,55804,"Rapamune 1 mg, überzogene Tabletten",B
93112,55243,"Rapamune 1 mg/ml, Lösung zum Einnehmen",B
1004412,55804,"Rapamune 2 mg, überzogene Tabletten",B
1197395,60169,"Raphanus sativus comp., Tropfen",D
1518829,68611,"Rapibloc 300 mg, Pulver zur Herstellung einer Infusionslösung",B
1159637,32381,"Rapidocain 10 mg/ml con agenti conservanti, soluzione iniettabile",B
2324,20272,"Rapidocain 10 mg/ml con epinefrina 10 mcg/ml, soluzione iniettabile",B
1149731,20272,"Rapidocain 10 mg/ml con epinefrina 5 mcg/ml, soluzione iniettabile",B
2301,32381,"Rapidocain 10 mg/ml, soluzione iniettabile",B
1159646,32381,"Rapidocain 10 mg/ml, soluzione iniettabile",B
1159647,32381,"Rapidocain 10 mg/ml, soluzione iniettabile",B
1159641,32381,"Rapidocain 20 mg/ml con agenti conservanti, soluzione iniettabile",B
2325,20272,"Rapidocain 20 mg/ml con epinefrina 12,5 mcg/ml, soluzione iniettabile",B
1149732,20272,"Rapidocain 20 mg/ml con epinefrina 5 mcg/ml, soluzione iniettabile",B
2300,32381,"Rapidocain 20 mg/ml, soluzione iniettabile",B
1159652,32381,"Rapidocain 20 mg/ml, soluzione iniettabile",B
1159653,32381,"Rapidocain 20 mg/ml, soluzione iniettabile",B
1006150,32381,"Rapidocain 5 mg/ml, soluzione iniettabile",B
2306,46461,"Rapidocaine ad us. cardiologicum 10 %, soluzione iniettabile",B
2305,46461,"Rapidocaine ad us. cardiologicum 2 %, soluzione iniettabile",B
2422,45204,"Rapifen, Injektions-/Infusionslösung",A
1091494,45204,"Rapifen, Injektions-/Infusionslösung",A
1363959,66137,"Rapiscan 400 µg/ 5 ml, Injektionslösung",A
1446837,67711,"Rasagilin NOBEL 1 mg, Tabletten",B
1320528,66136,"Rasagilin Sandoz 1 mg, Tabletten",B
1443573,67362,"Rasagilin Spirig HC 1 mg, Tabletten",B
1072538,58050,"Rasilez 150 mg, Filmtabletten",B
1072539,58050,"Rasilez 300 mg, Filmtabletten",B
1224420,60032,"Ratanhia comp., Flüssigkeit zur Anwendung in der Mundhöhle",D
1627554,69641,"Rativor 4 mg/ml, solution injectable",B
1604449,59738,"Rauwolfia serpentina, ethanol. Decoctum D3, Tropfen zum Einnehmen",B
1456320,67614,"Rayaldee 30 µg, Weichkapseln retardiert",B
1392416,66364,"Reagila 1.5 mg, Hartkapseln",B
1392417,66364,"Reagila 3 mg, Hartkapseln",B
1392418,66364,"Reagila 4.5 mg, Hartkapseln",B
1392419,66364,"Reagila 6 mg, Hartkapseln",B
1122895,53924,"Rebalance 250, Filmtabletten",D
1122906,53924,"Rebalance 500, Filmtabletten",D
1242649,62658,"Rebalance Rx, Filmtabletten",B
1204979,62067,"Rebif  22 RebiDose, Injektionslösung im Fertigpen",B
1204980,62067,"Rebif  44 RebiDose, Injektionslösung im Fertigpen",B
1204981,62067,"Rebif  8.8 und 22 RebiDose, Injektionslösung im Fertigpen",B
1150758,60443,"Rebif 22 multidose, Injektionslösung in Patronen",B
1112415,54810,"Rebif 22, Injektionslösung in Fertigspritzen",B
1150759,60443,"Rebif 44 multidose, Injektionslösung in Patronen",B
1112416,54810,"Rebif 44, Injektionslösung in Fertigspritzen",B
1112417,54810,"Rebif 8.8 und 22, Injektionslösung in Fertigspritzen",B
1395931,54766,"Recormon PS 10'000 U.I./0,6 mL, Fertigspritzen",A
1395928,54766,"Recormon PS 2000 U.I./0,3 mL, Fertigspritzen",A
1395929,54766,"Recormon PS 3000 U.I./0,3 mL, Fertigspritzen",A
1395933,54766,"Recormon PS 30'000 U.I./0,6 mL, Fertigspritzen",A
1395932,54766,"Recormon PS 4000 U.I./0,3 mL, Fertigspritzen",A
1395930,54766,"Recormon PS 5000 U.I./0,3 mL, Fertigspritzen",A
1543165,68119,"Rectodelt, Zäpfchen",B
1080225,58099,Rectogesic,B
1007677,54152,"Redormin 500, Filmtabletten",D
1024975,54152,"Redormin, Filmtabletten",D
1238890,54658,"Redoxon + Zinc, Brausetabletten",D
99454,54659,"Redoxon + Zinc, Kautabletten",D
3001,56354,"Redoxon orange 1g, Brausetabletten",D
1266316,56194,"Redoxon Orangenaroma, Kautabletten zuckerfrei",D
1366570,66216,"Refixia 1000 IE, Pulver und Lösungsmittel zur Herstellung einer Injektionslösung",B
1366571,66216,"Refixia 2000 IE, Pulver und Lösungsmittel zur Herstellung einer Injektionslösung",B
1612205,66216,"Refixia 3000 IE, Pulver und Lösungsmittel zur Herstellung einer Injektionslösung",B
1366569,66216,"Refixia 500 IE, Pulver und Lösungsmittel zur Herstellung einer Injektionslösung",B
3153,48249,"Regaine 2 %, Lösung",D
3154,48249,"Regaine 5 %, Lösung",D
1226332,62446,"Regaine 5%, Schaum zur Anwendung auf der Haut",D
26380,36846,"Regenaplex Nr. 12, Tropfen zum Einnehmen",B
26381,36590,"Regenaplex Nr. 21c, Tropfen zum Einnehmen",D
26382,36591,"Regenaplex Nr. 21e, Tropfen zum Einnehmen",D
26383,36595,"Regenaplex Nr. 24b, homöopathische Tropfen",D
26384,36596,"Regenaplex Nr. 24c, homöopathische Tropfen",D
26385,36597,"Regenaplex Nr. 25a, Tropfen zum Einnehmen",D
26386,36598,"Regenaplex Nr. 25b, Tropfen zum Einnehmen",D
26388,36850,"Regenaplex Nr. 28a, Tropfen zum Einnehmen",D
26389,36851,"Regenaplex Nr. 28b, Tropfen zum Einnehmen",D
26390,36492,"Regenaplex Nr. 3, homöopathische Tropfen",D
26391,36605,"Regenaplex Nr. 31a, Tropfen zum Einnehmen",D
26392,36606,"Regenaplex Nr. 31b, Tropfen zum Einnehmen",D
26393,36607,"Regenaplex Nr. 31c, Tropfen zum Einnehmen",D
26394,36639,"Regenaplex Nr. 35b, homöopathische Tropfen",B
26395,36642,"Regenaplex Nr. 38b, Tropfen zum Einnehmen",D
26396,36645,"Regenaplex Nr. 41a, homöopathische Tropfen",D
26397,36652,"Regenaplex Nr. 49a, Tropfen zum Einnehmen",B
1024982,36503,"Regenaplex Nr. 50b, Tropfen zum Einnehmen",D
26398,36506,"Regenaplex Nr. 51c, Tropfen zum Einnehmen",D
26400,36863,"Regenaplex Nr. 59b, Tropfen zum Einnehmen",D
26401,36687,"Regenaplex Nr. 71b, Tropfen zum Einnehmen",D
3181,36508,"Regenaplex Nr. 79, homöopathische Tropfen",D
26402,36509,"Regenaplex Nr. 80a N, homöopathische Tropfen",B
3183,36694,"Regenaplex Nr. 86a, Tropfen zum Einnehmen",B
26403,36698,"Regenaplex Nr. 88b, Tropfen zum Einnehmen",D
1393408,66506,"Regiocit, Hämofiltrationslösung",B
1483717,67742,"REKAMBYS 900 mg / 3 ml, Depot-Injektionssuspension",A
1401692,67104,"Rekovelle Pen 12 µg/0.36 ml, Injektionlösung",A
1401693,67104,"Rekovelle Pen 36 µg/1.08 ml, Injektionlösung",A
1401694,67104,"Rekovelle Pen 72 µg/2.16 ml, Injektionlösung",A
1122908,54677,"Relaxane, Filmtabletten",D
78179,55108,"Relenza 5 mg, Disk (Pulverinhalation)",B
1012789,56310,"Relestat, Augentropfen",B
1638108,69620,"Relfydess 150 units/ 1,5 ml, Injektionslösung",A
1123053,58652,"Relistor, Injektionslösung",B
96757,55218,"Relpax 40 mg, Filmtabletten",B
96758,55218,"Relpax 80 mg, Filmtabletten",B
1258610,62969,"Relvar Ellipta 184/22 mcg, Einzeldosiertes Pulver zur Inhalation",B
1258609,62969,"Relvar Ellipta 92/22 mcg, Einzeldosiertes Pulver zur Inhalation",B
81206,54447,"Remeron 30 mg, Filmtabletten",B
113682,56075,"Remeron SolTab 15 mg, Schmelztabletten",B
113684,56075,"Remeron SolTab 30 mg, Schmelztabletten",B
1510095,68736,"Remicade 100 mg, Pulver für ein Konzentrat zur Herstellung einer Infusionslösung",A
81983,55184,"Remicade, Lyophilisat",A
1152834,60231,"Remifentanil Fresenius 1 mg, Pulver für ein Konzentrat zur Herstellung einer Infusionslösung",A
1152836,60231,"Remifentanil Fresenius 2 mg, Pulver für ein Konzentrat zur Herstellung einer Infusionslösung",A
1152837,60231,"Remifentanil Fresenius 5 mg, Pulver für ein Konzentrat zur Herstellung einer Infusionslösung",A
1018817,56754,"Reminyl PR 16 mg, Kapseln",B
1018818,56754,"Reminyl PR 24 mg, Kapseln",B
1018816,56754,"Reminyl PR 8 mg, Kapseln",B
1013064,56120,"Remodulin 1 mg/ml, Infusionslösung s.c. und i.v.",B
1211617,56120,"Remodulin 10 mg/ml, Infusionslösung s.c. und i.v.",B
1013065,56120,"Remodulin 2.5 mg/ml, Infusionslösung s.c. und i.v.",B
1211616,56120,"Remodulin 5 mg/ml, Infusionslösung s.c und i.v.",B
1260029,52471,"Remotiv 250, Filmtabletten",D
1122442,52471,"Remotiv 500, Filmtabletten",D
1308533,65373,"Remsima 100 mg, poudre pour un concentré destiné à la préparation d'une solution pour perfusion",A
1510096,68734,"Remsima 100 mg, Pulver für ein Konzentrat zur Herstellung einer Infusionslösung",A
1006673,56297,"Renagel, comprimés pelliculés",B
1500587,68152,"Rennie Gum, Wirkstoffhaltiger Kaugummi",D
3899,8571,"Rennie Peppermint, Lutschtabletten",D
35555,49670,"Rennie Spearmint, Lutschtabletten",D
1419648,61649,"Renvela 0.8 g, poudre",B
1193239,61649,"Renvela 2.4 g, poudre",B
1193238,61648,"Renvela, comprimé pelliculé",B
1518795,61234,"Repaglinide Rivopharm 0.5 mg, compresse",B
1518796,61234,"Repaglinide Rivopharm 1 mg, compresse",B
1518797,61234,"Repaglinide Rivopharm 2 mg, compresse",B
1196970,51830,"Reparil N, Gel",D
1314012,65622,"Repatha 140 mg / ml, Vorgefüllter Pen",B
1006660,55774,"Replagal Durchstechflasche à 3.5 mL, Infusionskonzentrat",A
1180252,53841,"Requip 0,25 mg, Filmtabletten",B
57806,53841,"Requip 1,0 mg, Filmtabletten",B
57807,53841,"Requip 2,0 mg, Filmtabletten",B
57808,53841,"Requip 5,0 mg, Filmtabletten",B
1078848,57740,"Requip-Modutab 2 mg,  Filmtabletten mit verlängerter Wirkstofffreisetzung",B
1078851,57740,"Requip-Modutab 4 mg,  Filmtabletten mit verlängerter Wirkstofffreisetzung",B
1078849,57740,"Requip-Modutab 8 mg,  Filmtabletten mit verlängerter Wirkstofffreisetzung",B
1159505,59304,"Resolor 1 mg,  Filmtabletten",B
1159506,59304,"Resolor 2 mg, Filmtabletten",B
4145,33379,"Resonium-A, poudre",B
4151,30145,"Resorban, Bronchialcrème",D
1343456,65337,"Respreeza 50 mg/ml à 1 g, Pulver und Lösungsmittel zur Herstellung einer i.v. Infusionslösung",B
1415173,65337,"Respreeza 50 mg/ml à 4 g, Pulver und Lösungsmittel zur Herstellung einer i.v. Infusionslösung",B
4076,12806,"Resyl plus, Tropfen",B
1181178,60307,"Retina/Secale comp., Solutio ad injectionem",B
30286,48942,"Retrovir AZT 250 mg, Kapseln",A
30285,48917,"Retrovir AZT i.v., Infusionslösung",A
26485,51588,"Retrovir AZT, Sirup",A
1466865,67862,"Retsevmo 40 mg, gélules",A
1466866,67862,"Retsevmo 80 mg, gélules",A
1057400,57505,"Revatio, Filmtabletten",B
1163240,60411,"Revatio, Injektionslösung",B
1617415,646,"Revaxis, suspension injectable",B
1331267,65739,"Revestive 5 mg, Pulver und Lösungsmittel zur Herstellung einer Injektionslösung",B
1069615,57712,"REVLIMID 10 mg, Hartkapseln",A
1069616,57712,"REVLIMID 15 mg, Hartkapseln",A
1319971,57712,"REVLIMID 2.5 mg, Hartkapseln",A
1282244,57712,"REVLIMID 20 mg, Hartkapseln",A
1069618,57712,"REVLIMID 25 mg, Hartkapseln",A
1069611,57712,"REVLIMID 5 mg, Hartkapseln",A
1319972,57712,"REVLIMID 7.5 mg, Hartkapseln",A
1366902,60122,"Revolade 12.5 mg, Filmtabletten",A
1152539,60122,"Revolade 25 mg, Filmtabletten",A
1152540,60122,"Revolade 50 mg, Filmtabletten",A
1388324,60122,"Revolade 75 mg, Filmtabletten",A
1383744,66475,"Rexulti 0.5 mg, Filmtabletten",B
1383743,66475,"Rexulti 1 mg, Filmtabletten",B
1383745,66475,"Rexulti 2 mg, Filmtabletten",B
1383746,66475,"Rexulti 3 mg, Filmtabletten",B
1383747,66475,"Rexulti 4 mg, Filmtabletten",B
1277205,62948,"Rezirkane 120 mg, Filmtabletten",B
1277206,62948,"Rezirkane 240 mg, Filmtabletten",B
1472719,58017,"Rheumalix forte, Gel",D
1453745,55515,"Rheumalix forte, Spray",D
1424447,42203,"Rheumalix, Gel",D
1473914,42203,"Rheumalix, Gel",D
1012244,56709,"Rhinallergy, comprimés",D
6072,44726,"Rhinitin retard, Kapseln",D
1236398,62104,"Rhin-X Xylo, Dosierspray",D
109542,53609,"Rhophylac 300, Injektionslösung",B
1124826,60351,"Rhus toxicodendron comp., Solutio ad injectionem",B
1118602,59632,"Rhus toxicodendron D30, Injektionslösung (s.c.)",B
1118603,59632,"Rhus toxicodendron D6, Injektionslösung (s.c.)",B
1124830,60401,"Rhus toxicodendron TM, Salbe",D
1249823,60306,"Rhus/Salix comp., Globuli velati",D
71595,54594,"Riamet 20 mg/120 mg, Tabletten",A
1116850,58528,"Riamet Dispersible, Tabletten",A
1118962,58816,"Ribomustin 100 mg, Pulver für ein Konzentrat zur Herstellung einer Infusionslösung",A
1118958,58816,"Ribomustin 25 mg, Pulver für ein Konzentrat zur Herstellung einer Infusionslösung",A
1200551,53582,"Ricola Honig-Kräuter, Kräuterbonbons",E
1321768,35495,"Ricola Kräutertee Instant, Teeaufgusspulver",E
1081334,22692,"Ricola Kräuterzucker 2,5 g, Kräuterbonbons",E
1539421,22692,"Ricola Kräuterzucker Halsbonbons, Lutschtabletten (2.5g)",E
34843,51285,"Ricura, Tropfen zum Einnehmen",D
1269290,65105,"Rifampicin Labatec 450 mg, comprimés pelliculés",A
1269291,65105,"Rifampicin Labatec 600 mg, comprimés pelliculés",A
1269292,65101,"Rifampicin Labatec i.v. 300mg, poudre pour solution pour perfusion",A
39147,50264,"Rifampicine Labatec 150 mg, gélules",A
1284069,50264,"Rifampicine Labatec 300 mg, gélules",A
6736,47063,"Rifater, comprimés enrobés",A
30241,38931,"Rifinah, comprimés enrobés",A
55751,53678,"Rilutek, comprimés pelliculés",B
6755,34279,"Rimactan 150, Kapseln",A
6756,34279,"Rimactan 300, Kapseln",A
1025124,56769,"Rimactazid 150/75, Filmtabletten",A
1029680,56229,"Rimadyl 100mg ad us.vet., Kautabletten",B
1029679,56229,"Rimadyl 20mg ad us.vet., Kautabletten",B
1022073,56229,"Rimadyl 50mg ad us.vet., Kautabletten",B
1029695,54375,"Rimadyl ad us.vet., Injektionslösung",B
1025144,56768,"Rimstar, Filmtabletten",A
1015197,38205,"Ringer B. Braun (ohne Carbonat), Infusionslösung",B
1377866,66688,"Ringer-Acetat ""Bichsel"" mit Glucose 1%, Infusionslösung",B
1377867,66688,"Ringer-Acetat ""Bichsel"" mit Glucose 1%, Infusionslösung",B
1377868,66688,"Ringer-Acetat ""Bichsel"" mit Glucose 1%, Infusionslösung",B
1331963,65969,"Ringer-Acetat Bichsel, Infusionslösung",B
1331964,65969,"Ringer-Acetat Bichsel, Infusionslösung",B
1331965,65969,"Ringer-Acetat Bichsel, Infusionslösung",B
1112629,58605,"Ringer-Acetat Fresenius, Infusionslösung",B
1222394,58605,"Ringer-Acetat Fresenius, Infusionslösung",B
1222395,58605,"Ringer-Acetat Fresenius, Infusionslösung",B
1222396,58605,"Ringer-Acetat Fresenius, Infusionslösung",B
1222397,58605,"Ringer-Acetat Fresenius, Infusionslösung",B
1028193,57434,"Ringerfundin B. Braun, Infusionslösung",B
1218825,57434,"Ringerfundin B. Braun, Infusionslösung",B
1218826,57434,"Ringerfundin B. Braun, Infusionslösung",B
1218827,57434,"Ringerfundin B. Braun, Infusionslösung",B
1218828,57434,"Ringerfundin B. Braun, Infusionslösung",B
1262325,50461,"Ringer-Lactat ""Bichsel"" ohne Glucose, Infusionslösung",B
1262326,50461,"Ringer-Lactat ""Bichsel"" ohne Glucose, Infusionslösung",B
1262329,50461,"Ringer-Lactat ""Bichsel"" ohne Glucose, Infusionslösung",B
1273694,50461,"Ringer-Lactat ""Bichsel"" ohne Glucose, Infusionslösung",B
1273696,50461,"Ringer-Lactat ""Bichsel"" ohne Glucose, Infusionslösung",B
1273697,50461,"Ringer-Lactat ""Bichsel"" ohne Glucose, Infusionslösung",B
1273698,50461,"Ringer-Lactat ""Bichsel"" ohne Glucose, Infusionslösung",B
1412752,50461,"Ringer-Lactat ""Bichsel"" ohne Glucose, Infusionslösung",B
1007785,38207,"Ringerlactat B. Braun (nach Hartmann), Infusionslösung",B
1218830,38207,"Ringerlactat B. Braun (nach Hartmann), Infusionslösung",B
1218831,38207,"Ringerlactat B. Braun (nach Hartmann), Infusionslösung",B
1218832,38207,"Ringerlactat B. Braun (nach Hartmann), Infusionslösung",B
1218833,38207,"Ringerlactat B. Braun (nach Hartmann), Infusionslösung",B
1183359,50460,"Ringer-Lactat Bichsel mit Glucose 1 %, Infusionslösung",B
1335005,50460,"Ringer-Lactat Bichsel mit Glucose 1 %, Infusionslösung",B
1273230,50460,"Ringer-Lactat Bichsel mit Glucose 2 %, Infusionslösung",B
108348,42692,"Ringer-Lactat Fresenius, Infusionslösung",B
1080038,42692,"Ringer-Lactat Fresenius, Infusionslösung",B
1222513,42692,"Ringer-Lactat Fresenius, Infusionslösung",B
1222514,42692,"Ringer-Lactat Fresenius, Infusionslösung",B
1222516,42692,"Ringer-Lactat Fresenius, Infusionslösung",B
1222517,42692,"Ringer-Lactat Fresenius, Infusionslösung",B
1007846,38207,"Ringerlactat Glucose B. Braun (nach Hartmann), Infusionslösung",B
1302742,65724,"Ringerlactat ohne/sans K B. Braun, Infusionslösung",B
1302743,65724,"Ringerlactat ohne/sans K B. Braun, Infusionslösung",B
119148,43206,"Ringer-Lösung ""Bichsel"", Infusionslösung",B
1270236,43206,"Ringer-Lösung ""Bichsel"", Infusionslösung",B
1270237,43206,"Ringer-Lösung ""Bichsel"", Infusionslösung",B
1270238,43206,"Ringer-Lösung ""Bichsel"", Infusionslösung",B
6822,51037,"Rinofluimucil, spray nasale",D
46873,53349,"Rinosedin 0,05 %, Nasentropfen",D
46871,53348,"Rinosedin 0,1 %, Nasenspray",D
46872,53349,"Rinosedin 0,1 %, Nasentropfen",D
1437325,67257,"Rinvoq 15 mg, Retardtablette",B
1612786,67257,"Rinvoq 30 mg, Retardtabletten",B
1612787,67257,"Rinvoq 45 mg, Retardtabletten",B
6826,46516,"Riopan 800, Tabletten",D
1476211,46515,"Riopan Gel 800 mg, Gel zum Einnehmen",D
1476212,46515,"Riopan Gel Forte 1600 mg, Gel zum Einnehmen",D
1519008,46515,"Riopan Gel, Gel",D
81388,52316,"Risperdal 0,5 mg, Filmtabletten",B
42958,52316,"Risperdal 1 mg, Filmtabletten",B
42957,53424,"Risperdal 1 mg/mL, Lösung",B
42959,52316,"Risperdal 2 mg, Filmtabletten",B
42960,52316,"Risperdal 3 mg, Filmtabletten",B
42961,52316,"Risperdal 4 mg, Filmtabletten",B
114202,56092,"Risperdal Consta 25 mg, Suspension zur i.m. Applikation",B
114203,56092,"Risperdal Consta 37,5 mg, Suspension zur i.m. Applikation",B
114204,56092,"Risperdal Consta 50 mg, Suspension zur i.m. Applikation",B
1117296,57714,"Risperidon Sandoz 0,5 mg, Filmtabletten",B
1123981,58773,"Risperidon Sandoz 0,5 mg, Schmelztabletten",B
1117297,57714,"Risperidon Sandoz 1 mg, Filmtabletten",B
1123982,58773,"Risperidon Sandoz 1 mg, Schmelztabletten",B
1117298,57714,"Risperidon Sandoz 2 mg, Filmtabletten",B
1123983,58773,"Risperidon Sandoz 2 mg, Schmelztabletten",B
1117299,57714,"Risperidon Sandoz 3 mg, Filmtabletten",B
1152667,58773,"Risperidon Sandoz 3 mg, Schmelztabletten",B
1117300,57714,"Risperidon Sandoz 4 mg, Filmtabletten",B
1152668,58773,"Risperidon Sandoz 4 mg, Schmelztabletten",B
1117301,57714,"Risperidon Sandoz 6 mg, Filmtabletten",B
1445463,58735,"Risperidon Zentiva 0.5 mg, Filmtabletten",B
1445464,58735,"Risperidon Zentiva 1 mg, Filmtabletten",B
1445465,58735,"Risperidon Zentiva 2 mg, Filmtabletten",B
1445466,58735,"Risperidon Zentiva 3 mg, Filmtabletten",B
1445467,58735,"Risperidon Zentiva 4 mg, Filmtabletten",B
1113266,58085,"Risperidon-Mepha 0,5 mg oro, Schmelztabletten",B
1113260,58092,"Risperidon-Mepha 0.5, Lactab",B
1113267,58085,"Risperidon-Mepha 1 mg oro, Schmelztabletten",B
1113261,58092,"Risperidon-Mepha 1 mg, Lactab",B
1113269,58467,"Risperidon-Mepha 1 mg/ml, Lösung",B
1113268,58085,"Risperidon-Mepha 2 mg oro, Schmelztabletten",B
1113262,58092,"Risperidon-Mepha 2 mg, Lactab",B
1180883,58085,"Risperidon-Mepha 3 mg oro, Schmelztabletten",B
1113263,58092,"Risperidon-Mepha 3 mg, Lactab",B
1180884,58085,"Risperidon-Mepha 4 mg oro, Schmelztabletten",B
1113264,58092,"Risperidon-Mepha 4 mg, Lactab",B
1452957,67622,"Risperidon-Mepha LA 25 mg, Pulver und Lösungsmittel zur Herstellung einer Suspension zur i.m. Injektion",B
1452958,67622,"Risperidon-Mepha LA 37.5 mg, Pulver und Lösungsmittel zur Herstellung einer Suspension zur i.m. Injektion",B
1452959,67622,"Risperidon-Mepha LA 50 mg, Pulver und Lösungsmittel zur Herstellung einer Suspension zur i.m. Injektion",B
1128496,55931,"Ritalin LA 10 mg, Kapseln",A
109043,55931,"Ritalin LA 20 mg, Kapseln",A
109084,55931,"Ritalin LA 30 mg, Kapseln",A
109085,55931,"Ritalin LA 40 mg, Kapseln",A
6831,20736,"Ritalin, Tabletten",A
1607810,69032,"Rivarax 10 mg, Filmtabletten",B
1607811,69032,"Rivarax 15 mg, Filmtabletten",B
1607812,69032,"Rivarax 20 mg, Filmtabletten",B
1632743,69420,"Rivaroxaban axapharm 10 mg, Filmtabletten",B
1632744,69420,"Rivaroxaban axapharm 15 mg, Filmtabletten",B
1632745,69420,"Rivaroxaban axapharm 20 mg, Filmtabletten",B
1481667,67814,"Rivaroxaban Sandoz 10 mg, Filmtabletten",B
1481668,67814,"Rivaroxaban Sandoz 15 mg, Filmtabletten",B
1481669,67814,"Rivaroxaban Sandoz 20 mg, Filmtabletten",B
1559675,68693,"Rivaroxaban Sandoz eco 10 mg, Filmtabletten",B
1559676,68693,"Rivaroxaban Sandoz eco 15 mg, Filmtabletten",B
1559677,68693,"Rivaroxaban Sandoz eco 20 mg, Filmtabletten",B
1506050,68804,"Rivaroxaban Sandoz vascular 2,5 mg, Filmtabletten",B
1543169,68552,"Rivaroxaban Spirig HC 10 mg, Filmtabletten",B
1543170,68552,"Rivaroxaban Spirig HC 15 mg, Filmtabletten",B
1543171,68552,"Rivaroxaban Spirig HC 20 mg, Filmtabletten",B
1543172,68551,"Rivaroxaban vascular Spirig HC 2.5 mg, Filmtabletten",B
1558003,69319,"Rivaroxaban Viatris 10 mg, Filmtabletten",B
1558004,69319,"Rivaroxaban Viatris 15 mg, Filmtabletten",B
1558005,69319,"Rivaroxaban Viatris 20 mg, Filmtabletten",B
1558002,69320,"Rivaroxaban Viatris vascular 2,5 mg, Filmtabletten",B
1617040,68751,"Rivaroxaban Zentiva 10 mg, Filmtabletten",B
1617038,68751,"Rivaroxaban Zentiva 15 mg, Filmtabletten",B
1617039,68751,"Rivaroxaban Zentiva 20 mg, Filmtabletten",B
1508786,68439,"Rivaroxaban-Mepha 10 mg, Filmtabletten",B
1508787,68439,"Rivaroxaban-Mepha 15 mg, Filmtabletten",B
1508788,68439,"Rivaroxaban-Mepha 20 mg, Filmtabletten",B
1509342,68440,Rivaroxaban-Mepha vascular 2.5 mg Filmtabletten,B
1245422,63164,"Rivastigmin Patch Sandoz 10, Transdermales Pflaster",B
1266469,63164,"Rivastigmin Patch Sandoz 15, Transdermales Pflaster",B
1245421,63164,"Rivastigmin Patch Sandoz 5, Transdermales Pflaster",B
1474963,62917,"Rivastigmin Zentiva Patch 13.3 mg/24 h, transdermales Pflaster",B
1387586,62917,"Rivastigmin Zentiva Patch 4.6 mg/24 h, transdermales Pflaster",B
1387587,62917,"Rivastigmin Zentiva Patch 9.5 mg/24 h, transdermales Pflaster",B
1519504,68795,"Rivastigmin-Mepha Patch 13.3 mg/24 h, Transdermale Pflaster",B
1519502,68795,"Rivastigmin-Mepha Patch 4.6 mg/24 h, Transdermale Pflaster",B
1519503,68795,"Rivastigmin-Mepha Patch 9.5 mg/24 h, Transdermale Pflaster",B
6833,37757,"Rivotril 0.5 mg, Tabletten",B
6834,37757,"Rivotril 2 mg, Tabletten",B
6832,37756,"Rivotril, Konzentrat und Lösungsmittel zur Herstellung einer Injektions-/Infusionslösung",B
1205237,37758,"Rivotril, Tropfen zum Einnehmen, Lösung",B
1387471,66435,"Rixathon 100 mg/10 ml, Konzentrat zur Herstellung einer Infusionslösung",A
1387472,66435,"Rixathon 500 mg/50 ml, Konzentrat zur Herstellung einer Infusionslösung",A
1270336,63123,"Rixubis 1000 IE, Lyophilisat und Lösungsmittel zur Injektion",B
1270337,63123,"Rixubis 2000 IE, Lyophilisat und Lösungsmittel zur Injektion",B
1270334,63123,"Rixubis 250 IE, Lyophilisat und Lösungsmittel zur Injektion",B
1270338,63123,"Rixubis 3000 IE, Lyophilisat und Lösungsmittel zur Injektion",B
1270335,63123,"Rixubis 500 IE, Lyophilisat und Lösungsmittel zur Injektion",B
1272994,63100,"Rizatriptan Sandoz 10 mg, Schmelztabletten",B
1272993,63100,"Rizatriptan Sandoz 5 mg, Schmelztabletten",B
1280115,65263,"Rizatriptan Spirig HC 10 mg, Schmelztabletten",B
1280114,65263,"Rizatriptan Spirig HC 5 mg, Schmelztabletten",B
1278852,65799,"Rizatriptan-Mepha oro 10 mg, Schmelztabletten",B
1278851,65799,"Rizatriptan-Mepha oro 5 mg, Schmelztabletten",B
6839,45307,"Roaccutan 10 mg, Kapseln",A
6840,45307,"Roaccutan 20 mg, Kapseln",A
6841,52685,"Roaccutan, Gel",B
6856,49389,"Robinul-Neostigmine, soluzione iniettabile",B
7177,41728,"Rocaltrol 0,25 ug, Kapseln",B
7178,41728,"Rocaltrol 0,5 ug, Kapseln",B
7182,44625,"Rocephin 1 g i.m., Pulver und Lösungsmittel zur Herstellung einer Injektionslösung",A
7185,44625,"Rocephin 1 g i.v., Pulver und Lösungsmittel zur Herstellung einer Injektionslösung",A
7186,44625,"Rocephin 2 g i.v., Pulver zur Herstellung einer Infusionslösung",A
7184,44625,"Rocephin 500 mg i.v., Pulver und Lösungsmittel zur Herstellung einer Injektionslösung",A
1559678,69043,"Roclanda, collyre en solution",B
1625213,60566,"Rocuronium Fresenius 100 mg / 10 ml, Injektionslösung",B
1625212,60566,"Rocuronium Fresenius 50 mg / 5 ml, Injektionslösung",B
1284416,63236,"Rocuronium Labatec 50 mg/ 5 mL, Solution injectable",B
64687,54959,"Rohypnol 1 mg, Filmtabletten",B
1207233,55564,"Rombellin 5mg Biotin, comprimés",D
1216492,62480,"Ropinirol Sandoz Retard 2, Filmtabletten mit verlängerter Wirkstofffreisetzung",B
1216493,62480,"Ropinirol Sandoz Retard 4, Filmtabletten mit verlängerter Wirkstofffreisetzung",B
1216494,62480,"Ropinirol Sandoz Retard 8, Filmtabletten mit verlängerter Wirkstofffreisetzung",B
1239171,62614,"Ropinirol-Mepha 2 retard, Depotabs",B
1239172,62614,"Ropinirol-Mepha 4 retard, Depotabs",B
1239173,62614,"Ropinirol-Mepha 8 retard, Depotabs",B
1477820,67655,"Ropivacain 1 mg/ml - Fentanyl 2 µg/ml Sintetica, soluzione per infusione",A
1477821,67655,"Ropivacain 2 mg/ml - Fentanyl 2 µg/ml Sintetica, soluzione per infusione",A
1169269,61877,"Ropivacain Fresenius 10 mg/ml, Injektionslösung",B
1227500,61877,"Ropivacain Fresenius 10 mg/ml, Injektionslösung",B
1169259,61877,"Ropivacain Fresenius 2 mg/ml, Infusionslösung/Injektionslösung",B
1227496,61877,"Ropivacain Fresenius 2 mg/ml, Infusionslösung/Injektionslösung",B
1227497,61877,"Ropivacain Fresenius 2 mg/ml, Infusionslösung/Injektionslösung",B
1227498,61877,"Ropivacain Fresenius 2 mg/ml, Infusionslösung/Injektionslösung",B
1169264,61877,"Ropivacain Fresenius 5 mg/ml, Injektionslösung",B
1169265,61877,"Ropivacain Fresenius 7.5 mg/ml, Injektionslösung",B
1227499,61877,"Ropivacain Fresenius 7.5 mg/ml, Injektionslösung",B
1227423,60488,"Ropivacain Sintetica 10 mg/ml, soluzione iniettabile",B
1158264,60488,"Ropivacain Sintetica 2 mg/ml, soluzione iniettabile o per infusione",B
1227424,60488,"Ropivacain Sintetica 2 mg/ml, soluzione iniettabile o per infusione",B
1227425,60488,"Ropivacain Sintetica 2 mg/ml, soluzione iniettabile o per infusione",B
1227426,60488,"Ropivacain Sintetica 2 mg/ml, soluzione iniettabile o per infusione",B
1427200,60488,"Ropivacain Sintetica 2 mg/ml, soluzione iniettabile o per infusione",B
1278405,63247,"Ropivacain Sintetica 3 mg/ml, soluzione per perfusione",B
1278406,63247,"Ropivacain Sintetica 3 mg/ml, soluzione per perfusione",B
1267652,60488,"Ropivacain Sintetica 5 mg/ml, soluzione iniettabile",B
1485577,60488,"Ropivacain Sintetica 5 mg/ml, soluzione iniettabile",B
1158274,60488,"Ropivacain Sintetica 7.5 mg/ml, soluzione iniettabile",B
1227422,60488,"Ropivacain Sintetica 7.5 mg/ml, soluzione iniettabile",B
8387,48092,"Rosalox, Crème",B
1211876,59571,"Rosmarinus Infusum D4, Injektionslösung (s.c.)",B
1197396,60170,"Rosmarinus officinalis comp., Tropfen",D
1369752,66415,"Rosuvastatin Axapharm 10 mg, Filmtabletten",B
1369753,66415,"Rosuvastatin Axapharm 20 mg, Filmtabletten",B
1369751,66415,"Rosuvastatin Axapharm 5 mg, Filmtabletten",B
1436886,67605,"Rosuvastatin NOBEL 10 mg, Filmtabletten",B
1436887,67605,"Rosuvastatin NOBEL 20 mg, Filmtabletten",B
1436885,67605,"Rosuvastatin NOBEL 5 mg, Filmtabletten",B
1378074,66414,"Rosuvastatin Sandoz 10 mg, Filmtabletten",B
1378075,66414,"Rosuvastatin Sandoz 20 mg, Filmtabletten",B
1378076,66414,"Rosuvastatin Sandoz 5 mg, Filmtabletten",B
1354534,66463,"Rosuvastatin Spirig HC 10 mg, Filmtabletten",B
1354535,66463,"Rosuvastatin Spirig HC 20 mg, Filmtabletten",B
1354533,66463,"Rosuvastatin Spirig HC 5 mg, Filmtabletten",B
1369161,66460,"Rosuvastatin Zentiva 10 mg, Filmtabletten",B
1369162,66460,"Rosuvastatin Zentiva 20 mg, Filmtabletten",B
1369160,66460,"Rosuvastatin Zentiva 5 mg, Filmtabletten",B
1356077,66417,"Rosuvastatin-Mepha 10 mg, Filmtablette",B
1356078,66417,"Rosuvastatin-Mepha 20 mg, Filmtablette",B
1356076,66417,"Rosuvastatin-Mepha 5 mg, Filmtablette",B
1359462,66447,"Rosuvastax 10 mg, Filmtabletten",B
1359463,66447,"Rosuvastax 20 mg, Filmtabletten",B
1359461,66447,"Rosuvastax 5 mg, Filmtabletten",B
1178110,60150,"Rotarix liquid, orale Suspension",B
1556751,69489,"Rotpunkt Apotheke Bronchialpastillen neo, Lutschpastillen",E
1456125,67280,"Rozlytrek 100 mg, Hartkapseln",A
1456126,67280,"Rozlytrek 200 mg, Hartkapseln",A
91132,55244,"Ruberkehl D5, homöopathische Tropfen",B
1050264,66389,"Rubin, spagyrische Urtinktur nach Lüthi, Lösung",D
1466548,67402,"Rubraca 200 mg, Filmtabletten",A
1466549,67402,"Rubraca 250 mg, Filmtabletten",A
1466550,67402,"Rubraca 300 mg, Filmtabletten",A
123475,53335,"Rudocain forte, Injektionslösung",B
123474,53335,"Rudocain, Injektionslösung",B
1304574,51067,"Rudolac, Sirup in Flasche",D
1486109,67854,"Rukobia 600 mg, Retardtabletten",A
1617128,69701,"Ruxience 100 mg/10 ml, Konzentrat zur Herstellung einer Infusionslösung",A
1617129,69701,"Ruxience 500 mg/50 ml, Konzentrat zur Herstellung einer Infusionslösung",A
1444930,67446,"Rybelsus 14 mg, Tabletten",B
1444928,67446,"Rybelsus 3 mg, Tabletten",B
1444929,67446,"Rybelsus 7 mg, Tabletten",B
1489185,68380,"Rybrevant 350 mg/7 ml, Konzentrat zur Herstellung einer Infusionslösung",A
1355454,66310,"Rydapt 25 mg, Weichkapseln",A
1541674,68495,"Ryeqo, Filmtabletten",B
1635622,69227,"Rystiggo 280 mg/ 2ml, solution injectable",A
1250343,62648,"Ryzodeg FlexTouch , Injektionslösung",B
1250344,62627,"Ryzodeg Penfill, Injektionslösung",B
96825,54823,"Sabcaps, capsules molles",D
31116,50043,"Sabril, comprimés pelliculés",A
31117,51064,"Sabril, poudre",A
1422973,67174,"Saflutan, collyre (multidose)",B
1144816,60548,"Saflutan, unidose de collyre",B
1170763,60570,"Saizen Liquid 12 mg (8 mg/ml), Injektionslösung",A
1170765,60570,"Saizen Liquid 20 mg (8 mg/ml), Injektionslösung",A
1170761,60570,"Saizen Liquid 6 mg (5.83 mg/ml), Injektionslösung",A
1367167,65703,"SAL 3 Erkältung, Mundspray",D
1363161,65827,"SAL 5 Nerven, Mundspray",D
1367168,65862,"SAL 7 Entspannung, Mundspray",D
1003736,55901,"Salagen, Filmtabletten",B
1073996,55092,"Salamol Autohaler, Dosier-Aerosol",B
10086,30906,"Salazopyrin EN, magensaftresistente Filmtabletten",A
10079,15303,"Salazopyrin, Tabletten",A
1232684,53190,"Salbu Orion Easyhaler 100, Pulver zur Inhalation",B
1232683,53190,"Salbu Orion Easyhaler 200, Inhalationspulver",B
1387736,66915,"Salofalk 1 g, Filmtabletten",B
1172307,46673,"Salofalk 1 g, Suppositorien",B
1158564,55951,"Salofalk 1.5 g, Granulat",B
1158563,55951,"Salofalk 1000 mg, Granulat",B
1177692,59777,"Salofalk 1000 mg, Rektalschaum",B
10099,50986,"Salofalk 2 g, Klysmen",B
10101,46674,"Salofalk 250, Filmtabletten",B
10102,46673,"Salofalk 250, Suppositorien",B
1220222,55951,"Salofalk 3 g, Granulat",B
10100,47329,"Salofalk 4 g, Klysmen",B
10103,46674,"Salofalk 500, Filmtabletten",B
10104,46673,"Salofalk 500, Suppositorien",B
1396179,58543,"Salvacyl, poudre et solvant pour suspension injectable à libération prolongée",B
69279,16863,"Salvia Wild, Tropfen zum Einnehmen / zur Anwendung in der Mundhöhle",D
1409438,66962,"Samsca 15 mg, Tabletten",B
1409439,66962,"Samsca 30 mg, Tabletten",B
1436875,66962,"Samsca 7.5 mg, Tabletten",B
1454804,67972,"Sanactiv Arnika Ringelblumen Gel, Gel",E
10499,50135,"Sanadermil, Hydrocrème",D
1279879,65130,"Sanail-Mepha once a week 5%, Nagellack",D
10355,47735,"Sanalepsi N, Tropfen",B
1372333,55339,"Sanalgin N, Tabletten",D
37692,52656,"Sandimmun Neoral 10 mg, Kapseln",B
37690,52656,"Sandimmun Neoral 100 mg, Kapseln",B
37688,52656,"Sandimmun Neoral 25 mg, Kapseln",B
37689,52656,"Sandimmun Neoral 50 mg, Kapseln",B
37691,52657,"Sandimmun Neoral, Trinklösung",B
10521,44915,"Sandimmun, Infusionskonzentrat",B
1069777,44915,"Sandimmun, Infusionskonzentrat",B
10554,49137,"Sandostatin 0,05 mg/mL, Injektionslösung",A
10555,49137,"Sandostatin 0,1 mg/mL, Injektionslösung",A
10557,49137,"Sandostatin 0,5 mg/mL, Injektionslösung",A
1344151,53161,"Sandostatin LAR 10 mg Fertigspritzen, Injektionspräparat",A
1344152,53161,"Sandostatin LAR 20 mg Fertigspritzen, Injektionspräparat",A
1344153,53161,"Sandostatin LAR 30 mg Fertigspritzen, Injektionspräparat",A
10637,49437,"Sangerol mint, Spüllösung",D
36928,51808,"Sangerol, Spray",D
1003628,56158,"Sanguicimin, homöopathische Wechseljahrtropfen",D
1328974,66050,"Saniotic ad us. vet., Tropfsuspension",B
1176623,42968,"Sano-Tuss, Sirup",B
1178745,41919,"Sanotussin, Filmtabletten",B
1420909,41260,"Santasapina Husten-Bonbons, Lutschtabletten",E
122610,53839,Santasapina Hustensirup ohne Alkohol,D
11602,41260,"Santasapina, Bonbons",E
1485888,57365,"Santuril, Tabletten",B
91137,53555,"Sanukehl Brucel D6, homöopathische Injektionslösung",B
91140,53556,"Sanukehl Brucel D6, homöopathische Tropfen",B
91144,53006,"Sanukehl Cand D5, Injektionslösung (s.c.)",B
91145,53246,"Sanukehl Cand D6, Tropfen zum Einnehmen und Einreiben",B
84502,53403,"Sanukehl Coli D6, Tropfen zum Einnehmen und Einreiben",B
91146,53062,"Sanukehl Coli D7, Injektionslösung (s.c.)",B
91147,53063,"Sanukehl Klebs D6, Injektionslösung (s.c.)",B
91148,53404,"Sanukehl Klebs D6, Tropfen zum Einnehmen und Einreiben",B
91150,53064,"Sanukehl Myc D5, Injektionslösung (s.c.)",B
91151,53405,"Sanukehl Myc D6, Tropfen zum Einnehmen und Einreiben",B
91152,53406,"Sanukehl Prot D6, Tropfen zum Einnehmen und Einreiben",B
91153,53065,"Sanukehl Prot D7, Injektionslösung (s.c.)",B
91155,55550,"Sanukehl Pseu D6, Tropfen zum Einnehmen und Einreiben",B
91156,53007,"Sanukehl Salm D6, Injektionslösung (s.c.)",B
91157,53247,"Sanukehl Salm D6, Tropfen zum Einnehmen und Einreiben",B
91160,52736,"Sanukehl Staph D5, homöopathische Injektionslösung",B
91161,53248,"Sanukehl Staph D6, homöopathische Tropfen",B
91162,52737,"Sanukehl Strep D5, homöopathische Injektionslösung",B
91163,53096,"Sanukehl Strep D6, Tropfen zum Einnehmen und Einreiben",B
25075,50368,"Sanuvis, homöopathische Injektionslösung",B
1510954,68512,"Saphnelo 300 mg/2 ml, Konzentrat zur Herstellung einer Infusionslösung",A
1500588,68224,"Sapropterin Dipharma 100 mg, compressa dispersibile",B
1498710,67735,"Sapropterin Dipharma 100 mg, polvere per soluzione orale",B
1498711,67735,"Sapropterin Dipharma 500 mg, polvere per soluzione orale",B
1629014,69871,"Sapropterin Spirig HC 100 mg, Tabletten zur Herstellung einer Lösung zum Einnehmen",B
1543268,68898,"Sara, Filmtabletten",B
1440604,67525,"Sarclisa 100 mg/5 mL , solution à diluer pour perfusion",A
1440605,67525,"Sarclisa 500 mg/25 mL , solution à diluer pour perfusion",A
1381197,67011,"Saridon neo 400, Filmtabletten",D
1404219,66978,"Saroten 10 mg, Filmtabletten",B
1404220,66978,"Saroten 25 mg, Filmtabletten",B
1124812,60304,"Sarothamnus comp., Solutio ad injectionem",B
1254995,62644,"Sativex, Spray zur Anwendung in der Mundhöhle",A
1339731,65899,"Saxenda 6 mg/ml, Injektionslösung im Fertigpen",B
1388323,66376,"Scabi-med 5%, Creme",B
1013243,55995,"Scalibor Protectorband ad us. vet., für grosse Hunde",D
1013242,55995,"Scalibor Protectorband ad us. vet., für kleine und mittlere Hunde",D
1005692,38646,"Scandonest 30 mg/ml, Injektionslösung",B
1641879,68441,"Scemblix 100 mg, Filmtabletten",A
1504265,68441,"Scemblix 20 mg, Filmtabletten",A
1504266,68441,"Scemblix 40 mg, Filmtabletten",A
1632596,24137,"Scheriproct, Rektalsalbe",B
12509,24137,"Scheriproct, Salbe",B
12510,24138,"Scheriproct, Suppositorien",B
1086456,58873,Schmids Rheuma-Crème,D
70666,54210,"Schmids Sportcreme, Crème",D
1079879,54941,"Schweden-Mixtur H, Flüssigkeit zum Einnehmen",B
1333379,54941,"Schweden-Mixtur H, Flüssigkeit zum Einnehmen",D
1016157,51672,"Scintimun, Markierungsbesteck",A
1287423,36907,"Sclerovein 0,5 %, Injektionslösung",B
1287424,36907,"Sclerovein 1 %, Injektionslösung",B
1287425,36907,"Sclerovein 2 %, Injektionslösung",B
1287426,36907,"Sclerovein 3 %, Injektionslösung",B
1287427,36907,"Sclerovein 5 %, Injektionslösung",B
34222,29804,"Scopolamine 0,25% Dispersa, Augentropfen",B
1331861,66033,"Seasonique 150mcg/30mcg und 10mcg, Filmtabletten",B
1047780,57660,"Sebivo 600 mg, Filmtabletten",A
1222070,57686,"Sebolox, Shampoo",B
1035859,42760,"Sedalin Gel ad us.vet., Oraldoser",B
1448616,67650,"Sedanol 40 mg/ml  ad us. vet., Injektionslösung für Schweine",B
34441,51020,"Sédatif PC, comprimés",D
125991,47481,"Sedazin 1 mg, compresse",B
1223857,47481,"Sedazin 2,5 mg, compresse",B
94885,53547,"Sedicelo N, Tropfen zum Einnehmen",D
93087,55343,"Sedonium, dragées",D
1237691,62580,"Seebri Breezhaler, 50 Mikrogramm, Pulver zur Inhalation, Hartkapseln",B
1474955,67891,"Seffalair Spiromax 113/14 mcg, Multidosenpulverinhalator",B
1474956,67891,"Seffalair Spiromax 232/14 mcg, Multidosenpulverinhalator",B
1474954,67891,"Seffalair Spiromax 55/14 mcg, Multidosenpulverinhalator",B
13610,44421,"Selectol, comprimés pelliculés",B
99355,53770,"Selenase peroral, Trinklösung",B
1006452,53770,"Selenase peroral, Trinklösung",B
99358,53771,"Selenase pro injectione, Injektionslösung",B
99359,53771,"Selenase pro injectione, Injektionslösung",B
91166,52579,"Selenokehl D4, Injektionslösung (i.m., s.c., i.c.)",B
34846,52426,"Selenokehl, homöopathische Tropfen",D
1268496,62764,"Selincro, Filmtabletten",B
1332225,65358,"Selomida Erkältung, Pulver zum Einnehmen",D
1332976,65355,"Selomida Gelenke, Pulver zum Einnehmen",D
1327939,65359,"Selomida Haut, Pulver zur Herstellung einer Lösung zum Einnehmen",D
1327941,65356,"Selomida Muskeln, Pulver zum Einnehmen",D
1332252,65357,"Selomida Nerven, Pulver zum Einnehmen",D
1327940,65354,"Selomina Verdauung, Pulver zum Einnehmen",D
1517133,67202,"Semintra 10 mg/ml ad us. vet., orale Lösung",B
1124829,67270,"Senecio comp., Globuli velati",D
1411250,66821,"Sensicutan, Crème",D
1603679,52327,"Septanest adrénalinée 1/100.000, Injektionslösung",B
1603680,52327,"Septanest adrénalinée 1/200.000, Injektionslösung",B
1009199,55993,"Septonsil, Globuli",D
31090,51454,"Septonsil, Tropfen zum Einnehmen",D
1191472,62331,"Sequase 100 mg, Filmtabletten",B
1191473,62331,"Sequase 200 mg, Filmtabletten",B
1191471,62331,"Sequase 25 mg, Filmtabletten",B
1191474,62331,"Sequase 300 mg, Filmtabletten",B
1253558,63255,"Sequase XR 150 mg, Retardtabletten",B
1253559,63255,"Sequase XR 200 mg, Retardtabletten",B
1253560,63255,"Sequase XR 300 mg, Retardtabletten",B
1253561,63255,"Sequase XR 400 mg, Retardtabletten",B
1253557,63255,"Sequase XR 50 mg, Retardtabletten",B
97715,54767,"Seractil 200 mg, Filmtabletten",B
97717,54767,"Seractil 300 mg, Filmtabletten",B
97718,54767,"Seractil 400 mg forte, Filmtabletten",B
1163372,57985,"Seractil 400 mg, Pulver zur Herstellung einer Suspension zum Einnehmen",B
57412,53845,"Serdolect 12 mg, Filmtabletten",B
57413,53845,"Serdolect 16 mg, Filmtabletten",B
57414,53845,"Serdolect 20 mg, Filmtabletten",B
57411,53845,"Serdolect 4 mg, Filmtabletten",B
13851,32497,"Seresta forte, Tabletten",B
13850,32497,"Seresta, Tabletten",B
1558831,62811,"Seresto ad us. vet., Halsband gegen Ektoparasiten für Katzen und Hunde < 8 kg",B
1558832,62811,"Seresto ad us. vet., Halsband gegen Ektoparasiten Hunde > 8 kg",B
94281,55552,"Seretide 125, Dosier-Aerosol",B
94282,55552,"Seretide 250, Dosier-Aerosol",B
94280,55552,"Seretide 50, Dosier-Aerosol",B
73528,54975,"Seretide Diskus 100, Multidosen-Pulverinhalator",B
73529,54975,"Seretide Diskus 250, Multidosen-Pulverinhalator",B
73530,54975,"Seretide Diskus 500, Multidosen-Pulverinhalator",B
39795,53021,"Serevent Diskus, Multidosen-Pulverinhalator",B
1440417,57169,"Serevent, Dosier-Aerosol",B
26319,49970,"Seropram 20 mg, Filmtabletten",B
81272,54182,"Seroquel 100 mg, Filmtabletten",B
81273,54182,"Seroquel 200 mg, Filmtabletten",B
81271,54182,"Seroquel 25 mg, Filmtabletten",B
109861,54182,"Seroquel 300 mg, Filmtabletten",B
1138358,58108,"Seroquel XR 150 mg, Retardtabletten",B
1099254,58108,"Seroquel XR 200 mg, Retardtabletten",B
1099255,58108,"Seroquel XR 300 mg, Retardtabletten",B
1099257,58108,"Seroquel XR 400 mg, Retardtabletten",B
1099253,58108,"Seroquel XR 50 mg, Retardtabletten",B
1027367,56994,"Sertralin Helvepharm 50 mg, Filmtabletten",B
1089700,56956,"Sertralin Sandoz eco 100 mg, Filmtabletten",B
1089699,56956,"Sertralin Sandoz eco 50 mg, Filmtabletten",B
1224120,57135,"Sertralin Spirig HC, Filmtabletten",B
1543042,61284,"Sertralin Viatris, Filmtabletten",B
1458164,57041,"Sertralin-Mepha 100 mg, Filmtabletten",B
1458163,57041,"Sertralin-Mepha 50 mg, Filmtabletten",B
1321711,65401,"Sevelamercarbonate Salmon Pharma, Filmtabletten",B
1105959,58778,"Sevikar 20mg/5mg, Filmtabletten",B
1105961,58778,"Sevikar 40mg/10mg, Filmtabletten",B
1105960,58778,"Sevikar 40mg/5mg, Filmtabletten",B
1181915,61519,"Sevikar HCT 20 mg/5 mg/12.5 mg, Filmtabletten",B
1181918,61519,"Sevikar HCT 40 mg/10 mg/12.5 mg, Filmtabletten",B
1181919,61519,"Sevikar HCT 40 mg/10 mg/25 mg, Filmtabletten",B
1181916,61519,"Sevikar HCT 40 mg/5 mg/12.5 mg, Filmtabletten",B
1181917,61519,"Sevikar HCT 40 mg/5 mg/25 mg, Filmtabletten",B
1057405,57671,"Sevoflurane Baxter, Flüssigkeit zur Herstellung eines Dampfs zur Inhalation",B
1393001,57671,"Sevoflurane Baxter, Flüssigkeit zur Herstellung eines Dampfs zur Inhalation",B
1005543,53211,"Sevorane, Flüssigkeit zur Herstellung eines Dampfs zur Inhalation",B
29932,52076,"Sevredol 10 mg, Filmtabletten",A
1273473,52076,"Sevredol 20 mg, Filmtabletten",A
61759,53952,"Sevre-Long 120 mg, Kapseln retard",A
61762,53952,"Sevre-Long 200 mg, Kapseln retard",A
61761,53952,"Sevre-Long 30 mg, Kapseln retard",A
61760,53952,"Sevre-Long 60 mg, Kapseln retard",A
1481021,67987,"Shingrix, Pulver und Suspension zur Herstellung einer Injektionssuspension",B
1022710,57146,"Siccafluid UD 0.25 %, Augengel",D
105571,54059,"Siccafluid, Augengel",D
14660,47880,"Siccalix, Nasensalbe",D
96523,55340,"Siccaprotect, Augentropfen",D
14681,45011,"Sicorten plus, Crème",B
1369754,66692,"Sidovis, Konzentrat zur Herstellung einer Infusionslösung",A
79641,54948,"Sidroga Abführtee, geschnittene Drogen",D
14686,41667,"Sidroga Bärentraubenblätter, geschnittene Droge",D
1116608,58713,"Sidroga Beruhigungstee, geschnittene Droge",E
14687,44550,"Sidroga Birkenblätter, Arzneitee",D
1029778,18022,"Sidroga Blasen- und Nierentee, Arzneitee",D
14688,41668,"Sidroga Brennesselblätter, geschnittene Droge",D
1311223,63276,"Sidroga Brust- und Hustentee N, Arzneitee",E
1322264,63293,"Sidroga Erkältungstee N, Arzneitee",D
14690,41669,"Sidroga Fenchel, geschnittene Droge",E
1319862,65046,"Sidroga Gallen- und Lebertee N, geschnittene Drogen",E
1116618,58690,"Sidroga Hals- und Rachentee, Arzneitee",E
71425,51915,"Sidroga Harntee, Arzneitee",D
14694,41672,"Sidroga Holunderblüten, geschnittene Droge",E
1369755,65497,"Sidroga Instant Blasen - & Nierentee, Teeaufgusspulver",D
1369756,65311,"Sidroga Instant Husten - & Bronchialtee, Teeaufgusspulver",D
14695,44553,"Sidroga Johanniskraut, geschnittene Droge",D
14696,41673,"Sidroga Kamillenblüten, geschnittene Droge",E
67446,54096,"Sidroga Kinder Bronchialtee, geschnittene Drogen",E
14698,41674,"Sidroga Lindenblüten, geschnittene Droge",E
14699,44554,"Sidroga Löwenzahn, Arzneitee",E
1311099,63219,"Sidroga Magen-Darm Beruhigungstee, Arzneitee",E
1317240,65137,"Sidroga Magen-Darm Verdauungstee, Arzneitee",E
14700,41675,"Sidroga Malvenblätter, Arzneitee",E
14702,41676,"Sidroga Melissenblätter, geschnittene Droge",E
14704,41678,"Sidroga Pfefferminzblätter, Arzneitee",E
1079335,58488,"Sidroga Reizhustentee, Arzneitee",E
14705,41679,"Sidroga Salbeiblätter (dreilappig), geschnittene Droge",E
14706,41684,"Sidroga Schachtelhalm, Arzneitee",D
14707,41685,"Sidroga Schafgarbe, geschnittene Droge",E
1238009,63046,"Sidroga Schlaf- und Nerventee N, geschnittene Drogen",E
14711,47115,"Sidroga Thymian, Arzneitee",E
14712,41687,"Sidroga Verveine, geschnittene Droge",E
14713,44557,"Sidroga Weissdorn, Arzneitee",D
68947,54277,"Sifrol 0,125 mg, Tabletten",B
68948,54277,"Sifrol 0,25 mg, Tabletten",B
99449,54277,"Sifrol 0,5 mg, Tabletten",B
68952,54277,"Sifrol 1,0 mg, Tabletten",B
1155079,60057,"Sifrol ER 0,375 mg, Retardtabletten",B
1155080,60057,"Sifrol ER 0,75 mg, Retardtabletten",B
1155082,60057,"Sifrol ER 1,5 mg, Retardtabletten",B
1155083,60057,"Sifrol ER 3,0 mg, Retardtabletten",B
1155085,60057,"Sifrol ER 4,5 mg, Retardtabletten",B
1221634,61254,"Signifor 0.3 mg/1 ml, Injektionslösung",B
1221635,61254,"Signifor 0.6 mg/1 ml, Injektionslösung",B
1221636,61254,"Signifor 0.9 mg/1 ml, Injektionslösung",B
1392766,65148,"Signifor LAR 10 mg, Pulver und Lösung zur Herstellung einer Injektionssuspension",A
1289033,65148,"Signifor LAR 20 mg, Pulver und Lösung zur Herstellung einer Injektionssuspension",A
1392767,65148,"Signifor LAR 30 mg, Pulver und Lösung zur Herstellung einer Injektionssuspension",A
1289034,65148,"Signifor LAR 40 mg, Pulver und Lösung zur Herstellung einer Injektionssuspension",A
1289035,65148,"Signifor LAR 60 mg, Pulver und Lösung zur Herstellung einer Injektionssuspension",A
14801,19968,"Silacten, Tropfen zum Einnehmen",D
1221739,62574,"Sildenafil axapharm 100 mg, Filmtabletten",B
1221737,62574,"Sildenafil axapharm 25 mg, Filmtabletten",B
1221738,62574,"Sildenafil axapharm 50 mg, Filmtabletten",B
1639773,69529,"Sildenafil Direct Mint Spirig HC 25 mg, Kautabletten",B
1423903,67646,"Sildenafil NOBEL 100 mg, Filmtabletten",B
1424037,67646,"Sildenafil NOBEL 25 mg, Filmtabletten",B
1423902,67646,"Sildenafil NOBEL 50 mg, Filmtabletten",B
1389347,66949,"Sildenafil PAH Spirig HC 20 mg, Filmtabletten",B
1557559,66876,"Sildenafil PAH Viatris 20 mg, Filmtabletten",B
1355222,66452,"Sildenafil PAH-Mepha 20 mg, Filmtabletten",B
1207448,62162,"Sildenafil Sandoz 100 mg, Tabletten",B
1207446,62162,"Sildenafil Sandoz 25 mg, Tabletten",B
1207447,62162,"Sildenafil Sandoz 50 mg, Tabletten",B
1234540,62796,"Sildenafil Spirig HC 100 mg, Filmtabletten",B
1234538,62796,"Sildenafil Spirig HC 25 mg, Filmtabletten",B
1234539,62796,"Sildenafil Spirig HC 50 mg, Filmtabletten",B
1540559,62721,"Sildenafil Viatris 100 mg, Filmtabletten",B
1540557,62721,"Sildenafil Viatris 25 mg, Filmtabletten",B
1540558,62721,"Sildenafil Viatris 50 mg, Filmtabletten",B
1193886,61377,"Sildenafil-Mepha 100 mg, Lactab",B
1193884,61377,"Sildenafil-Mepha 25 mg, Lactab",B
1193885,61377,"Sildenafil-Mepha 50 mg, Lactab",B
1283060,60179,Sildenax 100 mg Filmtabletten,B
1124831,60333,"Silicea colloidalis comp., Gelatum",D
88259,52619,"Silkis, Salbe",B
1335517,65881,"Silvir 100 mg, film orodispersibile",B
1335514,65881,"Silvir 25 mg, film orodispersibile",B
1335515,65881,"Silvir 50 mg, film orodispersibile",B
1335516,65881,"Silvir 75 mg, film orodispersibile",B
1285314,65186,"Simbrinza, Brinzolamid 10mg/ml, Brimonidintartrat 2mg/ml, Augentropfensuspension",B
1286510,56035,"Simcora 20, Filmtabletten",B
1286511,56035,"Simcora 40, Filmtabletten",B
1016001,56035,"Simcora 80, Filmtabletten",B
1254134,62463,"Simdax 12.5 mg/5 ml, Konzentrat zur Herstellung einer Infusionslösung",A
1358670,65993,"Similasan Akne Spray, Spray zur Anwendung auf der Haut",D
1508789,67484,"Similasan Allergisch reagierende Augen N, Augentropfen Monodosen",D
1210340,45116,"Similasan Allergisch reagierende Augen, Augentropfen",D
1225599,51674,"Similasan Arnica plus, Creme",D
1225589,51362,"Similasan Arnica plus, Globuli",D
1225453,55787,"Similasan Arnica plus, Spray zur Anwendung auf der Haut",D
1225594,54134,"Similasan Arnica, Creme",D
1225241,58269,"Similasan Arnica, Globuli",D
1225239,56388,"Similasan Arnica, Tabletten",D
1225485,51364,"Similasan Beruhigung, Globuli",D
1225393,58714,"Similasan Beruhigung, Tabletten",D
1225395,46306,"Similasan Beruhigung, Tropfen",D
1225596,54135,"Similasan Calendula, Salbe",D
1225592,54136,"Similasan Cardiospermum, Creme",D
1225602,52320,"Similasan Echinacea, Globuli",D
1508818,67562,"Similasan Entzündete Augen N, Augentropfen Monodosen",D
1180525,60381,"Similasan Entzündete Augen, Augentropfen 10 ml",D
1225188,53322,"Similasan Fieber und Grippe Nr. 1, Globuli",D
1225486,50866,"Similasan Fieber und Grippe Nr. 2 , Globuli",D
1225451,54952,"Similasan Fieberbläschen, Creme",D
1225523,50672,"Similasan Fliess-Schnupfen, Globuli",D
1225591,51675,"Similasan Gelenkschmerzen, Creme",D
1225487,51457,"Similasan Gelenkschmerzen, Globuli",D
1225488,58145,"Similasan Grippe und Erkältung, Globuli",D
1225495,50937,"Similasan Halsentzündungen, Globuli",D
1225593,51677,"Similasan Hämorrhoiden, Creme",D
1225603,53359,"Similasan Hämorrhoiden, Globuli",D
1225595,51678,"Similasan Hautausschläge, Creme",D
1225496,50884,"Similasan Hautausschläge, Globuli",D
1225497,51343,"Similasan Heiserkeit, Globuli",D
1225190,53242,"Similasan Heuschnupfen Nr. 1, Globuli",D
1225392,46149,"Similasan Heuschnupfen Nr. 1, Tabletten",D
1225498,50914,"Similasan Heuschnupfen Nr. 2, Globuli",D
1225564,51341,"Similasan Husten mit Verschleimung, Globuli",D
1475921,66517,"Similasan Husten mit Verschleimung, Sirup",D
1225240,56389,"Similasan Hypericum, Tabletten",D
1225186,53306,"Similasan Insektenstiche, Flüssigkeit zur Anwendung auf der Haut",D
1225565,51361,"Similasan Insektenstiche, Globuli",D
1225397,49329,"Similasan Insektenstiche, Spray",D
1225189,56391,"Similasan Kava-Kava, Tabletten",D
1225566,51449,"Similasan Kopfschmerzen, Globuli",D
1225080,53243,"Similasan Kreislauf-Beschwerden, Globuli",D
1225567,51363,"Similasan Leber-Galle-Beschwerden, Globuli",D
1225081,53179,"Similasan Magenbrennen, Globuli",D
1225242,46529,"Similasan Magenbrennen, Tabletten",D
1225568,50868,"Similasan Magen-Darm-Beschwerden, Globuli",D
1225082,53189,"Similasan Meteo, Globuli",D
1225083,54925,"Similasan Milchbildung, Globuli",D
1225391,54923,"Similasan Mund- und Halsentzündungen, Spray zur Anwendung in der Mundhöhle",D
1225452,54960,"Similasan Nasen-Wundsalbe, Nasencreme",D
1225600,52311,"Similasan Nervöse Bauchkrämpfe, Globuli",D
1225343,53936,"Similasan Nervöse Beschwerden, Globuli",D
1225243,48024,"Similasan Nervöse Beschwerden, Tabletten",D
1225521,51399,"Similasan Nieren-Blasen-Beschwerden, Globuli",D
1225187,52750,"Similasan Ohrentropfen, Tropfen",D
1225084,53244,"Similasan Periodenbeschwerden, Globuli",D
1439422,67510,"Similasan Reise-Beschwerden N, Tabletten",D
1498712,67812,"Similasan Reisekrankheit, Globuli",D
1496405,67813,"Similasan Reisekrankheit, Tabletten",D
1225499,51340,"Similasan Reizhusten, Globuli",D
1225522,51360,"Similasan Schlafstörungen, Globuli",D
1220062,62249,"Similasan Schlafstörungen, Tabletten",D
1225396,49790,"Similasan Schlafstörungen, Tropfen",D
1225489,50920,"Similasan Schluckweh, Globuli",D
1225524,50892,"Similasan Schnupfen, Globuli",D
1225344,45627,"Similasan Schnupfenspray, Spray",D
1225597,51676,"Similasan Sonnenallergie, Creme",D
1225588,51365,"Similasan Sonnenallergie, Globuli",D
1225390,46779,"Similasan Sonnenbrand und kleinflächige Verbrennungen, Spray zur Anwendung auf der Haut",D
1225525,50904,"Similasan Stirn- und Kieferhöhlen-Beschwerden, Globuli",D
1508819,67485,"Similasan Trockene Augen N, Augentropfen Monodosen",D
1210338,45117,"Similasan Trockene Augen, Augentropfen",D
1475920,66522,"Similasan Trockener Husten, Sirup",D
1508820,67564,"Similasan überanstrengte Augen N, Augentropfen, Monodosen",D
1180526,60379,"Similasan Überanstrengte Augen, Augentropfen 10 ml",D
1225341,53360,"Similasan Venenbeschwerden, Globuli",D
1225590,51373,"Similasan Verstopfung, Globuli",D
1225342,53358,"Similasan Wechseljahr-Beschwerden, Globuli",D
1358671,65961,"Similasan Wundheilspray, Spray zur Anwendung auf der Haut",D
1225394,47659,"Similasan Zahnungs-Beschwerden, Globuli",D
1507822,68067,"SimiMed Ginkgo 240 mg, Filmtabletten",B
1257320,61318,"Simponi 100 mg, Injektionslösung im Fertigpen",B
1257319,61263,"Simponi 100 mg, Injektionslösung in Fertigspritze",B
1164168,61318,"Simponi 50 mg, Injektionslösung im Fertigpen",B
1159158,61263,"Simponi 50 mg, Injektionslösung in Fertigspritze",B
60596,54630,"Simulect 20 mg, Pulver und Lösungsmittel zur Herstellung einer Injektions-/Infusionslösung",B
1559679,69542,"Simulect 20 mg, Pulver zur Herstellung einer Injektions-/Infusionslösung",B
1152031,56527,"Simvastatin Helvepharm 80 mg, Filmtabletten",B
1470903,68242,"Simvastatin Spirig HC 20, Filmtabletten",B
1470904,68242,"Simvastatin Spirig HC 40, Filmtabletten",B
1470906,68242,"Simvastatin Spirig HC 80, Filmtabletten",B
1471886,56527,"Simvastatin Zentiva 20 mg, Filmtabletten",B
1471887,56527,"Simvastatin Zentiva 40 mg, Filmtabletten",B
1244771,62612,"Simvastatin-Mepha 20 mg, Filmtabletten",B
1244772,62612,"Simvastatin-Mepha 40 mg, Filmtabletten",B
1244773,62612,"Simvastatin-Mepha 80 mg, Filmtabletten",B
1410052,38099,"Sinemet 25/100 mg, Tabletten",B
1410053,38099,"Sinemet 25/250 mg, Tabletten",B
99446,54391,"Singulair 4 mg, Kautabletten für Kleinkinder",B
69828,54391,"Singulair 5 mg, Kautabletten für Kinder",B
69830,54390,"Singulair, Filmtabletten",B
14936,21693,"Sintrom 1 mitis, Tabletten",A
14937,21693,"Sintrom 4, Tabletten",A
1314555,65251,"Sinupret extract, Dragées",D
1318891,53159,"Sinupret forte, Dragées",D
1519370,58752,"Sinupret Sirup, Sirup",D
1519369,53160,"Sinupret Tropfen, Tropfen zum Einnehmen",D
1318890,53159,"Sinupret, Dragées",D
14967,44691,"Sirdalud 2 mg, Tabletten",B
14968,44691,"Sirdalud 4 mg, Tabletten",B
14970,48979,"Sirdalud MR 6 mg, Hartkapseln, retardiert",B
1604293,68967,"Sitagliptin Metformin NOBEL 50 mg/1000 mg, Filmtabletten",B
1604291,68967,"Sitagliptin Metformin NOBEL 50 mg/500 mg, Filmtabletten",B
1604292,68967,"Sitagliptin Metformin NOBEL 50 mg/850 mg, Filmtabletten",B
1515384,68723,"Sitagliptin Metformin Sandoz 50 mg/1000 mg, Filmtabletten",B
1515382,68723,"Sitagliptin Metformin Sandoz 50 mg/500 mg, Filmtabletten",B
1515383,68723,"Sitagliptin Metformin Sandoz 50 mg/850 mg, Filmtabletten",B
1509451,68396,"Sitagliptin Metformin Spirig HC 50/1000 mg, Filmtabletten",B
1509449,68396,"Sitagliptin Metformin Spirig HC 50/500 mg, Filmtabletten",B
1509450,68396,"Sitagliptin Metformin Spirig HC 50/850 mg, Filmtabletten",B
1552128,69160,"Sitagliptin Metformin XR Spirig HC 100/1000 mg, Tabletten",B
1552127,69160,"Sitagliptin Metformin XR Spirig HC 50/1000 mg, Tabletten",B
1552126,69160,"Sitagliptin Metformin XR Spirig HC 50/500 mg, Tabletten",B
1539916,68842,"Sitagliptin Metformin Zentiva 50/1000mg, Filmtabletten",B
1539914,68842,"Sitagliptin Metformin Zentiva 50/500 mg, Filmtabletten",B
1539915,68842,"Sitagliptin Metformin Zentiva 50/850 mg, Filmtabletten",B
1509363,68680,"Sitagliptin NOBEL 100 mg, Filmtabletten",B
1509361,68680,"Sitagliptin NOBEL 25 mg, Filmtabletten",B
1509362,68680,"Sitagliptin NOBEL 50 mg, Filmtabletten",B
1478085,68465,"Sitagliptin Sandoz eco 100 mg, Filmtabletten",B
1478083,68465,"Sitagliptin Sandoz eco 25 mg, Filmtabletten",B
1478084,68465,"Sitagliptin Sandoz eco 50 mg, Filmtabletten",B
1512831,68812,Sitagliptin Spirig HC 100 mg. Filmtabletten,B
1512829,68812,Sitagliptin Spirig HC 25 mg. Filmtabletten,B
1512830,68812,Sitagliptin Spirig HC 50 mg. Filmtabletten,B
1507818,68254,"Sitagliptin Zentiva 100 mg,  Filmtabletten",B
1507816,68254,"Sitagliptin Zentiva 25 mg,  Filmtabletten",B
1507817,68254,"Sitagliptin Zentiva 50 mg,  Filmtabletten",B
1382325,66804,"Sitagliptin-Mepha 100 mg, Filmtabletten",B
1382323,66804,"Sitagliptin-Mepha 25 mg, Filmtabletten",B
1382324,66804,"Sitagliptin-Mepha 50 mg, Filmtabletten",B
1509345,68378,"Sitagliptin-Metformin-Mepha 50/1000 mg, Filmtabletten",B
1509343,68378,"Sitagliptin-Metformin-Mepha 50/500 mg, Filmtabletten",B
1509344,68378,"Sitagliptin-Metformin-Mepha 50/850 mg, Filmtabletten",B
1544676,69033,"Sitagliptin-Metformin-Mepha retard 100/1000 mg, Tabletten mit veränderter Wirkstofffreisetzung",B
1544675,69033,"Sitagliptin-Metformin-Mepha retard 50/1000 mg, Tabletten mit veränderter Wirkstofffreisetzung",B
1544674,69033,"Sitagliptin-Metformin-Mepha retard 50/500 mg, Tabletten mit veränderter Wirkstofffreisetzung",B
1406564,66703,"Skilarence 120mg, magensaftresistente Tablette",B
1406563,66703,"Skilarence 30mg, magensaftresistente Tablette",B
1512077,50262,"Skinoren, Crème",B
1627103,69610,"Skyclarys 50 mg, Hartkapseln",B
1472518,66944,"Skyrizi 150 mg, lnjektionslösung in einer Fertigspritze",B
1472519,68118,"Skyrizi 150mg, Injektionslösung im Fertigpen",B
1618299,68946,"Skyrizi 180 mg, Injektionslösung in einer Patrone für ein Dosiergerät",B
1553889,68946,"Skyrizi 360 mg, Injektionslösung in einer Patrone für ein Dosiergerät",B
1553888,68947,"Skyrizi 600 mg/10 ml, Konzentrat zur Herstellung einer Infusionslösung",B
1417864,67422,"Slenyto 1 mg, Retardtabletten",B
1417863,67422,"Slenyto 5 mg, Retardtabletten",B
1485130,67817,"Slinda 4.0 mg, Filmtabletten",B
1029650,66391,"Smaragd spagyrische Urtinktur nach Lüthi, Lösung",D
1209778,62283,"SmofKabiven EF, Infusionsemulsion 1477 ml",B
1209777,62283,"SmofKabiven EF, Infusionsemulsion 986  ml",B
1220256,62448,"SmofKabiven peripher 1206 ml, Infusionsemulsion",B
1401069,66670,"SmofKabiven special 1012 ml, Infusionsemulsion",B
1401068,66670,"SmofKabiven special 1518 ml, Infusionsemulsion",B
1403806,66859,"SmofKabiven special EF 1012 ml, Infusionsemulsion",B
1173222,60689,"SmofKabiven, Infusionsemulsion 1477 ml",B
1173223,60689,"SmofKabiven, Infusionsemulsion 1970 ml",B
1212834,60689,"SmofKabiven, Infusionsemulsion 493 ml",B
1158382,60689,"SmofKabiven, Infusionsemulsion 986 ml",B
1047634,57231,"SMOFlipid, Emulsion zur Infusion",B
1551205,57231,"SMOFlipid, Emulsion zur Infusion",B
1333363,66299,"Soffi Gynial 0.02 mg/0.10 mg, Filmtabletten",B
1387364,66299,"Soffi Gynial 0.02mg/0.10mg, Filmtabletten",B
1482414,67980,"Softacort 3,35 mg/ml, Augentropfen",B
1340668,62804,"Softasept CHX gefärbt, Lösung zur Anwendung auf der Haut",D
1283612,62804,"Softasept CHX ungefärbt, Lösung zur Anwendung auf der Haut",D
105996,55567,"Softasept N gefärbt, Lösung",D
94777,55567,"Softasept N ungefärbt, Lösung",D
1510524,68467,"Softigyn 100'000'000 CFU, capsules molles vaginales",D
1616231,69063,"Sogroya 10 mg/ 1.5 ml, Injektionslösung im Fertigpen",A
1616232,69063,"Sogroya 15 mg/ 1.5 ml, Injektionslösung im Fertigpen",A
1616230,69063,"Sogroya 5 mg/ 1.5 ml, Injektionslösung im Fertigpen",A
1382456,66644,"Solacutan 3%, Gel",B
1170915,60580,"Solaraze 3%, Gel",B
15199,26146,"Solarcaine, lotion",D
15225,42286,"Solatran 15 mg, Kapseln",B
1401695,67255,"Solevita neo, Filmtabletten",B
89170,54212,"Solian 100 mg, comprimés sécables",B
70327,54212,"Solian 200 mg, comprimés sécables",B
89171,60505,"Solian 400 mg, comprimés pelliculés sécables",B
15374,58974,"Solidago compositum, Injektionslösung",B
1188530,60171,"Solidago virgaurea comp., Tropfen",D
1448198,67838,"Solifenacin NOBEL 10 mg, Filmtabletten",B
1448197,67838,"Solifenacin NOBEL 5 mg, Filmtabletten",B
1377925,66823,"Solifenacin Sandoz 10 mg, Filmtabletten",B
1377924,66823,"Solifenacin Sandoz 5 mg, Filmtabletten",B
1384374,66972,"Solifenacin Spirig HC 10 mg, Filmtabletten",B
1384373,66972,"Solifenacin Spirig HC 5 mg, Filmtabletten",B
1356534,66335,"Solifenacin-Mepha 5mg, Filmtabletten",B
1356535,66335,"Solifenacin-Mepha, 10mg, Filmtabletten",B
1115134,59282,"Soliris 300 mg/30 ml, Konzentrat zur Herstellung einer Infusionslösung",A
1252624,53751,"Solmag 300, Brausetabletten mit Himbeeraroma",D
1252625,53751,"Solmag 300, Brausetabletten mit Orangenaroma",D
1091798,57854,"Solmucalm tosse grassa, sciroppo per adulti",D
1105598,57854,"Solmucalm tosse grassa, sciroppo per bambini",D
75642,53336,"Solmucalm, sciroppo per adulti",D
75643,53336,"Solmucalm, sciroppo per bambini",D
15934,47909,"Solmucol 100, granulare",D
1388492,66433,"Solmucol 20% antidoto, soluzione per infusione",B
1071797,50046,"Solmucol 200 Erkältungshusten, pastiglia",D
16031,47909,"Solmucol 200, granulare",D
16032,47909,"Solmucol 400, granulare",B
1071823,58027,"Solmucol 600 Erkältungshusten, compressa effervescente",D
1081663,57868,"Solmucol 600 tosse grassa, granulato",D
16033,58066,"Solmucol 600, compressa effervescente",D
16034,47909,"Solmucol 600, granulato",B
1265378,47909,"Solmucol 600, granulato",D
1490219,67822,"Solmucol Bronchoprotect 50 mg, compresse sublinguali",D
1558642,55332,"Solmucol Raffreddore, spray nasale, soluzione",D
1071830,52254,"Solmucol tosse grassa, sciroppo per adulti",D
1071812,52254,"Solmucol tosse grassa, sciroppo per bambini",D
1412632,23533,"Solu-Cortef 100 mg, Pulver und Lösungsmittel zur Herstellung einer Injektions-/Infusionslösung",B
1626742,23533,"Solu-Cortef 250 mg, Pulver und Lösungsmittel zur Herstellung einer Injektions-/Infusionslösung",B
1124915,60370,"Solum uliginosum comp., Injektionslösung (s.c.)",B
16064,35112,"Solu-Medrol 1 g, Pulver und Lösungsmittel zur Herstellung einer Injektions-/Infusionslösung",B
16063,35112,"Solu-Medrol 500 mg, Pulver und Lösungsmittel zur Herstellung einer Injektions-/Infusionslösung",B
1491991,53697,"Solu-Moderin 125 mg, Pulver und Lösungsmittel zur Herstellung einer Injektions-/Infusionslösung",B
1491990,53697,"Solu-Moderin 40 mg, Pulver und Lösungsmittel zur Herstellung einer Injektions-/Infusionslösung",B
1116644,58588,"Soluprick Negativ-Kontrolle, Pricktestlösung",A
1116649,58587,"Soluprick Positiv-Kontrolle, Pricktestlösung",A
1116629,58585,"Soluprick SQ Apis mellifera 100 ug/ml, Pricktestlösung",A
1116630,58585,"Soluprick SQ Apis mellifera 300 ug/ml, Pricktestlösung",A
1116632,58572,"Soluprick SQ Artemisia vulgaris, Pricktestlösung",A
1116633,58577,"Soluprick SQ Betula verrucosa, Pricktestlösung",A
1116634,58583,"Soluprick SQ Canis familiaris, Pricktestlösung",A
1116637,58580,"Soluprick SQ Dermatophagoides farinae, Pricktestlösung",A
1116639,58581,"Soluprick SQ Dermatophagoides pteronyssinus, Pricktestlösung",A
1116641,58582,"Soluprick SQ Felis domesticus, Pricktestlösung",A
1116647,58566,"Soluprick SQ Phleum pratense, Pricktestlösung",A
1116652,58586,"Soluprick SQ Vespula spp. 100 ug/ml, Pricktestlösung",A
1116653,58586,"Soluprick SQ Vespula spp. 300 ug/ml, Pricktestlösung",A
1116113,59621,"Solutio alkalina 5%, Dilutio",D
16057,43678,"Soluvit N, Trockenampullen",B
1421436,56148,"Somatuline Autogel 120 mg, Injektionslösung",A
1421434,56148,"Somatuline Autogel 60 mg, Injektionslösung",A
1421435,56148,"Somatuline Autogel 90 mg, Injektionslösung",A
1334520,57144,"Somavert 10 mg, Pulver und Lösungsmittel zur Herstellung einer Injektionslösung",A
1334521,57144,"Somavert 15 mg, Pulver und Lösungsmittel zur Herstellung einer Injektionslösung",A
1334522,57144,"Somavert 20 mg, Pulver und Lösungsmittel zur Herstellung einer Injektionslösung",A
51299,55062,"Somcupin, Tropfen",D
1508558,68534,"Sondelbay 20 mcg/80 mcl, Injektionslösung in einem Fertiginjektor",B
1025727,54606,"Songha night, confetti",D
1025729,55963,"Sonotryl nouvelle formule, comprimés pelliculés",D
115837,56032,"SonoVue 8 µL/mL,polvere e solvente per dispersione iniettabile",B
1339951,65561,"Soolantra 10 mg, Crème",B
29989,49219,"Soporin Schlaftropfen, Tropfen",D
1471135,68210,"Sorafenib Zentiva 200 mg, Filmtabletten",A
58205,54085,"Sortis 10, Filmtabletten",B
58356,54085,"Sortis 20, Filmtabletten",B
110578,54085,"Sortis 40, Filmtabletten",B
1028663,54085,"Sortis 80, Filmtabletten",B
63738,54553,"Sotalol-Mepha 160, Tabletten",B
63739,54553,"Sotalol-Mepha 80, Tabletten",B
1265728,63218,"Sovaldi 400 mg, Filmtabletten",A
1371923,47405,"Spagymun Abwehrkräfte, Tropfen zum Einnehmen",D
1369763,47406,"Spagyrom Erkältungskrankheiten, Tropfen zum Einnehmen",D
1369762,51851,"Spagyrom Halsschmerzen, Lutschtabletten",D
1334085,65582,"Spagyros Ribes nigrum, Spray zur Anwendung in der Mundhöhle",D
1381071,62507,"Spasmex 20 mg, Filmtabletten",B
1357484,66413,"Spasmium comp. 500 mg/ml + 4 mg/ml  ad us. vet., Injektionslösung",B
39431,45669,"Spasmo-Urgenin Neo, Dragées",B
1541675,68410,"Spaverin 40 mg, Tabletten",D
1541676,68410,"Spaverin 80 mg, Tabletten",B
99025,55677,"Spedifen 400, Compresse pellicolari",B
16537,50063,"Spedifen 400, granulare",B
1478266,50063,"Spedifen 400, granulare",B
16540,50063,"Spedifen 600, granulare",B
1312566,65275,"Spedra 100 mg, Tabletten",B
1312567,65275,"Spedra 200 mg, Tabletten",B
1312565,65275,"Spedra 50 mg, Tabletten",B
33987,26073,"Spersacarpine 2 %, Augentropfen",B
1024399,31069,"Spersadex mono 0.1%, Augentropfen",A
61965,53933,"Spersallerg SDU, Augentropfen (Monodosen)",D
34234,36290,"Spersapolymyxin, Augentropfen",A
1555245,68625,"Spevigo 450 mg/7,5 ml (60 mg/ml) , Konzentrat zur Herstellung einer Infusionslösung",A
1604406,69788,"Spikevax JN.1 (mRNA-1273.167), 0.10mg/ml, Dispersion zur Injektion",B
1633760,70205,Spikevax LP.8.1,B
1365047,66495,"Spinraza 12mg/5ml, Lösung zur intrathekalen Injektion",A
1411864,67352,"Spiolto Respimat 2.5 mcg / 2.5 mcg, Lösung zur Inhalation (wiederverwendbar)",B
76361,55183,"Spiralgin 500, Filmtabletten (teilbar)",B
42239,38840,"Spiricort 20, Filmtabletten",B
42238,38840,"Spiricort 5, Filmtabletten",B
42242,38840,"Spiricort 50, Filmtabletten",B
1009898,55855,"Spiriva 18 mcg, Kapseln zur Inhalation",B
1413224,67396,"Spiriva Respimat 2.5 mcg, Lösung zur Inhalation (wiederverwendbar)",B
43262,53630,"Sporanox G, Kapseln",B
30149,49610,"Sporanox, Kapseln",B
1092582,58408,"Sportusal assan thermo, Creme",D
1259717,50751,"Sportusal sine Heparino, Spray",D
1238281,47077,"Sportusal, Emgel",D
16749,47078,"Sportusal, Gel",D
1442149,67103,"Spravato, Nasenspray, Lösung",A
1144418,57658,"Sprycel 100 mg, Filmtabletten",A
1057440,57658,"Sprycel 20 mg, Filmtabletten",A
1057441,57658,"Sprycel 50 mg, Filmtabletten",A
1057442,57658,"Sprycel 70 mg, Filmtabletten",A
16792,43007,"Squa-med, Shampoo",D
1003512,56676,"Stalevo 100/25/200 mg, Filmtabletten",B
1147664,56676,"Stalevo 125/31.25/200 mg, Filmtabletten",B
1003513,56676,"Stalevo 150/37.5/200 mg, Filmtabletten",B
1128807,56676,"Stalevo 200/50/200 mg, Filmtabletten",B
1003511,56676,"Stalevo 50/12.5/200 mg, Filmtabletten",B
1147661,56676,"Stalevo 75/18.75/200 mg, Filmtabletten",B
1362632,62573,"Staloral 3 Bäume 10 IR/ml und 300 IR/ml, Lösung zur sublingualen Anwendung",A
1362633,62573,"Staloral 3 Bäume 300 IR/ml, Lösung zur sublingualen Anwendung",A
1362634,57504,"Staloral Birke 10 IR/ml und 300 IR/ml, Lösung zur sublingualen Anwendung",A
1362635,57504,"Staloral Birke 300 IR/ml, Lösung zur sublingualen Anwendung",A
61640,520,"Stamaril, poudre et solvant pour suspension injectable",A
27114,59831,"Stannum metallicum 0,4 %, Salbe",D
27115,59831,"Stannum metallicum 5 %, Crème",B
1242862,60320,"Stannum/Symphytum comp., Injektionslösung (s.c.)",B
1325248,62617,"Staphylococcus aureus comp. D13, Nasenspray",D
1325249,62617,"Staphylococcus aureus comp. D9, Nasenspray",B
1008586,43271,Starke grüne Salbe ad us. vet.,D
1397342,66577,"Steglatro 5 mg, Filmtabletten",B
1397343,66578,"Steglujan 5 mg /100 mg, Filmtabletten",B
1357957,66135,"Stelara 130 mg, Konzentrat zur Herstellung einer Infusionslösung",B
1362831,59066,"Stelara 45 mg, Injektionslösung",B
1166947,61267,"Stelara 45 mg, Injektionslösung in Fertigspritze",B
1605848,69382,"Stelara 45 mg/0.5 ml, Injektionslösung im Fertigpen",B
1166948,61267,"Stelara 90 mg, Injektionslösung in Fertigspritze",B
1605849,69382,"Stelara 90 mg/1.0 ml, Injektionslösung im Fertigpen",B
26934,59563,"Stibium metallicum praeparatum 0,4%, Creme",B
1116135,59979,"Stibium metallicum praeparatum D20, Injektionslösung (s.c.)",B
1116136,59979,"Stibium metallicum praeparatum D30, Injektionslösung (s.c.)",B
1250616,59523,"Stibium metallicum praeparatum D6, Ampullen (i.v.)",B
1116137,59979,"Stibium metallicum praeparatum D6, Injektionslösung (s.c.)",B
17287,43307,"Stilamin 3 mg, Pulver zur Herstellung einer Infusionslösung",A
1324768,41312,"Stilex, gel",D
1033568,57409,"Stilnox CR 12.5 mg, comprimés à libération contrôlée",B
1033567,57409,"Stilnox CR 6.25 mg, comprimés à libération contrôlée",B
17307,49106,"Stilnox, comprimés pelliculés sécables",B
1231204,62808,"Stivarga 40 mg, Filmtabletten",A
81685,56731,"Stodal, sirop",D
95230,26310,Strath Rekonvaleszenz-Tropfen,E
1330869,66086,"Strensiq 100mg/ml, Injektionslösung",A
1330868,66086,"Strensiq 40mg/ml, Injektionslösung",A
1331195,66086,"Strensiq 40mg/ml, Injektionslösung",A
1331196,66086,"Strensiq 40mg/ml, Injektionslösung",A
1481204,65201,"Strepsils Dolo Orange, Lutschtabletten",D
1322335,65577,"Strepsils Dolo Spray, Spray zur Anwendung in der Mundhöhle",D
1220226,58523,"Strepsils Dolo, Lutschtabletten mit Honig/Zitonengeschmack",D
1220723,58443,"Strepsils Erdbeer, Lutschtabletten",D
1138621,58440,"Strepsils Honig & Zitrone, Lutschtabletten",D
1515523,68593,"Striascan 74 MBq/ml, Injektionslösung",A
1251708,62673,"Stribild, Filmtabletten",A
1413225,67399,"Striverdi Respimat 2.5 mcg, Lösung zur Inhalation (wiederverwendbar)",B
1030467,55397,"Stronghold 120 mg ad us. vet., Lösung zum Auftropfen",B
1030463,55397,"Stronghold 15 mg ad us. vet., Lösung zum Auftropfen",B
1030468,55397,"Stronghold 240 mg ad us. vet., Lösung zum Auftropfen",B
1030464,55397,"Stronghold 30 mg ad us. vet., Lösung zum Auftropfen",B
1030465,55397,"Stronghold 45 mg ad us. vet., Lösung zum Auftropfen",B
1030466,55397,"Stronghold 60 mg ad us. vet., Lösung zum Auftropfen",B
1119892,40560,"Strongid-P ad us.vet., Paste",B
1124930,60296,"Strophanthus comp., Injektionslösung (s.c.)",B
17646,38477,"Structum 500, Kapseln",B
73609,54732,"Subutex 0,4 mg, Sublingualtabletten",A
73611,54732,"Subutex 2 mg, Sublingualtabletten",A
73612,54732,"Subutex 8 mg, Sublingualtabletten",A
1517402,68371,"Subvectin 3 mg, comprimés",B
1211368,62303,"Succicaptal, Kapseln",A
17809,21505,"Succinolin 100 mg/2 ml, Injektionslösung",B
1269746,62898,"Sue 20, Filmtabletten",B
1269751,62899,"Sue 30, Filmtabletten",B
35393,52413,"Sufenta forte, Injektionslösung",A
1510132,52413,"Sufenta forte, Injektionslösung",A
35392,52413,"Sufenta, Injektionslösung",A
1510131,52413,"Sufenta, Injektionslösung",A
1630619,69703,"Sugammadex Fresenius i.v. 200 mg/2 ml, Injektionslösung",B
1630620,69703,"Sugammadex Fresenius i.v. 500 mg/5 ml, Injektionslösung",B
1601657,68594,"Sugammadex Ideogen 200 mg / 2 ml, Injektionslösung",B
1601658,68594,"Sugammadex Ideogen 500 mg / 5 ml, Injektionslösung",B
1558474,69239,"Sugammadex Labatec 200 mg/2ml, solution injectable",B
1558475,69239,"Sugammadex Labatec 500 mg/5ml, solution injectable",B
1606116,69439,"Sugammadex Sandoz 200 mg/2 ml, Injektionslösung",B
1606117,69439,"Sugammadex Sandoz 500 mg/5 ml, Injektionslösung",B
1630933,69587,"Sugammadex Sintetica 200 mg/2 ml, soluzione iniettabile",B
1630408,69408,"Sugammadex Spirig HC 200 mg/2 ml (100 mg/ml), Injektionslösung",B
1630409,69408,"Sugammadex Spirig HC 500 mg/5 ml (100 mg/ml), Injektionslösung",B
1613197,69530,"Sugammadex Viatris 200 mg/ 2 ml, Injektionslösung",B
1613198,69530,"Sugammadex Viatris 500 mg/ 5 ml, Injektionslösung",B
1552646,69000,"Sugammadex-Mepha 200 mg/2 ml, Injektionslösung",B
1552647,69000,"Sugammadex-Mepha 500 mg/5 ml, Injektionslösung",B
17902,37234,"Sulfarlem S 25, Dragées",D
1371920,48726,"Sulgan N Zupfboxe, Tüchlein",D
95451,48724,"Sulgan N, Salbe",D
95452,48725,"Sulgan N, Suppositorien",D
1369425,66283,"Suliqua 100/33, solution injectable",B
1369424,66283,"Suliqua 100/50, solution injectable",B
1082377,57480,"Sumatriptan Sandoz, Tabletten",B
1609630,62417,"Sumatriptan Spirig HC, Tabletten",B
1473523,59464,"Sumatriptan Zentiva 50 mg, Filmtabletten",B
1365118,58340,"Sumatriptan-Mepha, Filmtabletten",B
1395315,67191,"SUN STORE Acetylcystein 600, Brausetabletten",D
1395316,67222,"SUN STORE Bisacodyl 5mg, Dragées",D
1417617,67604,"Sun Store Cetirizin, Filmtabletten",D
1395313,67192,"SUN STORE Dextromethorphan, Hustensirup",B
1409349,67365,"SUN STORE Diclofenac 25, Kapseln",D
1417821,67560,"SUN STORE Diclofenac Gel, Emulsions-Gel",D
1607813,69660,"SUN STORE Fexofenadin 120 mg, Filmtabletten",D
1510030,68941,"SUN STORE Flumol Grippe, Pulver zur Herstellung einer Lösung zum Einnehmen",D
1539956,69187,"SUN STORE Flurbiprofen 8.75 mg, Lutschtabletten",D
1476807,68408,"SUN STORE Glycolax, Suppositorien",D
1401409,67274,"SUN STORE Ibuprofen 400, Filmtabletten",D
1396296,67224,"SUN STORE Loperamid 2 mg, Kapseln",D
1406535,67355,"SUN STORE Nieren- und Blasendragées, Filmtabletten",D
1618234,69762,"SUN STORE Pantoprazol 20 mg, magensaftresistente Tabletten",D
1426614,67642,"SUN STORE Paracetamol, Tabletten",D
1404221,67290,SUN STORE Pastilles bronchiques,E
1454805,68076,"Sun Store Xylo Plus, Nasenspray",D
1557336,68094,"Sunitinib Viatris 12.5 mg, Hartkapseln",A
1557337,68094,"Sunitinib Viatris 25 mg, Hartkapseln",A
1557338,68094,"Sunitinib Viatris 50 mg, Hartkapseln",A
1482930,68134,"Sunitinib Zentiva 12.5 mg, Hartkapseln",A
1482931,68134,"Sunitinib Zentiva 25 mg, Hartkapseln",A
1482932,68134,"Sunitinib Zentiva 50 mg, Hartkapseln",A
1474531,67781,"Sunitinib-Teva 12.5 mg, Hartkapseln",A
1474532,67781,"Sunitinib-Teva 25 mg, Hartkapseln",A
1474534,67781,"Sunitinib-Teva 50 mg, Hartkapseln",A
1552648,68386,"Sunlenca, Filmtabletten",A
1552649,68385,"Sunlenca, Injektionslösung",A
1507820,68177,"Sunosi 150 mg, Filmtabletten",B
1507819,68177,"Sunosi 75 mg, Filmtabletten",B
1001309,49621,"Supposte di glicerina Fonte SA, supposte per adulti",D
18111,49771,"Supracyclin Tabs forte, Tabletten",A
18110,49771,"Supracyclin Tabs, Tabletten",A
1323646,57288,"Supradyn Vital 50+, Brausetabletten",D
1556750,54749,"Supradyn Vital 50+, Filmtabletten",D
40683,52611,"Suprane, Inhalationsanästhetikum",B
18220,28789,"Surmontil 100 mg, comprimés sécables",B
18218,28789,"Surmontil 25 mg, comprimés sécables",B
18217,29479,"Surmontil, gouttes",B
1039049,57563,"Sutent 12.5 mg, Hartkapseln",A
1039050,57563,"Sutent 25 mg, Hartkapseln",A
1039051,57563,"Sutent 50 mg, Hartkapseln",A
1269752,62900,"Suzanne, Filmtabletten",B
1026274,56942,"Swidro Arnica-Gel mit Spilanthes, Gel",D
1521394,69121,"Swidro Bronchialpastillen N, Lutschpastillen",E
1277856,61470,Swidro Nieren- und Blasendragées,D
1026276,56943,"Swidro Rusco Salben-Gel, Gel",D
1026277,56941,"Swidro Wallwurz-Gel, Gel",D
1214878,62073,"Sycrest 10 mg, Sublingualtabletten",B
1214877,62073,"Sycrest 5 mg, Sublingualtabletten",B
1284590,65183,"Sylvant 100 mg, Pulver für ein Konzentrat zur Herstellung einer Infusionslösung",A
1284591,65183,"Sylvant 400 mg, Pulver für ein Konzentrat zur Herstellung einer Infusionslösung",A
93068,55568,"Symbicort 100/6 Turbuhaler, Pulver zur Inhalation",B
93069,55568,"Symbicort 200/6 Turbuhaler, Pulver zur Inhalation",B
125120,55568,"Symbicort 400/12 Turbuhaler, Pulver zur Inhalation",B
1475221,676,"Symbioflor Bronchoprotect, Suspension",D
1474609,677,"Symbioflor Reizdarm, Tropfen zum Einnehmen, Suspension",D
1414045,66742,"Symdeko 100 mg / 150 mg und 150 mg, Filmtabletten",A
1320211,52408,"Symfona 120 mg, gélules",B
1302801,63137,"Symfona 240 mg, comprimés pelliculés",B
1326645,57427,Symfonel 120 mg,D
18787,31841,"Symmetrel, Kapseln",B
1547510,68982,"Symphytum comp. N, Tropfen zum Einnehmen",D
1414304,66779,"Symtuza, Filmtabletten",A
18813,31723,"Synacthen, Injektionslösung",B
1329364,65695,"Synagis 100 mg/1 ml, Injektionslösung",A
1329363,65695,"Synagis 50 mg/0.5 ml, Injektionslösung",A
18849,29729,"Synalar-N, crème",B
18850,29730,"Synalar-N, pommade",B
1632920,22114,"Syntocinon 5 I.E., Konzentrat zur Herstellung einer Injektions- / Infusionslösung",B
18907,25644,"Syntocinon Nasenspray, Lösung",B
74898,54715,"Systen Conti, transdermale Pflaster",B
74899,54716,"Systen Sequi, transdermale Pflaster (Kombipackung)",B
1116167,59937,"Tabacum Cupro cultum Rh D3, Ampullen (s.c.)",B
1471906,67648,"Tabrecta 150 mg, Filmtabletten",A
1471907,67648,"Tabrecta 200 mg, Filmtabletten",A
1010906,670,"TachoSil, Schwamm",B
1010907,670,"TachoSil, Schwamm",B
1010908,670,"TachoSil, Schwamm",B
1620837,69226,"Tacrocutan 0,03%, Salbe",B
1474959,67746,"Tacrocutan 1 mg/g, Salbe",B
1367709,66220,"Tadalafil axapharm 10mg, Filmtabletten",B
1367710,66220,"Tadalafil axapharm 20mg, Filmtabletten",B
1367708,66220,"Tadalafil axapharm 5mg, Filmtabletten",B
1451323,67968,"Tadalafil PAH OrPha 20 mg, Filmtabletten",B
1451324,67624,"Tadalafil PAH Spirig HC 20 mg, Filmtabletten",B
1445581,66443,"Tadalafil PAH-Mepha, Filmtabletten",B
1361203,66581,"Tadalafil Sandoz 10mg, Filmtabletten",B
1361201,66581,"Tadalafil Sandoz 2.5mg, Filmtabletten",B
1361204,66581,"Tadalafil Sandoz 20mg, Filmtabletten",B
1361202,66581,"Tadalafil Sandoz 5mg, Filmtabletten",B
1475656,67625,"Tadalafil Spirig HC, 10 mg, Filmtabletten",B
1475657,67625,"Tadalafil Spirig HC, 20 mg, Filmtabletten",B
1475655,67625,"Tadalafil Spirig HC, 5 mg, Filmtabletten",B
1621563,69170,"Tadalafil Zentiva 10 mg, Filmtabletten",B
1621564,69170,"Tadalafil Zentiva 20 mg, Filmtabletten",B
1621562,69170,"Tadalafil Zentiva 5 mg, Filmtabletten",B
1322256,66083,"Tadalafil-Mepha 10 mg, Filmtabletten",B
1322254,66083,"Tadalafil-Mepha 2.5 mg, Filmtabletten",B
1322257,66083,"Tadalafil-Mepha 20 mg, Filmtabletten",B
1322255,66083,"Tadalafil-Mepha 5 mg, Filmtabletten",B
1556213,69135,"Tafinlar 10 mg, Tablette zur Herstellung einer Suspension zum Einnehmen",A
1258863,62781,"Tafinlar 50 mg , Hartkapseln",A
1258864,62781,"Tafinlar 75 mg , Hartkapseln",A
1323301,65872,"Tagrisso 40 mg, Filmtabletten",A
1323302,65872,"Tagrisso 80 mg, Filmtabletten",A
1615752,68178,"TAKHZYRO 150 mg, Injektionslösung in einer Fertigspritze",B
1462305,68178,"TAKHZYRO 300 mg, Injektionslösung in einer Fertigspritze",B
1498716,67963,"Takrozem 1 mg/g, Salbe",B
57058,52678,"Taloxa 600 mg, Tabletten",A
57056,52679,"Taloxa, Suspension",A
1554262,65906,"Taltz 80 mg, solution injectable en seringue préremplie",B
1554263,65907,"Taltz 80 mg, solution injectable en stylo prérempli",B
1553904,69049,"Talvey 3 mg/1.5 ml, Injektionslösung",A
1553905,69049,"Talvey 40 mg/1.0 ml, Injektionslösung",A
1436617,67141,"Talzenna 0.25 mg, Hartkapseln",A
1436618,67141,"Talzenna 1 mg, Hartkapseln",A
19389,45710,"Tambocor, Injektionslösung",B
19390,45711,"Tambocor, Tabletten",B
91547,54989,"Tamec 20 mg, Filmtabletten",A
1106958,55196,"Tamiflu 30 mg, Kapseln",B
1106960,55196,"Tamiflu 45 mg, Kapseln",B
1217601,56176,"Tamiflu 6 mg/ml, Pulver zur Herstellung einer Suspension zum Einnehmen",B
78602,55196,"Tamiflu 75 mg, Kapseln",B
19391,49059,"Tamoxifen Farmos 10 mg, Tabletten",A
19392,49059,"Tamoxifen Farmos 20 mg, Tabletten",A
1449910,58173,"Tamsulosin axapharm, Retardkapseln",B
1417856,67254,"Tamsulosin retard Zentiva 0.4 mg, Retardkapseln",B
1173410,62112,"Tamsulosin Sandoz eco 0.4mg,  Retardkapseln",B
1081220,58170,"Tamsulosin Streuli 0,4 mg, Retardkapseln",B
1207674,61365,"Tamsulosin T Sandoz, Retardtabletten",B
1372119,62817,"Tamsulosin T Spirig HC, Retardtabletten",B
1214856,62292,"Tamsulosin T-Mepha retard, Retardtabletten",B
1380745,58828,"Tamsulosin-Mepha retard, Depocaps",B
1362824,58162,"Tamsunax 0,4 mg, Retardkapseln",B
1403707,32238,"Tannosynt flüssig, Konzentrat zur Herstellung einer Lösung zur Anwendung auf der Haut",D
1496674,68784,"Tapentadol Sandoz Retard 100 mg, Retardtabletten",A
1496675,68784,"Tapentadol Sandoz Retard 150 mg, Retardtabletten",A
1496676,68784,"Tapentadol Sandoz Retard 200 mg, Retardtabletten",A
1496672,68784,"Tapentadol Sandoz Retard 25 mg, Retardtabletten",A
1496677,68784,"Tapentadol Sandoz Retard 250 mg, Retardtabletten",A
1496673,68784,"Tapentadol Sandoz Retard 50 mg, Retardtabletten",A
1555642,68903,"Tapentadol Spirig HC retard 100 mg, Retardtabletten",A
1555643,68903,"Tapentadol Spirig HC retard 150 mg, Retardtabletten",A
1555644,68903,"Tapentadol Spirig HC retard 200 mg, Retardtabletten",A
1555640,68903,"Tapentadol Spirig HC retard 25 mg, Retardtabletten",A
1555645,68903,"Tapentadol Spirig HC retard 250 mg, Retardtabletten",A
1555641,68903,"Tapentadol Spirig HC retard 50 mg, Retardtabletten",A
1342194,66073,"Taptiqom 15mcg/ml + 5mg/ml, unidose de collyre",B
1014413,57266,"Tarceva 100 mg, Filmtabletten",A
1014414,57266,"Tarceva 150 mg, Filmtabletten",A
1014898,57266,"Tarceva 25 mg, Filmtabletten",A
1411048,37448,"Tardyferon, Retardtabletten",D
1141516,58683,"Targin 10 mg/5 mg, Tabletten retard",A
1141517,58683,"Targin 20 mg/10 mg, Tabletten retard",A
1190437,58683,"Targin 40 mg/20 mg, Tabletten retard",A
1190436,58683,"Targin 5 mg/2.5 mg, Tabletten retard",A
1321537,58683,"Targin 60 mg/30 mg, Tabletten retard",A
1321538,58683,"Targin 80 mg/40 mg, Tabletten retard",A
100358,55426,"Tarka, Filmtabletten",B
1187102,60175,"Tartarus depuratus comp., Tropfen",D
1161110,58007,"Tasigna 150 mg, Kapseln",A
1067976,58007,"Tasigna 200 mg, Kapseln",A
1376768,58007,"Tasigna 50 mg, Kapseln",A
56932,54055,"Tasmar 100 mg, Filmtabletten",A
19679,43668,"Taurolin 2 % Taurolidin, Instillationslösung",B
60330,54365,"Tavanic 250 mg, comprimés pelliculés",A
60329,54365,"Tavanic 500 mg, comprimés pelliculés",A
60328,54366,"Tavanic i.v. 500, solution pour perfusion",A
19687,35501,"Tavegyl, Injektionslösung",B
19690,33667,"Tavegyl, Tabletten",D
1501164,66772,"Tavneos 10 mg, Hartkapseln",B
19693,53853,"Tavolax, dragées",D
19694,52364,"Taxol 100 mg/16.7 ml, Konzentrat zur Herstellung einer Infusionslösung",A
19695,52364,"Taxol 30 mg/5 ml, Konzentrat zur Herstellung einer Infusionslösung",A
126292,52364,"Taxol 300 mg/5 ml, Konzentrat zur Herstellung einer Infusionslösung",A
1183805,53262,"Taxotere 20 mg, solution à diluer pour perfusion",A
88344,40512,"Tears Naturale, Augentropfen",D
1370099,58900,"Tebofortin intens 120, Filmtabletten",D
1503515,58900,"Tebofortin uno 240, Filmtabletten",D
1063052,54534,"Tebokan 120, Filmtabletten",B
1503516,54534,"Tebokan 240, Filmtabletten",B
1353624,66152,"Tecentriq 1200 mg/20 ml, Konzentrat zur Herstellung einer Infusionslösung",A
1413963,66152,"Tecentriq 840 mg/14 ml, Konzentrat zur Herstellung einer Infusionslösung",A
1615191,69262,"TECENTRIQ subkutan 1875 mg/15ml, Injektionslösung zur subkutanen Anwendung",A
1028739,44521,"Teceos, Markierungsbesteck",A
1274803,62831,"Tecfidera 120 mg, magensaftresistente Hartkapseln",B
1274804,62831,"Tecfidera 240 mg, magensaftresistente Hartkapseln",B
1369175,55446,"TechneScan DMSA, Markierungsbesteck",A
1089200,42809,"TechneScan DTPA, Markierungsbesteck",A
1027920,49638,"TechneScan HDP, Markierungsbesteck",A
1027921,49796,"TechneScan MAG3, Tc-99m-Markierungsbesteck",A
1519823,68747,"Tecvayli 153 mg/1.7 ml, Injektionslösung",A
1519750,68747,"Tecvayli 30 mg/3 ml, Injektionslösung",A
1394345,66434,"Teglutik 50mg/10ml, suspension buvable",B
20090,36896,"Tegretol 2%, Suspension zum Einnehmen",B
33128,29789,"Tegretol 200, Tabletten",B
33129,29789,"Tegretol 400, Tabletten",B
20093,47443,"Tegretol CR 200, Retardtabletten",B
20095,47443,"Tegretol CR 400, Retardtabletten",B
1147757,59765,"Teicoplanin Labatec, poudre pour solution injectable/pour perfusion",A
20216,49508,"Telebrix Gastro, Lösung zum Einnehmen/Rektallösung",B
56321,54204,"Telfast 120, überzogene Tabletten",D
1501308,54204,"Telfast 180, überzogene Tabletten",D
1544572,61283,"Telfastin 120, überzogene Tabletten",D
1544573,61283,"Telfastin 180, überzogene Tabletten",D
1158260,61283,"Telfastin Allergo 120, überzogene Tabletten",D
1211354,62466,"Telmisartan Sandoz 40 mg, Tabletten",B
1211355,62466,"Telmisartan Sandoz 80 mg, Tabletten",B
1258586,63077,"Telmisartan Spirig HC 40 mg, Filmtabletten",B
1258587,63077,"Telmisartan Spirig HC 80 mg, Filmtabletten",B
1483824,62756,"Telmisartan Zentiva 40 mg, Tabletten",B
1483825,62756,"Telmisartan Zentiva 80 mg, Tabletten",B
1291282,65314,"Telmisartan-HCT-Mepha 80/12.5 mg, Tabletten",B
1291283,65314,"Telmisartan-HCT-Mepha 80/25 mg, Tabletten",B
1313595,62921,"Telmisartan-Mepha 40mg, Tabletten",B
1313596,62921,"Telmisartan-Mepha 80mg, Tabletten",B
20228,36203,"Temesta 1mg, Tabletten",B
20229,36203,"Temesta 2.5mg, Tabletten",B
20230,47102,"Temesta Expidet 1 mg, Lyophilisat zum Einnehmen",B
20231,47102,"Temesta Expidet 2.5 mg, Lyophilisat zum Einnehmen",B
20234,44100,"Temgesic 0,2 mg, Sublingualtabletten",A
20235,44100,"Temgesic 0,4 mg, Sublingualtabletten",A
79455,54577,"Temodal 100 mg, Kapseln",A
1086493,54577,"Temodal 140 mg, Kapseln",A
1086494,54577,"Temodal 180 mg, Kapseln",A
79453,54577,"Temodal 20 mg, Kapseln",A
79457,54577,"Temodal 250 mg, Kapseln",A
79451,54577,"Temodal 5 mg, Kapseln",A
1437348,67020,"Temozolomid Accord 100 mg, Kapseln",A
1437349,67020,"Temozolomid Accord 140 mg, Kapseln",A
1437350,67020,"Temozolomid Accord 180 mg, Kapseln",A
1437347,67020,"Temozolomid Accord 20 mg, Kapseln",A
1437351,67020,"Temozolomid Accord 250 mg, Kapseln",A
1437346,67020,"Temozolomid Accord 5 mg, Kapseln",A
1518843,68606,"Temozolomid Devatis 100 mg, Kapseln",A
1518844,68606,"Temozolomid Devatis 140 mg, Kapseln",A
1518845,68606,"Temozolomid Devatis 180 mg, Kapseln",A
1518842,68606,"Temozolomid Devatis 20 mg, Kapseln",A
1518846,68606,"Temozolomid Devatis 250 mg, Kapseln",A
1518841,68606,"Temozolomid Devatis 5 mg, Kapseln",A
1167156,61225,"Temozolomid-Teva 100 mg, Kapseln",A
1167157,61225,"Temozolomid-Teva 140 mg, Kapseln",A
1167158,61225,"Temozolomid-Teva 180 mg, Kapseln",A
1167155,61225,"Temozolomid-Teva 20 mg, Kapseln",A
1167159,61225,"Temozolomid-Teva 250 mg, Kapseln",A
1167154,61225,"Temozolomid-Teva 5 mg, Kapseln",A
26377,49153,"Tenderdol, gel",D
1629927,68135,"Tenkasi 1200 mg, Pulver für ein Konzentrat zur Herstellung einer Infusionslösung",A
1508548,68135,"Tenkasi 400 mg, Pulver für ein Konzentrat zur Herstellung einer Infusionslösung",A
1352175,66282,"Tenofovir Sandoz 245 mg, Filmtabletten",A
1311224,65564,"Tenofovir-Mepha, Lactab",A
20272,42204,"Tenoretic mite, Filmtabletten",B
20271,42204,"Tenoretic, Filmtabletten",B
20275,39879,"Tenormin mite, Tabletten",B
29316,39879,"Tenormin submite, Tabletten",B
20274,39879,"Tenormin, Tabletten",B
1261850,62844,"Tepadina 100 mg, polvere per soluzione per infusione",A
1261849,62844,"Tepadina 15 mg, polvere per soluzione per infusione",A
1635791,68397,"TEPADINA 200 mg, polvere e solvente per soluzione per infusione",A
1491893,68397,"TEPADINA 400 mg, polvere e solvente per soluzione per infusione",A
1561674,69161,"Tepkinly 4 mg/0.8 ml, Konzentrat zur Herstellung einer Injektionslösung",A
1561673,69481,"Tepkinly 48 mg/0.8 ml, Injektionslösung",A
1468390,68113,"Tepmetko 225 mg, Filmtabletten",A
1017990,56844,"Terbifil 250, Tabletten",B
1076760,58452,"Terbinafin Axapharm 250 mg, Tabletten",B
1437841,57509,"Terbinafin Zentiva 250 mg, Tabletten",B
1437839,57513,"Terbinafin Zentiva, Creme",D
1022076,57174,"Terbinafin-Mepha 125, Tabletten",B
1022077,57174,"Terbinafin-Mepha 250, Tabletten",B
1076823,57865,"Terbinafin-Mepha, Crème",D
1022065,57485,"Terbinax 125 mg, Tabletten",B
1022066,57485,"Terbinax 250 mg, Tabletten",B
1636912,69756,"Teriflunomid Devatis 14 mg QOD, Filmtabletten",B
1636911,69756,"Teriflunomid Devatis 14 mg, Filmtabletten",B
1496971,68740,"Teriflunomid Sandoz 14 mg, Filmtabletten",B
1556626,68936,"Teriflunomid Spirig HC 14 mg, Filmtabletten",B
1549868,68744,"Teriflunomid-Mepha 14 mg, Filmtabletten",B
1373460,66102,"Teriparatid-Mepha, Injektionslösung",B
1404380,66820,"Terrosa, Injektionslösung",B
1417465,66820,"Terrosa, Injektionslösung",B
1504108,53698,"Terzolin, Shampoo",D
1366716,55974,"Tesalin N, Filmtabletten",D
1417857,66816,"Testavan 23 mg, Gel",B
1020080,56779,"Testogel 50 mg, Gel",B
1630513,69252,"Testogel Dosiergel, transdermales Gel",B
1634750,68976,"Testosteron Spirig HC, Injektionslösung",B
1601659,68989,"Testosteron-Mepha 1000 mg / 4 ml, Injektionslösung",B
20612,17626,"Testoviron Depot 250 mg, Injektionslösung",B
1267398,673,"Tetagam P, Injektionslösung",B
62623,47000,"Tetracaine 1 % SDU Faure, Augentropfen",B
1026105,56853,"Tetralysal, Kapseln",A
1610825,612,"Tetravac, suspension injectable",B
1616233,68960,"Tevimbra, 100 mg / 10 ml  Konzentrat zur Herstellung einer Infusionslösung",A
1554601,69080,"Tezspire 110 mg/ml, Injektionslösung in einem Fertigpen",B
1500596,68454,"Tezspire, Injektionslösung in einer Fertigspritze",B
1165365,62451,"Thiopental Inresa 0.5g, Pulver zur Herstellung einer Injektionslösung / Infusionslösung",B
1151383,59031,"Thromboreductin 0.5 mg, Kapseln",B
1187103,59630,Thuja comp. Trituratio,B
1115543,59940,"Thuja occidentalis 20%, Flüssigkeit zur Anwendung auf der Haut",D
1115463,59761,"Thuja occidentalis Argento culta Rh D3, Ampullen (s.c.)",B
1115464,59737,"Thuja occidentalis Argento culta Rh D3, Dilutio aquosa",D
1559185,59603,"Thuja occidentalis TM, Tropfen zum Einnehmen",D
60410,53588,"Thymoglobuline, poudre pour solution à diluer pour perfusion",B
104490,61397,"Thymuline C6, globules",D
1021876,61397,"Thymuline C6, globules",D
1044688,59666,"Thymuline C6, globules",D
1151057,61397,"Thymuline C6, globules",D
1151061,61397,"Thymuline C6, globules",D
104492,61397,"Thymuline D12, globules",D
37850,59666,"Thymuline D12, granules/globules",D
1043001,59666,"Thymuline D12, granules/globules",D
82069,58976,"Thyreoidea compositum, Injektionslösung (s.c., i.c., i.m.)",B
1061557,57687,"Thyrogen, poudre pour solution injectable",A
21335,39220,"Tiapridal, comprimés",B
21343,44231,"Tiberal 500 mg, Filmtabletten",B
21341,43065,"Tiberal 500 mg/3 mL, Infusionskonzentrat",B
1272991,65033,"Tibolon Sandoz 2,5 mg, Tabletten",B
1472766,68090,"Tibolon Spirig HC 2.5 mg, Tabletten",B
1284413,65334,"Tibolon-Mepha, Tabletten",B
1619983,69077,"Tibsovo 250 mg, comprimés pelliculés",A
1633694,69596,"Ticagrelor axapharm 60 mg, Filmtabletten",B
1633695,69596,"Ticagrelor axapharm 90 mg, Filmtabletten",B
1624440,69294,"Ticagrelor NOBEL 60 mg, Filmtabletten",B
1624441,69294,"Ticagrelor NOBEL 90 mg, Filmtabletten",B
1481032,68430,"Ticagrelor Sandoz 60 mg, Filmtabletten",B
1481033,68430,"Ticagrelor Sandoz 90 mg, Filmtabletten",B
1522614,68953,"Ticagrelor Spirig HC 60 mg, Filmtabletten",B
1522615,68953,"Ticagrelor Spirig HC 90 mg, Filmtabletten",B
1539957,68827,"Ticagrelor-Mepha 60 mg, Filmtabletten",B
1539958,68827,"Ticagrelor-Mepha 90 mg, Filmtabletten",B
21371,33012,Tiger Balm Oel,D
21373,30805,"Tiger Balm rot-stark, Salbe",D
21372,35199,"Tiger Balm weiss-mild, Salbe",D
21385,46929,"Tilcotil, Filmtabletten",B
21397,48377,"Tilur retard, Kapseln",B
21396,45732,"Tilur, Kapseln",B
1015201,55788,"Timo-COMOD 0,25 %, Augentropfen",B
1015202,55788,"Timo-COMOD 0,5 %, Augentropfen",B
1029948,57204,"Timogel UD 0,1%, gel ophthalmique",B
95282,47127,"Timonil 200 retard, Retardtabletten",B
21417,47127,"Timonil 300 retard, Retardtabletten",B
95285,47127,"Timonil 400 retard, Retardtabletten",B
21419,47127,"Timonil 600 retard, Retardtabletten",B
1258260,45723,"Timonil, Sirup",B
21415,45724,"Timonil, Tabletten",B
1415920,41634,"Timoptic 0.25%, collyre",B
1415921,41634,"Timoptic 0.5%, collyre",B
1415922,52509,"Timoptic-XE 0.25%, collyre",B
1415923,52509,"Timoptic-XE 0.5%, collyre",B
1017301,57170,"Tineafin 250 mg, comprimés",B
1042259,57455,"Tirosint  25 ug, capsula molle",B
1042260,57455,"Tirosint  50 ug, capsula molle",B
1042261,57455,"Tirosint  75 ug, capsula molle",B
1042262,57455,"Tirosint 100 ug, capsula molle",B
1179412,57455,"Tirosint 112 ug, capsula molle",B
1042263,57455,"Tirosint 125 ug, capsula molle",B
1179410,57455,"Tirosint 13 ug, capsula molle",B
1179413,57455,"Tirosint 137 ug, capsula molle",B
1042264,57455,"Tirosint 150 ug, capsula molle",B
1179414,57455,"Tirosint 175 ug, capsula molle",B
1179415,57455,"Tirosint 200 ug, capsula molle",B
1179411,57455,"Tirosint 88 ug, capsula molle",B
1555337,52618,"TISSEEL 2 ml, 2 Fertigspritzen",B
1555338,52618,"TISSEEL, 4 ml, 2 Fertigpsritzen",B
1476570,67861,"Tivicay 5 mg, Tabletten zur Herstellung einer Suspension zum Einnehmen",A
1267955,63052,"Tivicay 50mg, Filmtabletten",A
1550041,69260,"Tizanidin axapharm 2 mg, Tabletten",B
1550042,69260,"Tizanidin axapharm 4 mg, Tabletten",B
1205586,60565,"TOBI PODHALER, Hartkapseln mit Pulver zur Inhalation",A
106477,55699,"TOBI, Lösung zur Inhalation mit einem Vernebler",A
39097,50767,"Tobradex, Augensalbe",A
39096,50766,"Tobradex, Augentropfensuspension",A
21506,45508,"Tobrex, Augensalbe",A
21507,44538,"Tobrex, Augentropfen",A
1138359,58711,"Toctino 10mg, Weichkapseln",A
1138360,58711,"Toctino 30mg, Weichkapseln",A
1474132,67752,"Tolak 40 mg/g, Creme",A
1035789,55517,"Tolfedin 20 mg ad us. vet., Tabletten",B
1035792,55517,"Tolfedin 60 mg ad us. vet., Tabletten",B
70551,53536,"Tomudex 2 mg, Pulver zur Herstellung einer Infusionslösung",A
1482247,20550,"Tonoglutal, comprimé pelliculé",D
1379805,66826,"Tonopan forte 25 mg, Dragées",D
50159,53537,"Topamax 100 mg, Filmtabletten",B
77483,54751,"Topamax 15 mg, Kapseln",B
50158,53537,"Topamax 200 mg, Filmtabletten",B
50157,53537,"Topamax 25 mg, Filmtabletten",B
90239,53537,"Topamax 50 mg, Filmtabletten",B
98222,54751,"Topamax 50 mg, Kapseln",B
1035828,32375,"Topic Pump-Spray ad us. vet., für Hunde, Katzen und Heimtiere",B
1128514,57924,"Topiramat Sandoz 100 mg, Filmtabletten",B
1128515,57924,"Topiramat Sandoz 200 mg, Filmtabletten",B
1128512,57924,"Topiramat Sandoz 25 mg, Filmtabletten",B
1128513,57924,"Topiramat Sandoz 50 mg, Filmtabletten",B
1250127,58642,"Topiramat Spirig HC 100 mg, Filmtabletten",B
1250128,58642,"Topiramat Spirig HC 200 mg, Filmtabletten",B
1250125,58642,"Topiramat Spirig HC 25 mg, Filmtabletten",B
1250126,58642,"Topiramat Spirig HC 50 mg, Filmtabletten",B
1411253,66810,"Topotecan Accord 1 mg, Konzentrat zur Herstellung einer Infusionslösung",A
1411254,66810,"Topotecan Accord 4 mg, Konzentrat zur Herstellung einer Infusionslösung",A
21760,43144,"Topsym polyvalent, crema",B
21761,38653,"Topsym polyvalent, unguento",B
21743,43945,"Topsym, crema",B
30303,48802,"Tora-dol 30 mg, Injektionslösung",B
30304,48803,"Tora-dol, Filmtabletten",B
1447959,67971,"Torasemid Mylan 10 mg, Tabletten",B
1447957,67971,"Torasemid Mylan 2,5 mg, Tabletten",B
1447960,67971,"Torasemid Mylan 200 mg, Tabletten",B
1447958,67971,"Torasemid Mylan 5 mg, Tabletten",B
1102232,56873,"Torasemid Sandoz eco 10 mg, Tabletten",B
1102229,56873,"Torasemid Sandoz eco 2,5 mg, Tabletten",B
1102233,56873,"Torasemid Sandoz eco 20 mg, Tabletten",B
1102234,56873,"Torasemid Sandoz eco 200 mg, Tabletten",B
1102231,56873,"Torasemid Sandoz eco 5 mg, Tabletten",B
1225835,57186,"Torasemid Spirig HC 5, Tabletten",B
1609497,57186,"Torasemid Stada 10, Tabletten",B
1609496,57186,"Torasemid Stada 5, Tabletten",B
1434964,57847,"Torasemid Zentiva 10 mg, Tabletten",B
1434963,57847,"Torasemid Zentiva 5 mg, Tabletten",B
1238266,58181,"Torasemid-Mepha 10 mg, Tabletten",B
1278003,58181,"Torasemid-Mepha 20 mg, Tabletten",B
1266086,58769,"Torasemid-Mepha 200, Tabletten",B
1238265,58181,"Torasemid-Mepha 5 mg, Tabletten",B
33970,48578,"Torem 10, Tabletten",B
75260,48578,"Torem 2,5, Tabletten",B
33968,48578,"Torem 200, Tabletten",B
33965,48578,"Torem 5, Tabletten",B
1124945,60301,"Tormentilla comp., Solutio ad injectionem",B
1108837,57959,"Tostran 20 mg/g, transdermales Gel",B
1305507,65453,"Toujeo SoloStar 300 unités/ml, solution injectable en stylo pré-rempli",B
1112145,58743,"Toviaz, Retardtabletten 4 mg",B
1112146,58743,"Toviaz, Retardtabletten 8 mg",B
91181,54678,"Toxex, Globuli",D
33000,54251,"Toxex, Tropfen zum Einnehmen",D
1133978,31514,"Toxogonin, Injektionslösung (AE HS-Zusammensetzung)",B
1629015,69595,"Trabectedin Spirig HC 0,25 mg, Pulver für ein Konzentrat zur Herstellung einer Infusionslösung",A
1629016,69595,"Trabectedin Spirig HC 1 mg, Pulver für ein Konzentrat zur Herstellung einer Infusionslösung",A
106284,55841,"Tracleer 125 mg, Filmtabletten",B
106283,55841,"Tracleer 62,5 mg, Filmtabletten",B
1159508,59885,"Tracleer, dispergierbare Tabletten",B
21805,45342,"Tracrium, Injektionslösung",B
1091522,45342,"Tracrium, Injektionslösung",B
1180607,55742,"Tractocile 37.5 mg / 5 ml, Konzentrat zur Herstellung einer Infusionslösung",B
116178,55742,"Tractocile 6.75 mg / 0.9 ml, Injektionslösung",B
21806,48822,"Tracutil, Zusatzampullen für Infusionslösungen",B
1205238,61893,"Trajenta, Filmtabletten",B
1383010,61893,"Trajenta, Filmtabletten",B
1270080,63013,"Tramadol plus Spirig HC, Filmtabletten",A
1436931,56704,"Tramadol retard Zentiva 100 mg, Filmtabletten",A
1436932,56704,"Tramadol retard Zentiva 150 mg, Filmtabletten",A
1436933,56704,"Tramadol retard Zentiva 200 mg, Filmtabletten",A
1175299,54570,"Tramadol Sandoz 50 mg, Kapseln",A
1175297,57060,"Tramadol Sandoz retard 100 mg, Retardtabletten",A
1175298,57060,"Tramadol Sandoz retard 150 mg, Retardtabletten",A
1175302,57060,"Tramadol Sandoz retard 200 mg, Retardtabletten",A
1478049,52900,"Tramadol Zentiva, Hartkapseln",A
1478050,52901,"Tramadol Zentiva, Tropfen zum Einnehmen",A
76744,52560,"Tramadol-Mepha 100, Injektionslösung",A
1076369,57774,"Tramadol-Mepha retard 100 mg, Retardtabletten",A
1076370,57774,"Tramadol-Mepha retard 150 mg, Retardtabletten",A
1076375,57774,"Tramadol-Mepha retard 200 mg, Retardtabletten",A
1081285,57774,"Tramadol-Mepha retard 50 mg, Retardtabletten",A
1280776,52557,"Tramadol-Mepha, Kapseln",A
76742,52559,"Tramadol-Mepha, Lösung zum Einnehmen",A
85417,52559,"Tramadol-Mepha, Lösung zum Einnehmen",A
76743,52558,"Tramadol-Mepha, Suppositorien",A
1254140,63000,"Tramadol-Paracetamol-Mepha 37.5mg/325mg, Lactab",A
1331289,63000,"Tramadol-Paracetamol-Mepha 75mg/650mg, Lactab",A
49068,53683,"Tramal retard 100, Retardtabletten",A
49067,53683,"Tramal retard 150, Retardtabletten",A
49066,53683,"Tramal retard 200, Retardtabletten",A
1038229,53683,"Tramal retard 50, Retardtabletten",A
21826,40858,"Tramal, Injektionslösung",A
1270863,43787,"Tramal, Kapseln",A
21829,43788,"Tramal, Lösung zum Einnehmen",A
21830,43788,"Tramal, Lösung zum Einnehmen",A
21828,40859,"Tramal, Suppositorien",A
1362350,41530,"Trandate 100 mg, Tabletten",B
1362351,41530,"Trandate 200 mg, Tabletten",B
21858,41529,"Trandate, Injektionslösung",B
1624105,69390,"Tranexam Labatec 1000 mg/10 mL, solution injectable",B
1624104,69390,"Tranexam Labatec 500 mg/5 mL, solution injectable",B
1621723,69385,"Tranexamic acid Leman 1000 mg/10 ml, solution injectable",B
1621724,69385,"Tranexamic acid Leman 500 mg/5 ml, solution injectable",B
1541204,69007,"Tranexamic OrPha 1000 mg/10 ml, Injektionslösung",B
1541203,69007,"Tranexamic OrPha 500 mg/5 ml, Injektionslösung",B
81785,53282,"Transipeg forte, Pulver zur Herstellung einer Lösung zum Einnehmen",D
51647,53282,"Transipeg, Pulver zur Herstellung einer Lösung zum Einnehmen",D
93026,55423,"Transtec 35 ug/h, Transdermales Pflaster",A
93027,55423,"Transtec 52,5 ug/h, Transdermales Pflaster",A
93028,55423,"Transtec 70 ug/h, Transdermales Pflaster",A
22098,33866,"Tranxilium 10, Hartkapseln",B
22099,33866,"Tranxilium 20, Hartkapseln",B
22097,33866,"Tranxilium 5, Hartkapseln",B
22096,45388,"Tranxilium 50mg, comprimés pelliculés",B
22100,48285,"Tranxilium Tabs 20mg, comprimés pelliculés",B
22109,38837,"Trasylol, Injektions-/Infusionslösung",B
1467316,49673,"Traumalix Dolo Gel 5 %, Gel",D
1331338,66292,"Traumalix dolo patch, Pflaster",D
1287051,62990,"Traumalix Dolo Venactiv, Salbe",D
1350534,66403,"Traumalix forte EmGel, Gel",D
1466656,53911,"Traumalix forte, Gel",D
1453744,51379,"Traumalix forte, Spray",D
1331858,53712,"Traumaplant, Salbe",D
1369757,65233,"Traumeel S, Crème",D
1373461,65232,"Traumeel S, Gel",D
22112,65788,"Traumeel S, Injektionslösung (s.c., i.m.)",B
1226524,62284,"Traumeel, homöopathische Tropfen",D
1226559,62285,"Traumeel, Tabletten",D
1172984,55910,"Travatan 40 µg, Augentropfen",B
22130,42496,"Travocort, Crème",B
1444931,67232,"TravoTim-Vision, Augentropfen",B
1394517,66505,"Travo-Vision 40mcg/ml, Augentropfen",B
1604296,69430,"Travo-Vision SDU 40 ug / ml, Augentropfen im Einzeldosisbehältnis",B
22134,43194,"Trawell 20 mg, Kaugummi-Dragées",D
1412100,66975,"Trazimera 150 mg, Pulver für ein Konzentrat zur Herstellung einer Infusionslösung",A
1412101,66975,"Trazimera 440 mg, Pulver für ein Konzentrat zur Herstellung einer Infusionslösung",A
1380697,66504,"Trazodon Sandoz 100 mg, Tabletten",B
1405272,66504,"Trazodon Sandoz 50 mg, Tabletten",B
1453105,67775,"Trecondi 1 g, Pulver zur Herstellung einer Infusionslösung",A
1453106,67775,"Trecondi 5 g, Pulver zur Herstellung einer Infusionslösung",A
1395357,66808,"Trelegy Ellipta, Einzeldosiertes Pulver zur Inhalation",B
1437352,67490,"Tremfya 100 mg/1 ml, Injektionslösung in einem Fertigpen",B
1387523,66583,"Tremfya 100 mg/1 ml, Injektionslösung in Fertigspritze",B
1639172,67490,"Tremfya 200 mg/2 ml, Injektionslösung im Fertigpen",B
1639171,66583,"Tremfya 200 mg/2 ml, Injektionslösung in einer Fertigspritze",B
1639173,69974,"Tremfya 200 mg/20 ml, Konzentrat zur Herstellung einer Infusionslösung",B
1499738,68262,"Treprostinil Ideogen 1 mg/mL, Infusionslösung",B
1499741,68262,"Treprostinil Ideogen 10 mg/mL, Infusionslösung",B
1499739,68262,"Treprostinil Ideogen 2.5 mg/mL, Infusionslösung",B
1499740,68262,"Treprostinil Ideogen 5 mg/mL, Infusionslösung",B
1446154,67357,"Treprostinil OrPha 1 mg/ml, Infusionslösung",B
1446157,67357,"Treprostinil OrPha 10 mg/ml, Infusionslösung",B
1446155,67357,"Treprostinil OrPha 2.5 mg/ml, Infusionslösung",B
1446156,67357,"Treprostinil OrPha 5 mg/ml, Infusionslösung",B
1232537,62563,"Tresiba FlexTouch 100 E/ml, Injektionslösung",B
1232538,62563,"Tresiba FlexTouch 200 E/ml, Injektionslösung",B
1232536,62562,"Tresiba Penfill, Injektionslösung",B
94170,55873,"Tretinac 10 mg, Weichkapseln",A
94171,55873,"Tretinac 20 mg, Weichkapseln",A
1073420,55873,"Tretinac 5 mg, Weichkapseln",A
1336124,66054,"Trevicta 175 mg/0.875 ml, Depot-Injektionssuspension in einer Fertigspritze",B
1336125,66054,"Trevicta 263 mg/1.315 ml, Depot-Injektionssuspension in einer Fertigspritze",B
1336126,66054,"Trevicta 350 mg/1.75 ml, Depot-Injektionssuspension in einer Fertigspritze",B
1336127,66054,"Trevicta 525 mg/2.625 ml, Depot-Injektionssuspension in einer Fertigspritze",B
22234,41174,"Triamcort Depot 10mg/1ml, Kristallsuspension zur Injektion",B
22235,41174,"Triamcort Depot 20mg/1ml, Kristallsuspension zur Injektion",B
22236,41174,"Triamcort Depot 40mg/1ml, Kristallsuspension zur Injektion",B
22237,41174,"Triamcort Depot 80mg/2ml, Kristallsuspension zur Injektion",B
1026662,53875,"Triatec 1,25 mg, comprimés",B
118566,53875,"Triatec 10 mg, comprimés",B
1026663,53875,"Triatec 2,5 mg, comprimés",B
1026664,53875,"Triatec 5 mg, comprimés",B
38388,52646,"Triatec comp mite, comprimés",B
38389,52646,"Triatec comp, comprimés",B
22310,46532,"Triderm, Crème",B
1455686,67773,"Trikafta 100 mg / 50 mg / 75 mg, 150 mg, Filmtabletten",A
1619232,69212,"Trikafta 100 mg / 50 mg / 75 mg, 75 mg, Granulat",A
1490316,67773,"Trikafta 50 mg / 25 mg / 37.5 mg, 75 mg, Filmtabletten",A
1619231,69212,"Trikafta 80 mg / 40 mg / 60 mg, 59.5 mg, Granulat",A
1013370,35157,"Trilagavit, compresse filmate",B
93091,55120,"Trileptal 300 mg, Filmtabletten",B
98108,52852,"Trileptal 60 mg/ml, Suspension zum Einnehmen",B
93092,55120,"Trileptal 600 mg, Filmtabletten",B
1514226,67223,"Trimbow 172/5/9 mcg, solution pour inhalation en flacon pressurisé",B
1416976,67223,"Trimbow 87/5/9 mcg, solution pour inhalation en flacon pressurisé",B
1634994,69163,"Trimbow 88/5/9, poudre pour inhalation",B
1106202,55835,"Trimipramin Sandoz 100, Tabletten",B
1106201,55835,"Trimipramin Sandoz 25, Tabletten",B
1183240,58345,"Trimipramine Zentiva 100 mg, Tabletten",B
1183239,58345,"Trimipramine Zentiva 25 mg, Tabletten",B
1183245,58346,"Trimipramine Zentiva 40 mg/ml, Tropfen",B
1035585,57067,"Triofan Allergie, comprimés à sucer",D
1523896,68811,"Triofan Antitussif Noscapine, comprimés enrobés",D
1500262,53967,"Triofan Antitussif, gouttes",D
1500261,53954,"Triofan Antitussif, sirop",D
1500259,50573,"Triofan Expectorant avec réglisse comp., gouttes",D
1500260,62121,Triofan Pastilles pectorales,E
1347240,33445,"Triofan Rhinitis retard, capsules",D
1045864,55066,"Triofan Rhume sans conservant, spray-doseur pour adultes et enfants",D
1045865,55066,"Triofan Rhume sans conservant, spray-doseur pour petits enfants et nourrissons",D
1634879,69697,"Triofan Rhume XyloMenthol 1mg/ml, spray nasal, solution",D
1041835,46620,"Triofan Rhume, gouttes nasales pour adultes",D
1041855,46620,"Triofan Rhume, gouttes nasales pour enfants",D
1041851,46621,"Triofan Rhume, spray-doseur pour adultes et enfants",D
1041858,46621,"Triofan Rhume, spray-doseur pour petits enfants et bébés",D
1447952,67431,"Triogen 250 mg, Kapseln",B
1422656,65178,"Trisenox 12 mg/6 ml, Konzentrat zur Herstellung einer Infusionslösung",A
1186102,40051,"Trisequens N, Filmtabletten",B
22561,46559,"Trittico 100 mg, comprimés",B
22560,46559,"Trittico 50 mg, comprimés",B
1140218,57786,"Trittico retard, comprimés",B
1384293,66656,"Trittico Uno 150 mg, comprimés à libération prolongée",B
1384294,66656,"Trittico Uno 300 mg, comprimés à libération prolongée",B
1285061,63283,"Triumeq, Filmtabletten",A
1554740,68920,"Triumeq, Tabletten zur Herstellung einer Suspension zum Einnehmen",A
1324787,65514,"Triveram 10 / 5 / 5 mg, comprimé pelliculé",B
1324790,65514,"Triveram 20 / 10 / 10 mg, comprimé pelliculé",B
1324789,65514,"Triveram 20 / 10 / 5 mg, comprimé pelliculé",B
1324788,65514,"Triveram 20 / 5 / 5 mg, comprimé pelliculé",B
1324791,65514,"Triveram 40 / 10 / 10 mg, comprimé pelliculé",B
1487129,68388,"Trixeo Aerosphere 5/7.2/160 µg, Druckgasinhalation, Suspension",B
1480202,68179,"TRODELVY 180 mg, Pulver für ein Konzentrat zur Herstellung einer Infusionslösung",A
1279562,60396,"Tropaeolum comp., Capsulae",D
73588,54733,"Tropicamide 0,5 % SDU Faure, Augentropfen",B
1382049,56688,"True Test, Pflaster",A
1294473,65236,"Trulicity 0.75 mg, solution injectable stylo pré-rempli à usage unique",B
1294474,65236,"Trulicity 1.5 mg, solution injectable stylo pré-rempli à usage unique",B
1610714,69300,"Truqap 160 mg, Filmtabletten",A
1610715,69300,"Truqap 200 mg, Filmtabletten",A
1415924,52969,"Trusopt, collyre",B
1038049,57316,"Truvada, Filmtabletten",A
96541,25873,"Truxal 15 mg, Filmtabletten",B
98449,25873,"Truxal 50 mg, Filmtabletten",B
1394059,66648,"Truxima 100 mg/10 ml, solution à diluer pour perfusion",A
1394060,66648,"Truxima 500 mg/50 ml, solution à diluer pour perfusion",A
1447954,67798,"Tukysa 150 mg, Filmtabletten",A
1447953,67798,"Tukysa 50 mg, Filmtabletten",A
1008992,31900,"Tuscalman A, supposte per bambini da 2 a 6 anni",D
1008993,31900,"Tuscalman B, supposte per bambini da 6 a 12 anni",D
1008991,29223,"Tuscalman, sciroppo",D
125490,56138,"TussEx homöopathische Hustentropfen, Tropfen",D
108230,592,"Twinrix 720/20, Injektionssuspension",B
1605815,592,"Twinrix 720/20, Injektionssuspension",B
1289037,62965,"Tybost 150 mg, Filmtabletten",A
1080989,57431,"Tygacil 50 mg, Pulver für ein Konzentrat zur Herstellung einer Infusionslösung",A
22979,37919,"Tylenol Kinder 100 mg, Zäpfchen",D
22980,37919,"Tylenol Kinder 200 mg, Zäpfchen",D
22981,37919,"Tylenol Kinder 350 mg, Zäpfchen",D
1614498,69246,"Tymlos 80 μg/40 μL, solution injectable en stylo prérempli",B
23012,34096,"Tyroqualin, Lutschtabletten",D
1631257,69503,"Tyruko 300 mg / 15 ml, Konzentrat zur Herstellung einer Infusionslösung",B
1485310,68008,"Tysabri 150 mg/ml,  Injektionslösung in einer Fertigspritze",B
1066126,57273,"Tysabri 300 mg, Konzentrat zur Herstellung einer Infusionslösung",B
1065569,57937,"Tyverb, Filmtabletten",A
23054,58983,"Ubichinon compositum, homöopathische Injektionslösung",B
1015986,58931,"Ubichinon compositum, Tabletten",D
1005196,49589,"Ubistesin forte, Injektionslösung",B
1362825,49589,"Ubistesin mite, Injektionslösung",B
1005195,49589,"Ubistesin, Injektionslösung",B
1627994,67195,"Ubroseal blue ad us. vet., intramammäre Suspension für Rinder",B
1515167,68799,"Ulipristal Sandoz, Filmtablette",B
1515022,68372,"Ullanesse 30mg, Filmtabletten",B
1272933,63132,"Ultibro Breezhaler 110/50, Hartkapseln mit Pulver zur Inhalation",B
52013,53747,"Ultiva 1 mg, Pulver für ein Konzentrat zur Herstellung einer Infusionslösung",A
52012,53747,"Ultiva 2 mg, Pulver für ein Konzentrat zur Herstellung einer Infusionslösung",A
52011,53747,"Ultiva 5 mg, Pulver für ein Konzentrat zur Herstellung einer Infusionslösung",A
1481977,67278,"Ultomiris 1100 mg/11 ml, Konzentrat zur Herstellung einer Infusionslösung",A
1481976,67278,"Ultomiris 300 mg/3 ml, Konzentrat zur Herstellung einer Infusionslösung",A
1439424,67278,"Ultomiris 300 mg/30 ml, Konzentrat zur Herstellung einer Infusionslösung",A
30518,40188,"Ultracain D-S forte, solution injectable",B
23118,40188,"Ultracain D-S, solution injectable",B
34226,23477,"Ultracortenol, Augensalbe",A
1122919,49358,"UltratechneKow FM, Generator",A
1122920,49358,"UltratechneKow FM, Generator",A
1122921,49358,"UltratechneKow FM, Generator",A
1122922,49358,"UltratechneKow FM, Generator",A
1122923,49358,"UltratechneKow FM, Generator",A
1122924,49358,"UltratechneKow FM, Generator",A
1122925,49358,"UltratechneKow FM, Generator",A
1122926,49358,"UltratechneKow FM, Generator",A
1122927,49358,"UltratechneKow FM, Generator",A
1122928,49358,"UltratechneKow FM, Generator",A
1122929,49358,"UltratechneKow FM, Generator",A
1122930,49358,"UltratechneKow FM, Generator",A
1553866,46969,"Ultravist 150, Injektions-/Infusionslösung",B
1553867,46969,"Ultravist 150, Injektions-/Infusionslösung",B
1553855,46969,"Ultravist 240, Injektions-/Infusionslösung",B
1553856,46969,"Ultravist 300, Injektions-/Infusionslösung",B
1553857,46969,"Ultravist 300, Injektions-/Infusionslösung",B
1553858,46969,"Ultravist 300, Injektions-/Infusionslösung",B
1553859,46969,"Ultravist 300, Injektions-/Infusionslösung",B
1553860,46969,"Ultravist 300, Injektions-/Infusionslösung",B
1553861,46969,"Ultravist 300, Injektions-/Infusionslösung",B
1553862,46969,"Ultravist 370, Injektions-/Infusionslösung",B
1553863,46969,"Ultravist 370, Injektions-/Infusionslösung",B
1553864,46969,"Ultravist 370, Injektions-/Infusionslösung",B
1553865,46969,"Ultravist 370, Injektions-/Infusionslösung",B
1121255,58155,"Uman Albumin Kedrion 200 g/l, Infusionslösung",B
1121256,58155,"Uman Albumin Kedrion 250 g/l, Infusionslösung",B
1515524,68641,"Umckaloabo Direct, Granulat",D
1207554,61350,"Umckaloabo, Filmtabletten",D
1464029,67360,"Umckaloabo, Sirup",D
1074312,57602,"Umckaloabo, Tropfen zum Einnehmen",D
23233,13188,"Unguentolan, Salbe",D
60696,55326,"Upelva, Tropfen zum Einnehmen",D
1614499,69322,"Uplizna 100 mg/10ml, Konzentrat zur Herstellung einer Infusionslösung",A
1328918,65643,"Uptravi 1000 mcg, Filmtabletten",B
1328919,65643,"Uptravi 1200 mcg, Filmtabletten",B
1328920,65643,"Uptravi 1400 mcg, Filmtabletten",B
1328921,65643,"Uptravi 1600 mcg, Filmtabletten",B
1328914,65643,"Uptravi 200 mcg, Filmtabletten",B
1328915,65643,"Uptravi 400 mcg, Filmtabletten",B
1328916,65643,"Uptravi 600 mcg, Filmtabletten",B
1328917,65643,"Uptravi 800 mcg, Filmtabletten",B
1319827,66012,"Urapidil Stragen i.v. 25 mg, solution injectable",B
1319828,66012,"Urapidil Stragen i.v. 50 mg, solution injectable",B
23383,41383,"Urbanyl, comprimés sécables",B
23540,39981,"Uriconorm 100 mg, Tabletten",B
23541,39981,"Uriconorm 300 mg, Tabletten",B
1105616,58644,"Urispas, Filmtabletten",B
1211913,61884,"UROCIT, Tabletten",B
118418,53401,"Uromitexan Multidose, Injektions-/Infusionslösung",B
125315,53391,"Uromitexan, Filmtabletten",B
28871,43407,"Uromitexan, Injektions-/Infusionslösung",B
1323216,65513,"Urorec 4 mg, Hartkapseln",B
1323217,65513,"Urorec 8 mg, Hartkapseln",B
23695,598,"Uro-Vaxom, capsules",B
23696,41874,"Ursochol 150 mg, compresse",B
23698,41874,"Ursochol 300 mg, compresse",B
1183722,60812,"Ursofalk 500 mg, Filmtabletten",B
23700,42782,"Ursofalk, Kapseln",B
75412,54634,"Ursofalk, Suspension",B
1187684,60176,"Urtica urens comp., Tropfen",D
29853,51535,"Usneabasan, homöopathische Tropfen",D
1226949,45351,"Utrogestan 100 mg, capsules",B
1304568,45351,"Utrogestan 200 mg, capsules",B
23717,35941,"Uvamin retard, Kapseln",B
1476809,67797,"Vaborem 1g/1g, Pulver für ein Konzentrat zur Herstellung einer Infusionslösung",A
1502626,68395,"Vabysmo 6 mg/0,05 ml, Injektionslösung",B
1629895,69709,"Vabysmo 6 mg/0.05 ml, Injektionslösung in einer Fertigspritze",B
1550043,68862,"Vafseo 150 mg, comprimés pelliculés",A
1550044,68862,"Vafseo 300 mg, comprimés pelliculés",A
1227101,49600,"Vagifem 10 µg, Vaginaltabletten",B
1491700,50001,"Vagi-Hex, Vaginaltabletten",B
1474960,67823,"Vagirux 10 µg, Vaginaltabletten",B
1122987,58922,"Valaciclovir Sandoz 1000 mg, Filmtabletten",A
1122985,58922,"Valaciclovir Sandoz 250 mg, Filmtabletten",A
1122986,58922,"Valaciclovir Sandoz 500 mg, Filmtabletten",A
1414047,59472,"Valaciclovir Therica 500 mg, comprimés pelliculés",A
1444187,60577,"Valaciclovir Zentiva, Filmtabletten",A
1154033,58921,"Valaciclovir-Mepha 1000, Lactab",A
1206157,58658,"Valacivir-Mepha 500 mg, Filmtabletten",A
106009,55905,"Valcyte, Filmtabletten",A
1167153,57596,"Valdoxan 25 mg, comprimés pelliculés",B
108112,60177,"Valeriana comp., Tropfen",D
82072,58901,"Valeriana compositum, Tropfen zum Einnehmen",D
1277337,62579,"Valette, Dragées",B
1289038,65221,"Valganciclovir Sandoz 450 mg, Filmtabletten",A
1270339,65032,"Valganciclovir-Mepha 450, Filmtabletten",A
23846,30433,"Valium 10 mg, Injektionslösung",B
23849,28840,"Valium 10 mg, Tabletten",B
23848,28840,"Valium 5 mg, Tabletten",B
1113284,57969,"Valproat chrono Desitin 300 mg, Retardtabletten",B
1113285,57969,"Valproat chrono Desitin 500 mg, Retardtabletten",B
1072574,57384,"Valproat Sandoz 300 mg,Retardtabletten",B
1072575,57384,"Valproat Sandoz 500 mg, Retardtabletten",B
1392354,53112,"Valproate Chrono Sanofi 300 mg, comprimés pelliculés sécables",B
1392355,53112,"Valproate Chrono Sanofi 500 mg, comprimés pelliculés sécables",B
1325273,65842,"Valsartan Amlo Spirig HC 10/160mg, Filmtabletten",B
1325272,65842,"Valsartan Amlo Spirig HC 5/160mg, Filmtabletten",B
1325271,65842,"Valsartan Amlo Spirig HC 5/80mg, Filmtabletten",B
1240023,63094,"Valsartan axapharm 160 mg, Filmtabletten",B
1240022,63094,"Valsartan axapharm 80 mg, Filmtabletten",B
1240025,63095,"Valsartan HCT Axapharm 160/12.5 mg, Filmtabletten",B
1240026,63095,"Valsartan HCT Axapharm 160/25 mg, Filmtabletten",B
1240024,63095,"Valsartan HCT Axapharm 80/12.5 mg, Filmtabletten",B
1471643,61472,"Valsartan HCT Zentiva 160/12.5 mg, Filmtabletten",B
1471644,61472,"Valsartan HCT Zentiva 160/25 mg, Filmtabletten",B
1471642,61472,"Valsartan HCT Zentiva 80/12.5 mg, Filmtabletten",B
1169230,62039,"Valsartan Sandoz 160, Filmtabletten",B
1169229,62039,"Valsartan Sandoz 80, Filmtabletten",B
1448758,67559,"Valsartan Spirig HC 160 mg, Filmtabletten",B
1448757,67559,"Valsartan Spirig HC 80 mg, Filmtabletten",B
1468755,61491,"Valsartan Zentiva 160 mg, Filmtabletten",B
1468754,61491,"Valsartan Zentiva 80 mg, Filmtabletten",B
1158658,59513,"Valtan-Mepha 160 mg, Filmtabletten",B
1158657,59513,"Valtan-Mepha 80 mg, Filmtabletten",B
1299985,53116,"Valtrex 250 mg, Filmtabletten",A
1346153,53116,"Valtrex 500 mg, Filmtabletten",A
1092775,57832,"Valverde Beruhigung/Apaisement, Dragées",D
1188177,47718,"Valverde Entspannung, Filmtabletten",D
1437842,47836,"Valverde Herz und Nerven, Filmtabletten",D
1541708,68742,"Valverde Magen-Darm, Filmtabletten",D
1484723,54000,"Valverde Schlaf forte, Filmtabletten",D
1047851,54000,"Valverde Schlaf/sommeil, Filmtabletten",D
70634,47620,"Valverde Verstopfung, Filmtabletten",D
71718,47641,"Valverde Verstopfung, Sirup",D
23868,47074,"Vancocin 125 mg, Kapseln",A
23872,24936,"Vancocin i.v. 1 g, Pulver für ein Konzentrat zur Herstellung einer Infusionslösung",A
23871,24936,"Vancocin i.v. 500 mg, Pulver für ein Konzentrat zur Herstellung einer Infusionslösung",A
1471909,67837,"Vancomycin Fairmed 125 mg, Kapseln",A
1471910,67837,"Vancomycin Fairmed 250 mg, Kapseln",A
1147874,59766,"Vancomycin Labatec 1 g, poudre pour solution pour perfusion",A
1147873,59766,"Vancomycin Labatec 500 mg, poudre pour solution pour perfusion",A
1029950,57236,"Vancomycin Sandoz 1 g i.v.,  Pulver zur Herstellung einer Infusionslösung",A
1029949,57236,"Vancomycin Sandoz 500 mg i.v.,  Pulver zur Herstellung einer Infusionslösung",A
1637689,69710,"VANFLYTA 17.7 mg, Filmtabletten",A
1637690,69710,"VANFLYTA 26.5 mg, Filmtabletten",A
1109894,55658,"Vaniqa, Crème",B
1098353,57327,"Vannair 100/6, Dosieraerosol",B
1098354,57327,"Vannair 200/6, Dosieraerosol",B
1518833,68539,"Vantobra 170 mg, Lösung für einen Vernebler",A
1395490,66650,"Vardenafil-Mepha 10 mg, Filmtabletten",B
1395491,66650,"Vardenafil-Mepha 20 mg, Filmtabletten",B
1395489,66650,"Vardenafil-Mepha 5 mg, Filmtabletten",B
1403944,585,"Varilrix, Pulver und Lösungsmittel zur Herstellung einer Injektionslösung",B
1112777,59451,"Varitect CP, Lösung zur intravenösen Injektion",B
1112778,59451,"Varitect CP, Lösung zur intravenösen Injektion",B
1112779,59451,"Varitect CP, Lösung zur intravenösen Injektion",B
1022072,688,"Varivax, Injektionssuspension",B
129277,59270,"Vascord 20mg/5mg, Filmtabletten",B
1111848,59270,"Vascord 40mg/10mg, Filmtabletten",B
1111847,59270,"Vascord 40mg/5mg, Filmtabletten",B
1187812,62309,"Vascord HCT 20/5/12.5mg, Filmtabletten",B
1187814,62309,"Vascord HCT 40/10/12.5mg, Filmtabletten",B
1187816,62309,"Vascord HCT 40/10/25mg, Filmtabletten",B
1187813,62309,"Vascord HCT 40/5/12.5mg, Filmtabletten",B
1187815,62309,"Vascord HCT 40/5/25mg, Filmtabletten",B
1422496,66940,"Vaxelis 0.5 ml, Injektionssuspension",B
1512637,66940,"Vaxelis 0.5 ml, Injektionssuspension",B
1603481,66427,"VaxigripTetra, Suspension pour injection dans une seringue pré-remplie",B
1632157,66427,"VaxigripTetra, Suspension pour injection dans une seringue pré-remplie",B
1534259,68752,"Vaxneuvance, Injektionssuspension",B
1519388,68354,"Vazkepa 998 mg, Weichkapseln",B
1482417,67888,"Veblocema 120 mg, solution injectable en stylo prérempli",A
1107746,57872,"Vectibix 100 mg, Konzentrat zur Herstellung einer Infusionslösung",A
1108043,57872,"Vectibix 400 mg, Konzentrat zur Herstellung einer Infusionslösung",A
1540116,69166,"Vegzelma 100 mg/4 ml, solution à diluer pour perfusion",A
1540117,69166,"Vegzelma 400 mg/16 ml, solution à diluer pour perfusion",A
1455255,68026,"Veklury, Pulver für ein Konzentrat zur Herstellung einer Infusionslösung",A
1561042,68991,"Velariq 1 mg/ml, Lösung zur intravesikalen Anwendung",B
24003,27821,"Velbe, Pulver zur Herstellung einer Injektionslösung",A
1106204,56976,"Velcade 1 mg, Lyophilisat zur Herstellung einer Injektionslösung",A
1013211,56976,"Velcade 3.5 mg, Lyophilisat zur Herstellung einer Injektionslösung",A
1217234,62354,"Veletri 0.5mg, Pulver zur Herstellung einer Infusionslösung",B
1217235,62354,"Veletri 1.5mg, Pulver zur Herstellung einer Infusionslösung",B
1284357,62986,"Velphoro, Kautabletten",B
1625667,69377,"Velsipity 2 mg, Filmtabletten",B
1360264,66411,"Veltassa 16.8 g, Pulver für orale Suspension",B
1360263,66411,"Veltassa 8.4 g, Pulver für orale Suspension",B
1361694,66190,"Vemlidy, Filmtabletten",A
1382457,66235,"Venclyxto 10 mg, Filmtabletten",A
1382459,66235,"Venclyxto 100 mg, Filmtabletten",A
1382458,66235,"Venclyxto 50 mg, Filmtabletten",A
1227150,63072,"Venlafaxin ER Sandoz 150, Retardkapseln",B
1227148,63072,"Venlafaxin ER Sandoz 37.5, Retardkapseln",B
1227149,63072,"Venlafaxin ER Sandoz 75, Retardkapseln",B
1440420,58594,"Venlafaxin retard Zentiva 150 mg, Kapseln",B
1440418,58594,"Venlafaxin retard Zentiva 37.5 mg, Kapseln",B
1440419,58594,"Venlafaxin retard Zentiva 75 mg, Kapseln",B
1102433,57481,"Venlafaxin Sandoz 37.5, Tabletten",B
1102434,57481,"Venlafaxin Sandoz 75, Tabletten",B
1473102,67685,"Venlafaxin Spirig HC retard 150 mg, Hartkapseln, retardiert",B
1473103,67685,"Venlafaxin Spirig HC retard 225 mg, Hartkapseln, retardiert",B
1473100,67685,"Venlafaxin Spirig HC retard 37.5 mg, Hartkapseln, retardiert",B
1473101,67685,"Venlafaxin Spirig HC retard 75 mg, Hartkapseln, retardiert",B
1543054,62129,"Venlafaxin Viatris ER 150 mg, Hartkapsel, retardiert",B
1543052,62129,"Venlafaxin Viatris ER 37.5 mg, Hartkapsel, retardiert",B
1543053,62129,"Venlafaxin Viatris ER 75 mg, Hartkapsel, retardiert",B
1098403,57748,"Venlafaxin-Mepha ER 150, Depocaps",B
1220732,57748,"Venlafaxin-Mepha ER 37.5, Depocaps",B
1098402,57748,"Venlafaxin-Mepha ER 75, Depocaps",B
1609645,60135,"Venlafaxin-Mepha Teva 37.5 mg, Tabletten",B
1609646,60135,"Venlafaxin-Mepha Teva 75 mg, Tabletten",B
1124742,59106,"Venlax ER 150 mg, Retardkapseln",B
1124741,59106,"Venlax ER 75 mg, Retardkapseln",B
46040,15398,"Venofer 100mg / 5 ml, Injektionslösung",B
122748,55875,"Venoruton 1000, Brausetabletten",D
24167,42647,"Venoruton forte, Tabletten",D
1504651,27837,"Venoruton, Gel",D
1033569,56213,"Ventavis, Lösung für einen Vernebler",B
1221198,44397,"Ventolin 0.5 mg/ml, Injektionslösung",B
1221199,44397,"Ventolin 1 mg/ml, Infusionskonzentrat",B
24183,37397,"Ventolin 5 mg/ml, konzentrierte Lösung für Aerosolgeräte",B
78395,53898,"Ventolin Diskus, Multidosen-Pulverinhalator",B
83981,54320,"Ventolin, Dosier-Aerosol",B
24184,37262,"Ventolin, Sirup",B
57629,54254,"Venucrème, Crème",D
57630,54255,"Venugel, Gel",D
1601543,69232,"Veoza 45 mg, Filmtabletten",B
24191,42888,"Vepesid 100 mg, Kapseln",A
24192,42888,"Vepesid 50 mg, Kapseln",A
1369758,66682,"Veractiv Energy, poudre effervescente",D
1554822,54805,"Veractiv Magnesium Classic, comprimés effervescents",D
1474638,67975,"VeraSeal 10 ml, Lösung für Gewebekleber",B
1474635,67975,"VeraSeal 2 ml, Lösung für Gewebekleber",B
1474636,67975,"VeraSeal 4 ml, Lösung für Gewebekleber",B
1124950,60305,"Veratrum comp., Globuli velati",D
1544677,68489,"Verdye 25 mg, Pulver zur Herstellung einer Injektionslösung",A
1207555,61895,"Veregen, Salbe",B
88155,55445,"Verintex, Flüssigkeit zur Anwendung auf der Haut",D
91188,55444,"Verintex, Tropfen zum Einnehmen",D
1443503,67535,"Verkazia, Augentropfen Emulsion",B
1369759,66567,"Vermiculite D6, Tabletten",D
24261,38853,"Vermox 100 mg, Tabletten",D
1481948,68001,"Verquvo 10.0 mg, Filmtabletten",B
1481946,68001,"Verquvo 2.5 mg, Filmtabletten",B
1481947,68001,"Verquvo 5.0 mg, Filmtabletten",B
24263,42695,"Verrumal, Lösung",A
24265,41460,"Vertigoheel, Tabletten",D
24266,41461,"Vertigoheel, Tropfen zum Einnehmen",D
1414498,66833,"Verzenios 100 mg, comprimés filmés",A
1414499,66833,"Verzenios 150 mg, comprimés filmés",A
1414500,66833,"Verzenios 200 mg, comprimés filmés",A
1414497,66833,"Verzenios 50 mg, comprimés filmés",A
37583,52775,"Vesanoid, Weichkapseln",A
1039805,57203,"Vesicare 10 mg, Filmtabletten",B
1039806,57203,"Vesicare 5 mg, Filmtabletten",B
1475124,67983,"Vesoxx 1 mg/ml, Lösung zur Intravesikalen Anwendung",B
1238010,60319,"Vespa crabro comp., Gelatum",D
1115961,59981,"Vespa crabro D3, Ampullen",B
1015940,54319,"Vetmedin ad us. vet., Kapseln 1.25 mg",B
1362359,54319,"Vetmedin ad us. vet., Kapseln 10 mg",B
1015941,54319,"Vetmedin ad us. vet., Kapseln 2.5 mg",B
1015942,54319,"Vetmedin ad us. vet., Kapseln 5 mg",B
1498563,67358,"Vetmedin Chew 1.25 mg ad us. vet., Kautabletten",B
1498562,67358,"Vetmedin Chew 5 mg ad us. vet., Kautabletten",B
1401018,66601,"VEYVONDI 1300 IE, Pulver und Lösungsmittel zur Herstellung einer Injektionslösung",B
1401017,66601,"VEYVONDI 650 IE, Pulver und Lösungsmittel zur Herstellung einer Injektionslösung",B
116329,55946,"Vfend 200 mg, Filmtabletten",A
116330,55945,"Vfend 200 mg, Pulver für ein Konzentrat zur Herstellung einer Infusionslösung",A
1012217,56819,"Vfend 40 mg/ml, Pulver zur Herstellung einer Suspension zum Einnehmen",A
116328,55946,"Vfend 50 mg, Filmtabletten",A
63748,54642,"Viagra 100 mg, Filmtabletten",B
63750,54642,"Viagra 25 mg, Filmtabletten",B
63749,54642,"Viagra 50 mg, Filmtabletten",B
1624442,69577,"Viant, Pulver zur Herstellung einer Infusionslösung",B
24280,50421,"Vibrocil, Nasenspray, Lösung",D
24279,50009,"Vibrocil, Tropfen",D
90904,50224,"Viburcol N, homöopathische Säuglings- und Kindersuppositorien",D
1299786,63260,"Viburcol, Flüssigkeit zum Einnehmen",D
1620337,62906,"VICKS AngiMed Citron Spray, spray pour utilisation dans la cavité buccale, solution",D
1619390,65894,"VICKS AngiMed citron, comprimés à sucer",D
1620335,62923,"VICKS AngiMed menthol, comprimés à sucer",D
46127,13866,"Vicks Inhaler N, baton inhalateur",D
24293,41799,"Vicks Medinait, sirop",D
1338590,51764,"Vicks Sinex, spray-doseur",D
1173600,54740,"Vicks VapoRub, pommade",D
1137652,59329,"Victoza 6 mg/ml, Fertigpen (Triple-Dose)",B
1036733,57380,"Vidaza 100 mg, Lyophilisat zur Herstellung einer Injektionssuspension",A
1327299,65698,"Vi-De 3 dose par mois, solution buvable",B/D
1538008,65400,"Vi-De 3 Huile 0.5 mg/ml, solution buvable huileuse",D
24307,9395,"Vi-De 3, solution de goutte",D
1320742,65253,"Viferol D3 100'000 UI / ml, solution buvable",B
1407935,67173,"Viferol D3 25'000 UI/ml, solution buvable",B
1029969,57349,"Vigamox, Augentropfen",A
1622458,69069,"Vildagliptin Metformin NOBEL 50 mg/1000 mg, Filmtabletten",B
1622456,69069,"Vildagliptin Metformin NOBEL 50 mg/500 mg, Filmtabletten",B
1622457,69069,"Vildagliptin Metformin NOBEL 50 mg/850 mg, Filmtabletten",B
1616236,69302,"Vildagliptin Metformin Spirig HC 50 mg/1000 mg, Filmtabletten",B
1616234,69302,"Vildagliptin Metformin Spirig HC 50 mg/500 mg, Filmtabletten",B
1616235,69302,"Vildagliptin Metformin Spirig HC 50 mg/850 mg, Filmtabletten",B
1515525,68750,"Vildagliptin NOBEL 50 mg, Tabletten",B
1518029,69111,"Vildagliptin Sandoz 50 mg, Tabletten",B
1470907,67574,"Vildagliptin Spirig HC 50 mg, Tabletten",B
1315531,65370,"Vimizim 5mg/5ml, Konzentrat zur Herstellung einer Infusionslösung",B
1182037,61330,"Vimovo, Filmtabletten",B
1190452,59003,"Vimpat 10 mg/ml, sirop",B
1128685,59002,"Vimpat 100 mg, comprimés pelliculés",B
1128689,59002,"Vimpat 150 mg, comprimés pelliculés",B
1128692,59002,"Vimpat 200 mg, comprimés pelliculés",B
1128784,59004,"Vimpat 200 mg/ 20 ml, solution pour perfusion",B
1128684,59002,"Vimpat 50 mg, comprimés pelliculés",B
1003011,58949,"Vincetoxicum compositum ad us. vet., Injektionslösung",B
1019257,48000,"Vincristin Teva 1 mg / 1 ml, Injektionslösung",A
1019258,48000,"Vincristin Teva 2 mg / 2 ml, Injektionslösung",A
61770,53640,"Vincristine Pfizer, Injektionslösung",A
61771,53640,"Vincristine Pfizer, Injektionslösung",A
1446151,67330,"Vinorelbin Sandoz 20 mg, Weichkapseln",A
1446152,67330,"Vinorelbin Sandoz 30 mg, Weichkapseln",A
1172369,57719,"Vinorelbin Sandoz, Konzentrat zur Herstellung einer Injektions-/Infusionslösung",A
1172370,57719,"Vinorelbin Sandoz, Konzentrat zur Herstellung einer Injektions-/Infusionslösung",A
1033655,62944,"Viola tricolor comp., Globuli",D
83911,62945,"Viola tricolor comp., Tropfen",D
1197263,62077,"Viramune, Retardtabletten",A
60452,54393,"Viramune, Tabletten",A
116910,56251,"Viread, Filmtabletten",A
1614500,69485,"Viread, Filmtabletten",A
1470908,67710,"Virgan 1.5 mg/g, Augengel",A
1475994,67772,"Virupos 30 mg/g, Augensalbe",A
1325244,62618,"Virus influencae A comp. D13, Mund- und Rachenspray",D
1325245,62619,"Virus influencae A comp. D13, Nasenspray",D
1325247,62618,"Virus influencae A comp. D9, Mund- und Rachenspray",B
1325246,62619,"Virus influencae A comp. D9, Nasenspray",B
1332751,66312,"Virus Influencea A comp. D9, Nasenspray",B
1513724,68831,"Visanne 2.0 mg, Tabletten",B
1167688,60119,"Visanne, Tabletten",B
1401410,67184,"Visannette, Tabletten",B
1008320,56087,"Viscotears SDU, Augengel Einzeldosen",D
33983,48624,"Viscotears Tropfgel, Augengel",D
1369760,66330,"Viscum album Herba Extractum resinosum 10%, Crème",B
1308379,59767,"Viscum Mali praeparatum 3%, Tropfen zum Einnehmen",D
1308381,59732,"Viscum Pini praeparatum 3%, Tropfen zum Einnehmen",D
1309434,59732,"Viscum Pini praeparatum 3%, Tropfen zum Einnehmen",D
1308380,59770,"Viscum Quercus praeparatum 3%, Tropfen zum Einnehmen",D
1309433,59770,"Viscum Quercus praeparatum 3%, Tropfen zum Einnehmen",D
1030480,56245,"Visine Classic Augentropfen, Monodosen",D
1510320,68293,"Visine Classic Hydro 0,5 mg/ml, Augentropfen",D
1552654,68825,"Visiodoron Euphrasia comp., Augensalbe",D
1485530,49537,"Visiodoron Euphrasia Monodosen, Augentropfen (Monodosen)",D
1485529,49537,"Visiodoron Euphrasia, Augentropfen",D
62804,52228,"Visipaque 270 mg/mL, Injektionslösung",B
62805,52228,"Visipaque 320 mg/mL, Injektionslösung",B
1005194,55955,"Vistabel, Pulver zur Herstellung einer Injektionslösung",A
86341,55269,"Visudyne, Pulver zur Herstellung einer Infusionslösung",A
1367711,66441,"Vita D3 protect, Lösung zum Einnehmen",D
1513755,55959,"Vita Hepa 600, Dragées",D
1622459,69012,"Vitafediol 0.266 mg, Weichkapseln",B
53194,50586,"Vitaguarin, Granulat",D
34683,52477,"Vita-Hexin, Salbe",D
1314881,52477,"Vita-Hexin, Salbe",D
23408,43679,"Vitalipid N Adult, Infusionszusatz, Emulsion",B
23407,43679,"Vitalipid N Infant, Infusionszusatz, Emulsion",B
23413,51681,"Vita-Merfen, pommade",D
53084,22398,"Vitamin A Blache, Augensalbe",B
23429,34078,"Vitamin B1 Streuli, Tabletten",D
1621571,69394,"Vitamin B12 1000 μg Dermapharm, Filmtabletten",D
23437,30219,"Vitamin B12 Amino, Injektionslösung",B
80565,48864,"Vitamin B2 Streuli, Dragées",B
129299,48865,"Vitamin B2 Streuli, Injektionslösung",B
23430,34172,"Vitamin B6 Streuli 100 mg, Injektionslösung",B
23433,34173,"Vitamin B6 Streuli 300 mg, Tabletten",D
23432,34173,"Vitamin B6 Streuli 40 mg, Tabletten",D
1497987,68434,"Vitamin D3 Sandoz eco 1000 I.E., Weichkapseln",D
1497986,68434,"Vitamin D3 Sandoz eco 25000 I.E., Weichkapseln",B
1497985,68434,"Vitamin D3 Sandoz eco 3200 I.E., Weichkapseln",B
1442150,67496,"Vitamin D3 Spirig HC 2740 I.E./ml, ölige Lösung zum Einnehmen",D
1442151,67495,"Vitamin D3 Spirig HC, Weichkapseln",D
1500164,67937,Vitamin D3 Streuli 20`000 I.E. Weichkapseln,B
1268979,33481,"Vitamin D3 Streuli Prophylax, Lösung zum Einnehmen",D
1269881,33481,"Vitamin D3 Streuli zur Therapie, Lösung zum Einnehmen",B
78113,32435,"Vitamin D3 Streuli, Injektionslösung",B
1217312,57690,Vitamin D3 Wild huile,D
1154424,59165,"Vitango, Filmtabletten",D
23503,32692,"Vitarnin, Brausetabletten",D
1319994,33584,"Vitarubin Depot, Injektionslösung",B
1500076,68216,"Vitarubin Oral, Filmtabletten",D
1328167,21672,"Vitarubin, Injektionslösung",B
1282420,48431,"Vitasprint B12, Trinkampullen",D
1115971,59920,"Vitis comp., Kautabletten",D
1443605,67281,"Vitrakvi 100 mg, Kapseln",A
1503715,67282,"Vitrakvi 20 mg/ml, Lösung zum Einnehmen",A
1443604,67281,"Vitrakvi 25 mg, Kapseln",A
1403945,467,"Vivotif, Kapseln",B
1547514,69360,"Viyana 1000 mg / 20 ml, Dispersion zur Injektion/Infusion",B
1547513,69360,"Viyana 500 mg  / 10 ml, Dispersion zur Injektion/Infusion",B
1356079,66110,"Vizamyl 150MBq/ml, Injektionslösung",A
1632799,66110,"Vizamyl 150MBq/ml, Injektionslösung",A
1484081,67669,"Vocabria 30 mg, Filmtabletten",A
1484015,67740,"Vocabria 600 mg / 3 ml, Depot-Injektionssuspension",A
1277654,63239,"Vokanamet 150mg/1000mg, Filmtabletten",B
1277653,63239,"Vokanamet 150mg/850mg, Filmtabletten",B
1277652,63239,"Vokanamet 50mg/1000mg, Filmtabletten",B
1277651,63239,"Vokanamet 50mg/850mg, Filmtabletten",B
1102820,58654,"Volibris 10 mg, Filmtabletten",B
1102981,58654,"Volibris 5 mg, Filmtabletten",B
37105,39254,"Voltaren 100, Suppositorien",B
37104,39254,"Voltaren 12,5, Suppositorien",B
37099,37867,"Voltaren 25 mg, Dragées",B
37100,39254,"Voltaren 25, Suppositorien",B
37101,37867,"Voltaren 50 mg, Dragées",B
37102,39254,"Voltaren 50, Suppositorien",B
1152511,58196,"Voltaren Dolo forte 25 mg Liquid Caps, Weichgelatinekapseln",D
1075572,58094,"Voltaren Dolo forte 25 mg, Dragées",D
1199724,61859,"Voltaren Dolo forte, Emulgel",D
1449848,61859,"Voltaren Dolo forte, Emulgel",D
1633060,69698,"Voltaren Dolo Patch 24h 140 mg, wirkstoffhaltiges Pflaster",D
1035617,55846,"Voltaren Dolo, Emulgel",D
23790,50107,"Voltaren Rapid 50 mg, Dragées",B
37103,41962,"Voltaren Retard 100 mg, Dragées",B
23791,41962,"Voltaren Retard 75 mg, Dragées",B
23783,47344,"Voltaren, Emulgel",D
23781,39253,"Voltaren, Injektionslösung i.m./Infusionskonzentrat",B
23782,49366,"Voltaren, Tropfen",B
1070387,57819,"Voluven 6 % balanced, Infusionslösung",B
1644135,69768,"Vominil 10 mg/ml ad us. vet., Injektionslösung für Hunde und Katzen",B
1403000,65477,"Voncento 1000/2400 I.E.,  Pulver und Lösungsmittel (10 ml) zur Herstellung einer Infusionslösung",B
1402999,65477,"Voncento 500/1200 I.E., Pulver und Lösungsmittel (5 ml) zur Herstellung einer Infusionslösung",B
1629614,69364,"Voranigo 10 mg, comprimés pelliculés",A
1629615,69364,"Voranigo 40 mg, comprimés pelliculés",A
1422697,66877,"Voriconazol Accord 200 mg, Filmtabletten",A
1437353,66830,"Voriconazol Accord 200mg, Pulver zur Herstellung einer Infusionslösung",A
1422696,66877,"Voriconazol Accord 50 mg, Filmtabletten",A
1294219,65772,"Voriconazol Pfizer 200 mg, Filmtabletten",A
1294221,65770,"Voriconazol Pfizer 200 mg, Pulver für ein Konzentrat zur Herstellung einer Infusionslösung",A
1294220,65771,"Voriconazol Pfizer 40 mg/ml, Pulver zur Herstellung einer Suspension zum Einnehmen",A
1294218,65772,"Voriconazol Pfizer 50 mg, Filmtabletten",A
1272490,63118,"Voriconazol Sandoz 200 mg, Filmtabletten",A
1302779,65064,"Voriconazol Sandoz 200 mg, Pulver für ein Konzentrat zur Herstellung einer Infusionslösung",A
1272489,63118,"Voriconazol Sandoz 50 mg, Filmtabletten",A
1272492,63167,"Voriconazol-Mepha 200mg, Lactab",A
1272491,63167,"Voriconazol-Mepha 50mg, Lactab",A
1491544,65315,"Voriconazol-Mepha i.v. 200 mg, Pulver für ein Konzentrat zur Herstellung einer Infusionslösung",A
1372581,66510,"Vosevi, Filmtabletten",A
1153578,60326,"Votrient 200 mg, Filmtabletten",A
1153576,60326,"Votrient 400 mg, Filmtabletten",A
1260877,62812,"Votubia 2 mg, dispergierbare Tabletten",A
1180395,62061,"Votubia 2.5 mg, Tabletten",A
1260878,62812,"Votubia 3 mg, dispergierbare Tabletten",A
1181243,62061,"Votubia 5 mg, Tabletten",A
1019002,57142,"Votum 10 mg, Filmtabletten",B
1019003,57142,"Votum 20 mg, Filmtabletten",B
1019004,57142,"Votum 40 mg, Filmtabletten",B
1029348,57554,"Votum plus 20/12.5, Filmtabletten",B
1029423,57554,"Votum plus 20/25, Filmtabletten",B
1170267,57554,"Votum plus 40/12.5, Filmtabletten",B
1170268,57554,"Votum plus 40/25, Filmtabletten",B
1634997,69569,"Voxzogo 0.4 mg, Pulver und Lösungsmittel zur Herstellung einer Injektionslösung",A
1634998,69569,"Voxzogo 0.56 mg, Pulver und Lösungsmittel zur Herstellung einer Injektionslösung",A
1634999,69569,"Voxzogo 1.2 mg, Pulver und Lösungsmittel zur Herstellung einer Injektionslösung",A
1158492,61297,"VPRIV 400 U, Pulver zur Herstellung einer Infusionslösung",B
1333364,66314,"Vroni Gynial, überzogene Tablette",B
1387367,66314,"Vroni Gynial, überzogene Tablette",B
1616243,69761,"Vueway, Soluzione iniettabile",B
1616244,69761,"Vueway, Soluzione iniettabile",B
1616245,69761,"Vueway, Soluzione iniettabile",B
1616246,69761,"Vueway, Soluzione iniettabile",B
1473867,68066,"Vumerity 231 mg, Magensaftresistente Hartkapseln",B
1550159,69035,"Vydura 75 mg, Lyophilisat zum Einnehmen",B
1482697,67995,"Vyepti 100 mg/ml, Konzentrat zur Herstellung einer Infusionslösung",B
1637367,69501,"Vyloy 100 mg, Pulver für ein Konzentrat zur Herstellung einer Infusionslösung",A
1441790,67083,"Vyndaqel 20 mg, Weichkapseln",B
1441791,67518,"Vyndaqel 61 mg, Weichkapseln",B
1636689,69725,"Vyvgart 1000 mg/ 5.6 ml, solution injectable",A
1626279,69286,"Vyvgart 400 mg/20ml, solution à diluer pour perfusion",A
1500589,68014,"Vyxeos liposomal 44 mg/100 mg, Pulver für ein Konzentrat zur Herstellung einer Infusionsdispersion",A
1635441,69332,"WAINZUA, Injektionslösung",B
1404382,67007,"Wakix 18 mg, Filmtabletten",B
1404381,67007,"Wakix 4.5 mg, Filmtabletten",B
1558476,68743,"Wala Aconit comp. Schmerzöl, Öl zur Anwendung auf der Haut",D
22242,42977,"Wala Arnika-Kompressen, Kompressen",D
22248,33422,"Wala Bitter-Elixier, Sirup",D
1403948,48473,"Wala Echinacea Mund- und Rachenspray, Spray zur Anwendung in der Mundhöhle",D
107842,55043,"Wala Euphrasia Einzeldosis-Augentropfen, Augentropfen",D
1470909,67367,"WALA Magen-Darm Globuli velati, Globuli velati",D
22268,46560,"Wala Nasenbalsam mild, Nasencreme",D
22267,41584,"Wala Nasenbalsam, Nasencreme",D
15009,41587,"Wala Plantago Bronchialbalsam, Creme",D
35048,39460,"Wala Pulmonium Hustensaft, Sirup",D
22280,17035,"Warz-ab/Extor, Lösung",D
22466,24608,"Wecesin, Pulver zur Anwendung auf der Haut",D
1519364,68798,"Wegovy Multi FixDose 0.25 mg, Injektionslösung im Fertigpen",B
1519365,68798,"Wegovy Multi FixDose 0.5 mg, Injektionslösung im Fertigpen",B
1519366,68798,"Wegovy Multi FixDose 1 mg, Injektionslösung im Fertigpen",B
1519367,68798,"Wegovy Multi FixDose 1.7 mg, Injektionslösung im Fertigpen",B
1519368,68798,"Wegovy Multi FixDose 2.4 mg, Injektionslösung im Fertigpen",B
1073036,11787,"Weleda Amara-Tropfen, Tropfen zum Einnehmen",D
1612368,68992,"Weleda Arnica-Essenz N, Flüssigkeit zur Herstellung einer Lösung zur Anwendung auf der Haut",D
22498,28143,"Weleda Arnica-Essenz, Flüssigkeit zur Anwendung auf der Haut",D
1249824,62667,"Weleda Arnica-Gel, Gel, anthroposophisches Arzneimittel",D
1022723,57021,"Weleda Arnica-Salbe, Creme",D
1003832,56759,"Weleda Aufbaukalk 1+2, Pulver zum Einnehmen",D
22517,49560,"Weleda Calendula-Essenz, Flüssigkeit zur Anwendung auf der Haut",D
1164116,46354,"Weleda Calendula-Salbe, Creme",D
84059,55520,"Weleda Calendula-Spray, Spray zur Anwendung auf der Haut",D
32797,52468,"Weleda Erkältungssalbe, anthroposophisches Arzneimittel",D
1014212,53265,"Weleda Fieberbläschen-Salbe, Salbe",D
22549,18286,"Weleda Hämorrhoidal-Suppositorien, Zäpfchen",D
22550,24658,"Weleda Heilsalbe, Creme",D
1298365,65342,"Weleda Hustensirup, Sirup",D
22811,9232,"Weleda Schnupfencrème, anthroposophisches Arzneimittel",D
1407814,59976,"Weleda Stannum D 8/Succinum D 8 aa, Augentropfen",D
1613218,68531,"Welireg 40 mg, Filmtabletten",A
1075670,57803,"Wellbutrin XR 150 mg, Retardtabletten",B
1075669,57803,"Wellbutrin XR 300 mg, Retardtabletten",B
37813,53563,"Wellvone, Suspension",A
22998,32819,"Wiewohl, Flüssigkeit zur Anwendung auf der Haut und zum Gurgeln",D
1250481,56133,"Wilate 1000 I.E., Pulver und Lösungsmittel zur Herstellung einer Injektionslösung",B
1250480,56133,"Wilate 500 I.E., Pulver und Lösungsmittel zur Herstellung einer Injektionslösung",B
1501656,67900,"Wilentin 250 mg, Hartkapseln",B
1625001,69787,"Winrevair 45 mg, Pulver und Lösungsmittel zur Herstellung einer Injektionslösung",B
1625002,69787,"Winrevair 60 mg, Pulver und Lösungsmittel zur Herstellung einer Injektionslösung",B
1510525,67943,"Wobenzym, magensaftresistente Filmtabletten",D
23188,16598,W-Tropfen,D
1267725,13358,"Wundsalbe Widmer, Salbe",D
1559681,68917,"Wynzora 50 μg/g + 0.5 mg/g, Crème",B
1309293,65360,"Xadago 100 mg, compresse rivestite con film",B
1311047,65360,"Xadago 100 mg, compresse rivestite con film",B
1309292,65360,"Xadago 50 mg, compresse rivestite con film",B
1311046,65360,"Xadago 50 mg, compresse rivestite con film",B
95755,54720,"Xagrid 0,5 mg, Hartkapseln",B
103394,55612,"Xalacom, Augentropfen",B
50749,53675,"Xalatan, Augentropfen",B
1621309,69467,"Xalkori 150 mg, filmüberzogenes Granulat zum Einnehmen",A
1621307,69467,"Xalkori 20 mg, filmüberzogenes Granulat zum Einnehmen",A
1200946,62131,"Xalkori 200 mg, Hartkapseln",A
1200945,62131,"Xalkori 250 mg, Hartkapseln",A
1621308,69467,"Xalkori 50 mg, filmüberzogenes Granulat zum Einnehmen",A
1284858,65371,"Xaluprine 20 mg/ml, Suspenison zum Einnehmen",A
1103455,58786,"Xamiol, Gel",B
22003,43216,"Xanax 0,25 mg, Tabletten",B
22004,43216,"Xanax 0,5 mg, Tabletten",B
22005,43216,"Xanax 1 mg, Tabletten",B
22006,43216,"Xanax 2 mg, Tabletten",B
50667,52866,"Xanax retard 0,5 mg, Retardtabletten",B
50666,52866,"Xanax retard 1 mg, Retardtabletten",B
50665,52866,"Xanax retard 2 mg, Retardtabletten",B
50664,52866,"Xanax retard 3 mg, Retardtabletten",B
1111426,58728,"Xarelto 10mg, Filmtabletten",B
1207215,58728,"Xarelto 15mg, Filmtabletten",B
1207216,58728,"Xarelto 20mg, Filmtabletten",B
1475792,67701,"Xarelto junior, Granulat zur Herstellung einer Suspension zum Einnehmen",B
1478669,67701,"Xarelto junior, Granulat zur Herstellung einer Suspension zum Einnehmen",B
1403035,66872,"Xarelto vascular 2,5 mg, Filmtabletten",B
37810,50205,"Xatral 2,5 mg, comprimés pelliculés",B
83254,55188,"Xatral uno, comprimés retard",B
1243117,62630,"Xeljanz 10 mg, Filmtabletten",B
1234138,62630,"Xeljanz 5 mg, Filmtabletten",B
63691,54657,"Xeloda 150 mg, Filmtabletten",A
63692,54657,"Xeloda 500 mg, Filmtabletten",A
1105957,58375,"Xenazine, Tabletten",B
63067,53001,"Xenetix 300 mg, Injektionslösung",B
1628058,53001,"Xenetix 300 mg, Injektionslösung",B
1628059,53001,"Xenetix 300 mg, Injektionslösung",B
1628060,53001,"Xenetix 300 mg, Injektionslösung",B
1628061,53001,"Xenetix 300 mg, Injektionslösung",B
1628062,53001,"Xenetix 300 mg, Injektionslösung",B
1628063,53001,"Xenetix 300 mg, Injektionslösung",B
63068,53001,"Xenetix 350 mg, Injektionslösung",B
1628051,53001,"Xenetix 350 mg, Injektionslösung",B
1628053,53001,"Xenetix 350 mg, Injektionslösung",B
1628054,53001,"Xenetix 350 mg, Injektionslösung",B
1628055,53001,"Xenetix 350 mg, Injektionslösung",B
1628056,53001,"Xenetix 350 mg, Injektionslösung",B
1628057,53001,"Xenetix 350 mg, Injektionslösung",B
65354,54282,"Xenical, Kapseln",B
1560139,67287,"Xenpozyme 20 mg, poudre pour solution à diluer pour perfusion",A
1560138,67287,"Xenpozyme 4 mg, poudre pour solution à diluer pour perfusion",A
1235615,62080,"Xeomin 100 LD50-Einheiten, Pulver zur Herstellung einer Injektionslösung",A
1235614,62080,"Xeomin 50 LD50-Einheiten, Pulver zur Herstellung einer Injektionslösung",A
1169788,60466,"Xeplion 100 mg, Depot-Injektionssuspension in einer Fertigspritze",B
1169790,60466,"Xeplion 150 mg, Depot-Injektionssuspension in einer Fertigspritze",B
1169708,60466,"Xeplion 25 mg, Depot-Injektionssuspension in einer Fertigspritze",B
1169786,60466,"Xeplion 50 mg, Depot-Injektionssuspension in einer Fertigspritze",B
1169787,60466,"Xeplion 75 mg, Depot-Injektionssuspension in einer Fertigspritze",B
1384306,66374,"Xermelo 250 mg, Filmtabletten",B
1490427,68471,"Xevudy, Konzentrat zur Herstellung einer Infusionslösung",A
1195139,61865,"XGEVA 120 mg, Injektionslösung",A
1625556,69520,"XGEVA 120 mg/1 ml, Injektionslösung in einer Fertigspritze",A
1292134,63216,"Xifaxan 550 mg, Filmtabletten",B
1302792,65377,"Xigduo XR 10 mg / 1000 mg, Filmtabletten",B
1302790,65377,"Xigduo XR 10 mg / 500 mg, Filmtabletten",B
1302791,65377,"Xigduo XR 5 mg / 1000 mg, Filmtabletten",B
1302789,65377,"Xigduo XR 5 mg / 500 mg, Filmtabletten",B
1622155,69578,"Ximluci 10 mg/ml, Injektionslösung",B
1276715,62732,"Xofigo 1100 kBq/ml Ra-223-Dichlorid, Injektionslösung",A
1496406,68068,"Xofluza 2 mg / ml, Granulat zur Herstellung einer Suspension zum Einnehmen",B
1442084,67426,"Xofluza 40 mg, Filmtabletten",B
1511992,67426,"Xofluza 80 mg, Filmtabletten",B
1050220,57178,"Xolair 150 mg, Pulver und Lösungsmittel zur Herstellung einer Injektionslösung",B
1621403,69272,"Xolair 150 mg/1.0 ml, Injektionslösung in einem Fertigpen",B
1471130,68030,"Xolair 150 mg/1.0 ml, Injektionslösung in einer Fertigspritze",B
1621484,68030,"Xolair 150 mg/1.0 ml, Injektionslösung in einer Fertigspritze",B
1621485,68030,"Xolair 300 mg/2 ml, Injektionslösung in einer Fertigspritze",B
1621404,69272,"Xolair 300 mg/2.0 ml, Injektionslösung in einem Fertigpen",B
1471129,68030,"Xolair 75 mg/0.5 ml, Injektionslösung in einer Fertigspritze",B
1621483,68030,"Xolair 75 mg/0.5 ml, Injektionslösung in einer Fertigspritze",B
1442152,67643,"Xorox 30 mg/g, Augensalbe",A
1453588,67211,"Xospata 40 mg, Filmtabletten",A
1423891,67236,"Xtandi 40 mg, Filmtabletten",B
1308986,65041,"Xultophy Insulin Degludec 100 E/ml und Liraglutide 3.6 mg/ml, Injektionslösung",B
1314151,53815,"Xylazin Streuli ad us. vet., injektionslösung",B
22017,23706,"Xylesin 10 mg/ml, Injektionslösung",B
1452558,23706,"Xylesin 10 mg/ml, Injektionslösung",B
1452559,23706,"Xylesin 10 mg/ml, Injektionslösung",B
22018,23706,"Xylesin 20 mg/ml, Injektionslösung",B
1452560,23706,"Xylesin 20 mg/ml, Injektionslösung",B
1452561,23706,"Xylesin 20 mg/ml, Injektionslösung",B
1027375,23706,"Xylesin mit Konservans 10 mg/ml, Injektionslösung",B
1452649,23706,"Xylesin mit Konservans 10 mg/ml, Injektionslösung",B
1027376,23706,"Xylesin mit Konservans 20 mg/ml, Injektionslösung",B
22019,23706,"Xylesin mit Konservans 5 mg/ml, Injektionslösung",B
1452648,23706,"Xylesin mit Konservans 5 mg/ml, Injektionslösung",B
1449103,67973,"Xylo Dexpanthenol Spirig HC, Dosierspray",D
1485132,68563,"Xylo Zentiva 0.1% Nasenspray, Lösung",D
22021,52094,"Xylocain 20 mg/g, gel",B
22027,52097,"Xylocain, Spray",B
1506049,68892,"Xylofelan Plus, Nasenspray Lösung",D
1025024,57259,"Xylo-Mepha 0.05%, Nasenspray",D
1025025,57259,"Xylo-Mepha 0.1%, Nasenspray",D
1328278,65868,"Xylo-Mepha Plus, Nasenspray",D
1045537,57184,"Xyrem 500 mg/ml, Solution buvable",A
116319,55754,"Xyzal, Filmtabletten mit Bruchrille",B
124607,56711,"Xyzal, Tropfen",B
1512076,55497,"Yaldigo 1 g, Suppositorien",B
1421598,53108,"Yaldigo 1600 mg, magensaftresistente Tablette",B
1421596,53108,"Yaldigo 400 mg, magensaftresistente Tablette",B
1476521,55497,"Yaldigo 500 mg, Suppositorien",B
1421597,53108,"Yaldigo 800 mg, magensaftesistente Tablette",B
1249270,62786,"Yellox, Augentropfen",B
1190580,61798,"YERVOY 200 mg/40 ml, Konzentrat zur Herstellung einer Infusionslösung",A
1190579,61798,"YERVOY 50 mg/10 ml, Konzentrat zur Herstellung einer Infusionslösung",A
1135688,60066,"Yira 20, Filmtabletten",B
1135690,60073,"Yira 30, Filmtabletten",B
1117028,58734,"Yondelis 0.25 mg, Pulver für ein Konzentrat zur Herstellung einer Infusionslösung",A
1117030,58734,"Yondelis 1 mg, Pulver für ein Konzentrat zur Herstellung einer Infusionslösung",A
1506606,68514,"Yuflyma 40 mg, solution injectable en seringue préremplie avec protège-aiguille",B
1506605,68515,"Yuflyma 40 mg, solution injectable en stylo prérempli",B
1547525,68514,"Yuflyma 80 mg, solution injectable en seringue préremplie avec protège-aiguille",B
1547524,68515,"Yuflyma 80 mg, solution injectable en stylo prérempli",B
1626549,69446,"Yuvanci 10 mg/40 mg, Filmtabletten",B
1188894,62225,"Zabak, Augentropfen",B
82640,55342,"Zaditen Ophtha SDU, Augentropfen (Monodosen)",B
82638,55341,"Zaditen Ophtha, Augentropfen",B
1515526,68587,"Zafrilla 2 mg, Tabletten",B
115836,55811,"Zaldiar, Filmtabletten",A
1233368,62676,"Zaltrap 100 mg/4 ml, concentré pour solution pour perfusion",A
1233369,62676,"Zaltrap 200 mg/8 ml, concentré pour solution pour perfusion",A
1007482,54874,"Zanidip 10 mg, Filmtabletten",B
1007483,54874,"Zanidip 20 mg, Filmtabletten",B
1134179,59192,"Zanipress 10 mg/10 mg, Filmtabletten",B
1134180,59192,"Zanipress 10 mg/20 mg, Filmtabletten",B
1615287,69405,"Zarzio 30 MU/0,5 ml, Injektionslösung in einer Fertigspritze",A
1615288,69405,"Zarzio 30 MU/0,5 ml, Injektionslösung in einer Fertigspritze",A
1143076,60579,"Zarzio 30 MU/0.5 ml, Injektionslösung in einer Fertigspritze",A
1143077,60579,"Zarzio 48 MU/0.5 ml, Injektionslösung in einer Fertigspritze",A
29742,52256,"Zavedos 10 mg, Kapseln",A
29741,52256,"Zavedos 5 mg, Kapseln",A
67718,54670,"Zavedos Solution 10 mg, Konzentrat zur Herstellung einer Infusionslösung",A
67719,54670,"Zavedos Solution 20 mg, Konzentrat zur Herstellung einer Infusionslösung",A
1324810,54670,"Zavedos Solution 5 mg, Konzentrat zur Herstellung einer Infusionslösung",A
1010912,56898,"Zavesca, Kapseln",B
1380421,66890,"Zavicefta, Pulver für ein Konzentrat zur Herstellung einer Infusionslösung",A
1447955,67375,"Zebinix 200 mg, comprimés",B
1447956,67375,"Zebinix 800 mg, comprimés",B
1310918,63169,"Zeel comp., Tabletten",D
74888,54868,"Zeffix, Filmtabletten",A
75411,54869,"Zeffix, Lösung zum Einnehmen",A
1539521,68652,"Zejula 100 mg, Filmtabletten",A
1190690,62139,"Zelboraf 240mg, Filmtabletten",A
1122598,10523,"Zeller Balsam, Flüssigkeit zum Einnehmen und Gurgeln",D
1122422,9439,"Zeller Balsam, Salbe",D
1122344,35306,"Zeller Entspannung, Filmtabletten",D
1122434,46581,"Zeller Feigen mit Senna, Filmtabletten",D
1122435,9442,"Zeller Feigen mit Senna, Sirup",D
1122436,50351,"Zeller Herz und Nerven, Filmtabletten",D
1122437,10029,"Zeller Herz und Nerven, Tropfen",D
1374182,66889,"Zeller Heuschnupfen, Filmtabletten",D
1122438,18370,"Zeller Magen, Kautabletten",D
1007082,53661,"Zeller Schlaf forte, Filmtabletten",D
1047671,53661,"Zeller Schlaf, Filmtabletten",D
1498406,68866,"Zeller Wechseljahre forte, Tabletten",D
1498405,68866,"Zeller Wechseljahre, Tabletten",D
1088331,57989,"Zemplar 1 µg, Weichkapseln",B
1088329,57989,"Zemplar 2 µg, Weichkapseln",B
1011956,56312,"Zemplar 5 ug/1ml, Injektionslösung",B
1510526,68502,"Zenon 10 mg/10 mg, comprimés pelliculés",B
1510527,68502,"Zenon 20 mg/10 mg, comprimés pelliculés",B
1510528,68502,"Zenon 40 mg/10 mg, comprimés pelliculés",B
40444,49748,"Zentel, Kautabletten",B
40443,49749,"Zentel, Suspension zum Einnehmen",B
1630602,70026,"ZentiBilant, Tabletten",D
1555747,68964,"ZentiCalm, Gel",D
1333361,66298,"Zenzi Gynial 0.075 mg, Filmtabletten",B
1387365,66298,"Zenzi Gynial 0.075 mg, Filmtabletten",B
1449132,67046,"Zeposia 0.23 mg, Hartkapseln",B
1449133,67046,"Zeposia 0.92 mg, Hartkapseln",B
1541294,67729,"Zepzelca 4 mg, Pulver für ein Konzentrat zur Herstellung einer Infusionslösung",A
1318086,65472,"Zerbaxa 1.5 g, Pulver für ein Konzentrat zur Herstellung einer Infusionslösung",A
40676,51117,"Zestoretic mite, Tabletten",B
28884,51117,"Zestoretic, Tabletten",B
21772,49297,"Zestril 10 mg, Tabletten",B
21771,49297,"Zestril 20 mg, Tabletten",B
21773,49297,"Zestril 5 mg, Tabletten",B
77435,55048,"Ziagen, Filmtabletten",A
77436,55049,"Ziagen, Lösung zum Einnehmen",A
1414076,67569,"Ziextenzo 6 mg / 0.6 ml, Injektionslösung in Fertigspritzen",A
1624443,69066,"Zilbrysq 16,6 mg, solution pour injection en seringue pré-remplie",A
1624444,69066,"Zilbrysq 23 mg, solution pour injection en seringue pré-remplie",A
1624445,69066,"Zilbrysq 32,4 mg, solution pour injection en seringue pré-remplie",A
21919,41940,"Zinacef 1.5 g, Pulver zur Herstellung einer Injektions-/Infusionslösung",A
21918,41940,"Zinacef 750 mg, Pulver zur Herstellung einer Injektions-/Infusionslösung",A
21926,49460,"Zinat 250 mg, Filmtabletten",A
21925,49460,"Zinat 500 mg, Filmtabletten",A
21928,50882,"Zinat, Pulver zur Herstellung einer Suspension zum Einnehmen",A
107896,52532,"ZinCream Medinova, Cremepaste",D
1420980,52532,"ZinCream Medinova, Cremepaste",D
1187105,60178,"Zincum metallicum comp., Tropfen",D
1249271,62672,"Zinforo, Pulver für ein Konzentrat zur Herstellung einer Infusionslösung",A
1534349,55476,"Zink Biomed 10, Filmtabletten",D
1310050,55476,"Zink Biomed 20, Filmtabletten",B
21939,50233,"Zinkokehl D3, homöopathische Tropfen",D
91192,50234,"Zinkokehl D4, homöopathische Injektionslösung",B
1116053,59914,"Zinnober comp., Pulver zum Einnehmen",D
1370479,66344,"Zinplava, Konzentrat zur Herstellung einer Infusionslösung",A
21941,45015,"Zintona, Kapseln",D
1443959,67501,"Zirabev 100 mg/4 ml, Konzentrat zur Herstellung einer Infusionslösung",A
1443958,67501,"Zirabev 400 mg/16 ml, Konzentrat zur Herstellung einer Infusionslösung",A
32736,51999,"Zithromax 100 mg, Pulver zur Herstellung einer Suspension zum Einnehmen im Beutel",A
32733,53488,"Zithromax 250 mg, Filmtabletten",A
32738,51999,"Zithromax 300 mg, Pulver zur Herstellung einer Suspension zum Einnehmen im Beutel",A
1270239,53488,"Zithromax 500 mg, Filmtabletten",A
32740,51999,"Zithromax 500 mg, Pulver zur Herstellung einer Suspension zum Einnehmen im Beutel",A
32735,51352,"Zithromax, Pulver zur Herstellung einer Suspension zum Einnehmen",A
21950,49742,"Zocor 20 mg, Filmtabletten",B
21949,49742,"Zocor 40 mg, Filmtabletten",B
1212341,61355,"Zoely, Filmtabletten",B
26610,50710,"Zofran 4 mg, Filmtabletten",B
26608,50709,"Zofran 4 mg/2 mL, Infusionskonzentrat/Injektionslösung",B
26611,50710,"Zofran 8 mg, Filmtabletten",B
26609,50709,"Zofran 8 mg/4 mL, Infusionskonzentrat",B
67676,54157,"Zofran Zydis 4 mg, Schmelztabletten",B
69709,54157,"Zofran Zydis 8 mg, Schmelztabletten",B
1008249,53371,"Zoladex LA SafeSystem, Feststoffdepot",A
1008248,48159,"Zoladex SafeSystem, Feststoffdepot",A
1018360,56036,"Zoldorm, Filmtabletten",B
1216475,62481,"Zoledronat Fresenius Onco 4 mg/5 ml, Konzentrat zur Herstellung einer Infusionslösung",B
1235227,63012,"Zoledronat Onco Labatec 4 mg/5 ml, solution à diluer pour perfusion",B
1502416,62257,"Zoledronat OSTEO Labatec, solution pour perfusion",B
1203945,62626,"Zoledronat Osteo Sandoz 5 mg/100 ml, Infusionslösung",B
1363162,66341,"Zoledronat Osteo Spirig HC 5mg/100ml, Infusionslösung",B
1541743,62200,"Zoledronat-Teva onco 4 mg/5 ml, Konzentrat zur Herstellung einer Infusionslösung",B
1225459,62932,"Zoledronsäure Onco Sandoz 4 mg / 100 ml, Infusionslösung",B
1206753,62625,"Zoledronsäure Onco Sandoz 4 mg/5 ml, Infusionskonzentrat",B
1186550,61506,"Zolmitriptan Sandoz, Filmtabletten",B
1186551,61507,"Zolmitriptan Sandoz, Schmelztabletten",B
1253135,62789,"Zolmitriptan Spirig 2.5, Schmelztabletten",B
1253134,62790,"Zolmitriptan Spirig HC 2.5, Tabletten",B
1033516,52251,"Zoloft, Filmtabletten",B
95855,55391,"Zoloft, Konzentrat zur Herstellung einer Lösung zum Einnehmen",B
1183244,62247,"Zolpidem CR Zentiva 12.5 mg, Tabletten mit kontrollierter Wirkstoff-Freigabe",B
1183243,62247,"Zolpidem CR Zentiva 6,25 mg, Tabletten mit kontrollierter Wirkstoff-Freigabe",B
1346806,57056,"Zolpidem Spirig HC 10 mg, Filmtabletten",B
1074679,57053,"Zolpidem Streuli, Filmtabletten",B
1188627,51233,"Zolpidem Zentiva, teilbare Filmtabletten",B
1433249,57055,"Zolpidem-Mepha Teva 10, Lactab",B
126773,56257,"Zometa 4 mg/5 ml, Konzentrat zur Herstellung einer Infusionslösung",B
63140,54335,"Zomig 2,5 mg, Filmtabletten",B
1011913,56003,"Zomig nasal 2.5 mg, Nasalspray",B
1011914,56003,"Zomig nasal 5 mg, Nasalspray",B
94974,55264,"Zomig oro, Tabletten",B
1052876,57629,"Zonegran 100 mg, Kapseln",B
1052874,57629,"Zonegran 25 mg, Kapseln",B
1052875,57629,"Zonegran 50 mg, Kapseln",B
1491795,68405,"Zonisamid Sandoz 100 mg, Kapseln",B
1491793,68405,"Zonisamid Sandoz 25 mg, Kapseln",B
1491794,68405,"Zonisamid Sandoz 50 mg, Kapseln",B
1183523,62246,"Zopiclone Zentiva, Filmtabletten",B
21965,45343,"Zovirax 200 mg, Filmtabletten (suspendierbar)",A
21960,44772,"Zovirax i.v., Pulver zur Herstellung einer Infusionslösung",A
1488124,68022,"Zovirax Lip Duo, Creme",D
1076376,54241,"Zovirax Lip, Crème",D
21962,45705,"Zovirax, Crème",B
1277916,47431,"Zovirax, Suspension",A
1187343,61639,"Zutectra, Injektionslösung",B
82606,55263,"Zyban, Retardtabletten",A
1277836,63165,"Zyclara, Crème",A
1286155,65291,"Zydelig 100 mg, Filmtabletten",A
1286156,65291,"Zydelig 150 mg, Filmtabletten",A
1442958,67233,"Zykadia, Filmtabletten",A
21994,32917,"Zyloric 100, Tabletten",B
21993,32917,"Zyloric 300, Tabletten",B
1645535,70012,"ZYNYZ 500 mg/20 ml, solution à diluer pour perfusion",A
57431,53709,"Zyprexa 10 mg, comprimés enrobés",B
105962,53709,"Zyprexa 15 mg, comprimés enrobés",B
79621,53709,"Zyprexa 2,5 mg, comprimés enrobés",B
57430,53709,"Zyprexa 5 mg, comprimés enrobés",B
92579,55311,"Zyprexa Velotab 10 mg, comprimés orodispersibles",B
108212,55311,"Zyprexa Velotab 15 mg, comprimés orodispersibles",B
1006484,55311,"Zyprexa Velotab 20 mg, comprimés orodispersibles",B
92573,55311,"Zyprexa Velotab 5 mg, comprimés orodispersibles",B
1000948,55692,"Zyprexa, poudre pour solution injectable 5 mg/ml",B
21998,48143,"Zyrtec, Filmtabletten",B/D
21999,52700,"Zyrtec, Tropfen",B/D
1366186,66431,"Zytiga 500 mg, Filmtabletten",B
105323,55560,"Zyvoxid 2 mg/ml, Infusionslösung",A
105320,55559,"Zyvoxid 20 mg/ml, Granulat zur Herstellung einer Suspension zum Einnehmen",A
105314,55558,"Zyvoxid 600 mg, Filmtabletten",A
